model,seed,fold,cell_key,policy,true,pred,ape,signed_pct,log_resid,extrap_dist
C0,42,0,batch1-05,4.4C(80%)-4.4C,1074.0,764.6541701972205,28.803149888526953,-28.803149888526953,-0.14753921997924557,0.03198144045256601
C0,42,2,batch1-06,4.8C(80%)-4.8C,636.0,788.0000000000001,23.899371069182408,23.899371069182408,0.09306910184114159,0.0
C0,42,2,batch1-07,4.8C(80%)-4.8C,870.0,788.0000000000001,9.425287356321826,-9.425287356321826,-0.04299303512906327,0.0
C0,42,2,batch1-09,5.4C(40%)-3.6C,1054.0,788.0000000000001,25.23719165085388,-25.23719165085388,-0.1263143933869726,0.0
C0,42,4,batch1-11,5.4C(50%)-3C,788.0,847.9787733192377,7.611519456756052,7.611519456756052,0.03185876360477158,0.0
C0,42,3,batch1-14,5.4C(60%)-3C,880.0,788.0000000000001,10.45454545454544,-10.45454545454544,-0.04795645466061327,0.0
C0,42,3,batch1-15,5.4C(60%)-3C,719.0,788.0000000000001,9.596662030598068,9.596662030598068,0.03979732710667294,0.0
C0,42,1,batch1-18,5.4C(70%)-3C,691.0,718.9999999999998,4.052098408104164,4.052098408104164,0.017250843008683958,0.0
C0,42,1,batch1-19,5.4C(70%)-3C,788.0,718.9999999999998,8.756345177665004,-8.756345177665004,-0.03979732710667294,0.0
C0,42,4,batch1-20,5.4C(80%)-5.4C,534.0,847.9787733192377,58.7975230934902,58.7975230934902,0.20084372406577078,0.06581077380285683
C0,42,4,batch1-21,5.4C(80%)-5.4C,559.0,847.9787733192377,51.69566606784216,51.69566606784216,0.18097317320790385,0.08271017940103276
C0,42,1,batch1-24,6C(40%)-3C,1017.0,718.9999999999998,29.301868239921358,-29.301868239921358,-0.15059206253986224,0.0
C0,42,1,batch1-25,6C(40%)-3C,854.0,718.9999999999998,15.80796252927403,-15.80796252927403,-0.0747289803061224,0.0
C0,42,3,batch1-26,6C(40%)-3.6C,870.0,788.0000000000001,9.425287356321826,-9.425287356321826,-0.04299303512906327,0.0
C0,42,3,batch1-27,6C(40%)-3.6C,842.0,788.0000000000001,6.413301662707825,-6.413301662707825,-0.028785874010094137,0.0
C0,42,0,batch1-28,6C(50%)-3C,860.0,764.6541701972205,11.08672439567203,-11.08672439567203,-0.051033389859276745,0.0
C0,42,0,batch1-29,6C(50%)-3C,917.0,764.6541701972205,16.613503795286746,-16.613503795286746,-0.07890427428572977,0.0
C0,42,3,batch1-34,7C(30%)-3.6C,742.0,788.0000000000001,6.199460916442064,6.199460916442064,0.02612231221052852,0.0
C0,42,3,batch1-35,7C(30%)-3.6C,703.0,788.0000000000001,12.091038406827897,12.091038406827897,0.049570892469731564,0.0
C0,42,4,batch1-36,7C(40%)-3C,704.0,847.9787733192377,20.451530301028082,20.451530301028082,0.080812321952215,0.0
C0,42,4,batch1-37,7C(40%)-3C,648.0,847.9787733192377,30.86092180852433,30.86092180852433,0.11680997522373371,0.0
C0,42,0,batch1-38,7C(40%)-3.6C,617.0,764.6541701972205,23.930983824509,23.930983824509,0.09317989735104959,0.0
C0,42,0,batch1-39,7C(40%)-3.6C,625.0,764.6541701972205,22.344667231555285,22.344667231555285,0.08758504404021572,0.0
C0,42,1,batch1-40,8C(15%)-3.6C,966.0,718.9999999999998,25.569358178053854,-25.569358178053854,-0.12824823603261093,0.0
C0,42,1,batch1-41,8C(15%)-3.6C,1051.0,718.9999999999998,31.58896289248337,-31.58896289248337,-0.16487382564535968,0.0
C0,42,2,batch1-42,8C(25%)-3.6C,702.0,788.0000000000001,12.250712250712267,12.250712250712267,0.0501891053597503,0.0
C0,42,2,batch1-43,8C(25%)-3.6C,651.0,788.0000000000001,21.04454685099848,21.04454685099848,0.08294522892136325,0.0
C0,43,4,batch1-05,4.4C(80%)-4.4C,1074.0,764.6541701972205,28.803149888526953,-28.803149888526953,-0.14753921997924557,0.03198144045256601
C0,43,4,batch1-06,4.8C(80%)-4.8C,636.0,764.6541701972205,20.228643112770524,20.228643112770524,0.08000794573587733,0.0
C0,43,4,batch1-07,4.8C(80%)-4.8C,870.0,764.6541701972205,12.108716069284995,-12.108716069284995,-0.05605419123432753,0.0
C0,43,1,batch1-09,5.4C(40%)-3.6C,1054.0,814.5526379553386,22.717966038392923,-22.717966038392923,-0.1119214563819253,0.0
C0,43,2,batch1-11,5.4C(50%)-3C,788.0,764.6541701972205,2.9626687566979015,-2.9626687566979015,-0.01306115610526426,0.0
C0,43,4,batch1-14,5.4C(60%)-3C,880.0,764.6541701972205,13.107480659406756,-13.107480659406756,-0.06101761076587753,0.0
C0,43,4,batch1-15,5.4C(60%)-3C,719.0,764.6541701972205,6.3496759662337325,6.3496759662337325,0.026736171001408682,0.0
C0,43,3,batch1-18,5.4C(70%)-3C,691.0,788.0000000000001,14.03762662807527,14.03762662807527,0.0570481701153569,0.0
C0,43,3,batch1-19,5.4C(70%)-3C,788.0,788.0000000000001,1.442726367025584e-14,1.442726367025584e-14,0.0,0.0
C0,43,1,batch1-20,5.4C(80%)-5.4C,534.0,814.5526379553386,52.53794718264767,52.53794718264767,0.1833778974660465,0.06581077380285683
C0,43,1,batch1-21,5.4C(80%)-5.4C,559.0,814.5526379553386,45.71603541240404,45.71603541240404,0.16350734660817956,0.08271017940103276
C0,43,2,batch1-24,6C(40%)-3C,1017.0,764.6541701972205,24.812765958975366,-24.812765958975366,-0.12385589153845356,0.0
C0,43,2,batch1-25,6C(40%)-3C,854.0,764.6541701972205,10.462040960512818,-10.462040960512818,-0.047992809304713724,0.0
C0,43,0,batch1-26,6C(40%)-3.6C,870.0,741.9999999999997,14.712643678160958,-14.712643678160958,-0.06911534733959179,0.0
C0,43,0,batch1-27,6C(40%)-3.6C,842.0,741.9999999999997,11.876484560570113,-11.876484560570113,-0.05490818622062266,0.0
C0,43,0,batch1-28,6C(50%)-3C,860.0,741.9999999999997,13.720930232558178,-13.720930232558178,-0.064094545964541,0.0
C0,43,0,batch1-29,6C(50%)-3C,917.0,741.9999999999997,19.08396946564889,-19.08396946564889,-0.09196543039099403,0.0
C0,43,3,batch1-34,7C(30%)-3.6C,742.0,788.0000000000001,6.199460916442064,6.199460916442064,0.02612231221052852,0.0
C0,43,3,batch1-35,7C(30%)-3.6C,703.0,788.0000000000001,12.091038406827897,12.091038406827897,0.049570892469731564,0.0
C0,43,2,batch1-36,7C(40%)-3C,704.0,764.6541701972205,8.615649175741554,8.615649175741554,0.035892402242179156,0.0
C0,43,2,batch1-37,7C(40%)-3C,648.0,764.6541701972205,18.00218675883033,18.00218675883033,0.07189005551369787,0.0
C0,43,0,batch1-38,7C(40%)-3.6C,617.0,741.9999999999997,20.259319286871904,20.259319286871904,0.08011874124578533,0.0
C0,43,0,batch1-39,7C(40%)-3.6C,625.0,741.9999999999997,18.719999999999946,18.719999999999946,0.07452388793495146,0.0
C0,43,3,batch1-40,8C(15%)-3.6C,966.0,788.0000000000001,18.426501035196676,-18.426501035196676,-0.08845090892593799,0.0
C0,43,3,batch1-41,8C(15%)-3.6C,1051.0,788.0000000000001,25.023786869647946,-25.023786869647946,-0.12507649853868674,0.0
C0,43,1,batch1-42,8C(25%)-3.6C,702.0,814.5526379553386,16.033139309877292,16.033139309877292,0.06458204236479759,0.0
C0,43,1,batch1-43,8C(25%)-3.6C,651.0,814.5526379553386,25.123293080697174,25.123293080697174,0.09733816592641054,0.0
C0,44,3,batch1-05,4.4C(80%)-4.4C,1074.0,764.6541701972205,28.803149888526953,-28.803149888526953,-0.14753921997924557,0.03198144045256601
C0,44,4,batch1-06,4.8C(80%)-4.8C,636.0,764.6541701972205,20.228643112770524,20.228643112770524,0.08000794573587733,0.0
C0,44,4,batch1-07,4.8C(80%)-4.8C,870.0,764.6541701972205,12.108716069284995,-12.108716069284995,-0.05605419123432753,0.0
C0,44,2,batch1-09,5.4C(40%)-3.6C,1054.0,814.5526379553386,22.717966038392923,-22.717966038392923,-0.1119214563819253,0.0
C0,44,4,batch1-11,5.4C(50%)-3C,788.0,764.6541701972205,2.9626687566979015,-2.9626687566979015,-0.01306115610526426,0.0
C0,44,4,batch1-14,5.4C(60%)-3C,880.0,764.6541701972205,13.107480659406756,-13.107480659406756,-0.06101761076587753,0.0
C0,44,4,batch1-15,5.4C(60%)-3C,719.0,764.6541701972205,6.3496759662337325,6.3496759662337325,0.026736171001408682,0.0
C0,44,0,batch1-18,5.4C(70%)-3C,691.0,788.0000000000001,14.03762662807527,14.03762662807527,0.0570481701153569,0.0
C0,44,0,batch1-19,5.4C(70%)-3C,788.0,788.0000000000001,1.442726367025584e-14,1.442726367025584e-14,0.0,0.0
C0,44,0,batch1-20,5.4C(80%)-5.4C,534.0,788.0000000000001,47.56554307116107,47.56554307116107,0.1689849604609992,0.06581077380285683
C0,44,0,batch1-21,5.4C(80%)-5.4C,559.0,788.0000000000001,40.96601073345261,40.96601073345261,0.14911440960313227,0.08271017940103276
C0,44,0,batch1-24,6C(40%)-3C,1017.0,788.0000000000001,22.517207472959676,-22.517207472959676,-0.1107947354331893,0.0
C0,44,0,batch1-25,6C(40%)-3C,854.0,788.0000000000001,7.728337236533944,-7.728337236533944,-0.034931653199449464,0.0
C0,44,1,batch1-26,6C(40%)-3.6C,870.0,741.9999999999997,14.712643678160958,-14.712643678160958,-0.06911534733959179,0.0
C0,44,1,batch1-27,6C(40%)-3.6C,842.0,741.9999999999997,11.876484560570113,-11.876484560570113,-0.05490818622062266,0.0
C0,44,1,batch1-28,6C(50%)-3C,860.0,741.9999999999997,13.720930232558178,-13.720930232558178,-0.064094545964541,0.0
C0,44,1,batch1-29,6C(50%)-3C,917.0,741.9999999999997,19.08396946564889,-19.08396946564889,-0.09196543039099403,0.0
C0,44,2,batch1-34,7C(30%)-3.6C,742.0,814.5526379553386,9.777983551932422,9.777983551932422,0.04051524921557581,0.0
C0,44,2,batch1-35,7C(30%)-3.6C,703.0,814.5526379553386,15.868085057658405,15.868085057658405,0.06396382947477885,0.0
C0,44,1,batch1-36,7C(40%)-3C,704.0,741.9999999999997,5.3977272727272245,5.3977272727272245,0.022831246136914896,0.0
C0,44,1,batch1-37,7C(40%)-3C,648.0,741.9999999999997,14.506172839506121,14.506172839506121,0.05882889940843361,0.0
C0,44,3,batch1-38,7C(40%)-3.6C,617.0,764.6541701972205,23.930983824509,23.930983824509,0.09317989735104959,0.0
C0,44,3,batch1-39,7C(40%)-3.6C,625.0,764.6541701972205,22.344667231555285,22.344667231555285,0.08758504404021572,0.0
C0,44,3,batch1-40,8C(15%)-3.6C,966.0,764.6541701972205,20.8432536027722,-20.8432536027722,-0.10151206503120225,0.0
C0,44,3,batch1-41,8C(15%)-3.6C,1051.0,764.6541701972205,27.24508371101612,-27.24508371101612,-0.138137654643951,0.0
C0,44,2,batch1-42,8C(25%)-3.6C,702.0,814.5526379553386,16.033139309877292,16.033139309877292,0.06458204236479759,0.0
C0,44,2,batch1-43,8C(25%)-3.6C,651.0,814.5526379553386,25.123293080697174,25.123293080697174,0.09733816592641054,0.0
C0,45,3,batch1-05,4.4C(80%)-4.4C,1074.0,730.4094741992324,31.99166906897278,-31.99166906897278,-0.16743788353258227,0.03198144045256601
C0,45,2,batch1-06,4.8C(80%)-4.8C,636.0,788.0000000000001,23.899371069182408,23.899371069182408,0.09306910184114159,0.0
C0,45,2,batch1-07,4.8C(80%)-4.8C,870.0,788.0000000000001,9.425287356321826,-9.425287356321826,-0.04299303512906327,0.0
C0,45,1,batch1-09,5.4C(40%)-3.6C,1054.0,752.7097714258792,28.58541068065662,-28.58541068065662,-0.14621305694030928,0.0
C0,45,4,batch1-11,5.4C(50%)-3C,788.0,847.9787733192377,7.611519456756052,7.611519456756052,0.03185876360477158,0.0
C0,45,2,batch1-14,5.4C(60%)-3C,880.0,788.0000000000001,10.45454545454544,-10.45454545454544,-0.04795645466061327,0.0
C0,45,2,batch1-15,5.4C(60%)-3C,719.0,788.0000000000001,9.596662030598068,9.596662030598068,0.03979732710667294,0.0
C0,45,3,batch1-18,5.4C(70%)-3C,691.0,730.4094741992324,5.703252416676174,5.703252416676174,0.024088350456755947,0.0
C0,45,3,batch1-19,5.4C(70%)-3C,788.0,730.4094741992324,7.308442360503507,-7.308442360503507,-0.03295981965860095,0.0
C0,45,0,batch1-20,5.4C(80%)-5.4C,534.0,741.9999999999997,38.95131086142315,38.95131086142315,0.14286264825047068,0.06581077380285683
C0,45,0,batch1-21,5.4C(80%)-5.4C,559.0,741.9999999999997,32.737030411448956,32.737030411448956,0.12299209739260375,0.08271017940103276
C0,45,0,batch1-24,6C(40%)-3C,1017.0,741.9999999999997,27.040314650934157,-27.040314650934157,-0.13691704764371782,0.0
C0,45,0,batch1-25,6C(40%)-3C,854.0,741.9999999999997,13.114754098360695,-13.114754098360695,-0.061053965409977984,0.0
C0,45,1,batch1-26,6C(40%)-3.6C,870.0,752.7097714258792,13.481635468289744,-13.481635468289744,-0.06289169868239997,0.0
C0,45,1,batch1-27,6C(40%)-3.6C,842.0,752.7097714258792,10.604540210703178,-10.604540210703178,-0.04868453756343083,0.0
C0,45,0,batch1-28,6C(50%)-3C,860.0,741.9999999999997,13.720930232558178,-13.720930232558178,-0.064094545964541,0.0
C0,45,0,batch1-29,6C(50%)-3C,917.0,741.9999999999997,19.08396946564889,-19.08396946564889,-0.09196543039099403,0.0
C0,45,1,batch1-34,7C(30%)-3.6C,742.0,752.7097714258792,1.4433654212775255,1.4433654212775255,0.006223648657191827,0.0
C0,45,1,batch1-35,7C(30%)-3.6C,703.0,752.7097714258792,7.0710912412346,7.0710912412346,0.02967222891639487,0.0
C0,45,4,batch1-36,7C(40%)-3C,704.0,847.9787733192377,20.451530301028082,20.451530301028082,0.080812321952215,0.0
C0,45,4,batch1-37,7C(40%)-3C,648.0,847.9787733192377,30.86092180852433,30.86092180852433,0.11680997522373371,0.0
C0,45,4,batch1-38,7C(40%)-3.6C,617.0,847.9787733192377,37.43578173731567,37.43578173731567,0.13809981706108543,0.0
C0,45,4,batch1-39,7C(40%)-3.6C,625.0,847.9787733192377,35.67660373107803,35.67660373107803,0.13250496375025156,0.0
C0,45,3,batch1-40,8C(15%)-3.6C,966.0,730.4094741992324,24.388253188485262,-24.388253188485262,-0.12141072858453894,0.0
C0,45,3,batch1-41,8C(15%)-3.6C,1051.0,730.4094741992324,30.503380190367995,-30.503380190367995,-0.1580363181972877,0.0
C0,45,2,batch1-42,8C(25%)-3.6C,702.0,788.0000000000001,12.250712250712267,12.250712250712267,0.0501891053597503,0.0
C0,45,2,batch1-43,8C(25%)-3.6C,651.0,788.0000000000001,21.04454685099848,21.04454685099848,0.08294522892136325,0.0
C0,46,1,batch1-05,4.4C(80%)-4.4C,1074.0,764.6541701972205,28.803149888526953,-28.803149888526953,-0.14753921997924557,0.03198144045256601
C0,46,0,batch1-06,4.8C(80%)-4.8C,636.0,842.0000000000001,32.38993710691826,32.38993710691826,0.12185497585123573,0.0
C0,46,0,batch1-07,4.8C(80%)-4.8C,870.0,842.0000000000001,3.218390804597688,-3.218390804597688,-0.014207161118969136,0.0
C0,46,2,batch1-09,5.4C(40%)-3.6C,1054.0,764.6541701972205,27.452166015443975,-27.452166015443975,-0.13937554949223685,0.0
C0,46,3,batch1-11,5.4C(50%)-3C,788.0,814.5526379553386,3.3696241060074343,3.3696241060074343,0.01439293700504729,0.0
C0,46,3,batch1-14,5.4C(60%)-3C,880.0,814.5526379553386,7.437200232347889,-7.437200232347889,-0.03356351765556598,0.0
C0,46,3,batch1-15,5.4C(60%)-3C,719.0,814.5526379553386,13.289657573760582,13.289657573760582,0.05419026411172023,0.0
C0,46,4,batch1-18,5.4C(70%)-3C,691.0,718.9999999999998,4.052098408104164,4.052098408104164,0.017250843008683958,0.0
C0,46,4,batch1-19,5.4C(70%)-3C,788.0,718.9999999999998,8.756345177665004,-8.756345177665004,-0.03979732710667294,0.0
C0,46,0,batch1-20,5.4C(80%)-5.4C,534.0,842.0000000000001,57.677902621722865,57.677902621722865,0.19777083447109334,0.06581077380285683
C0,46,0,batch1-21,5.4C(80%)-5.4C,559.0,842.0000000000001,50.62611806797855,50.62611806797855,0.1779002836132264,0.08271017940103276
C0,46,4,batch1-24,6C(40%)-3C,1017.0,718.9999999999998,29.301868239921358,-29.301868239921358,-0.15059206253986224,0.0
C0,46,4,batch1-25,6C(40%)-3C,854.0,718.9999999999998,15.80796252927403,-15.80796252927403,-0.0747289803061224,0.0
C0,46,1,batch1-26,6C(40%)-3.6C,870.0,764.6541701972205,12.108716069284995,-12.108716069284995,-0.05605419123432753,0.0
C0,46,1,batch1-27,6C(40%)-3.6C,842.0,764.6541701972205,9.185965534771908,-9.185965534771908,-0.0418470301153584,0.0
C0,46,2,batch1-28,6C(50%)-3C,860.0,764.6541701972205,11.08672439567203,-11.08672439567203,-0.051033389859276745,0.0
C0,46,2,batch1-29,6C(50%)-3C,917.0,764.6541701972205,16.613503795286746,-16.613503795286746,-0.07890427428572977,0.0
C0,46,3,batch1-34,7C(30%)-3.6C,742.0,814.5526379553386,9.777983551932422,9.777983551932422,0.04051524921557581,0.0
C0,46,3,batch1-35,7C(30%)-3.6C,703.0,814.5526379553386,15.868085057658405,15.868085057658405,0.06396382947477885,0.0
C0,46,0,batch1-36,7C(40%)-3C,704.0,842.0000000000001,19.602272727272744,19.602272727272744,0.07773943235753755,0.0
C0,46,0,batch1-37,7C(40%)-3C,648.0,842.0000000000001,29.938271604938286,29.938271604938286,0.11373708562905627,0.0
C0,46,1,batch1-38,7C(40%)-3.6C,617.0,764.6541701972205,23.930983824509,23.930983824509,0.09317989735104959,0.0
C0,46,1,batch1-39,7C(40%)-3.6C,625.0,764.6541701972205,22.344667231555285,22.344667231555285,0.08758504404021572,0.0
C0,46,4,batch1-40,8C(15%)-3.6C,966.0,718.9999999999998,25.569358178053854,-25.569358178053854,-0.12824823603261093,0.0
C0,46,4,batch1-41,8C(15%)-3.6C,1051.0,718.9999999999998,31.58896289248337,-31.58896289248337,-0.16487382564535968,0.0
C0,46,2,batch1-42,8C(25%)-3.6C,702.0,764.6541701972205,8.925095469689536,8.925095469689536,0.03712794925448604,0.0
C0,46,2,batch1-43,8C(25%)-3.6C,651.0,764.6541701972205,17.458397879757378,17.458397879757378,0.06988407281609899,0.0
C0,47,2,batch1-05,4.4C(80%)-4.4C,1074.0,764.6541701972205,28.803149888526953,-28.803149888526953,-0.14753921997924557,0.03198144045256601
C0,47,1,batch1-06,4.8C(80%)-4.8C,636.0,788.0000000000001,23.899371069182408,23.899371069182408,0.09306910184114159,0.0
C0,47,1,batch1-07,4.8C(80%)-4.8C,870.0,788.0000000000001,9.425287356321826,-9.425287356321826,-0.04299303512906327,0.0
C0,47,0,batch1-09,5.4C(40%)-3.6C,1054.0,764.6541701972205,27.452166015443975,-27.452166015443975,-0.13937554949223685,0.0
C0,47,3,batch1-11,5.4C(50%)-3C,788.0,764.6541701972205,2.9626687566979015,-2.9626687566979015,-0.01306115610526426,0.0
C0,47,0,batch1-14,5.4C(60%)-3C,880.0,764.6541701972205,13.107480659406756,-13.107480659406756,-0.06101761076587753,0.0
C0,47,0,batch1-15,5.4C(60%)-3C,719.0,764.6541701972205,6.3496759662337325,6.3496759662337325,0.026736171001408682,0.0
C0,47,0,batch1-18,5.4C(70%)-3C,691.0,764.6541701972205,10.659069493085461,10.659069493085461,0.04398701401009264,0.0
C0,47,0,batch1-19,5.4C(70%)-3C,788.0,764.6541701972205,2.9626687566979015,-2.9626687566979015,-0.01306115610526426,0.0
C0,47,4,batch1-20,5.4C(80%)-5.4C,534.0,788.0000000000001,47.56554307116107,47.56554307116107,0.1689849604609992,0.06581077380285683
C0,47,4,batch1-21,5.4C(80%)-5.4C,559.0,788.0000000000001,40.96601073345261,40.96601073345261,0.14911440960313227,0.08271017940103276
C0,47,3,batch1-24,6C(40%)-3C,1017.0,764.6541701972205,24.812765958975366,-24.812765958975366,-0.12385589153845356,0.0
C0,47,3,batch1-25,6C(40%)-3C,854.0,764.6541701972205,10.462040960512818,-10.462040960512818,-0.047992809304713724,0.0
C0,47,4,batch1-26,6C(40%)-3.6C,870.0,788.0000000000001,9.425287356321826,-9.425287356321826,-0.04299303512906327,0.0
C0,47,4,batch1-27,6C(40%)-3.6C,842.0,788.0000000000001,6.413301662707825,-6.413301662707825,-0.028785874010094137,0.0
C0,47,2,batch1-28,6C(50%)-3C,860.0,764.6541701972205,11.08672439567203,-11.08672439567203,-0.051033389859276745,0.0
C0,47,2,batch1-29,6C(50%)-3C,917.0,764.6541701972205,16.613503795286746,-16.613503795286746,-0.07890427428572977,0.0
C0,47,1,batch1-34,7C(30%)-3.6C,742.0,788.0000000000001,6.199460916442064,6.199460916442064,0.02612231221052852,0.0
C0,47,1,batch1-35,7C(30%)-3.6C,703.0,788.0000000000001,12.091038406827897,12.091038406827897,0.049570892469731564,0.0
C0,47,2,batch1-36,7C(40%)-3C,704.0,764.6541701972205,8.615649175741554,8.615649175741554,0.035892402242179156,0.0
C0,47,2,batch1-37,7C(40%)-3C,648.0,764.6541701972205,18.00218675883033,18.00218675883033,0.07189005551369787,0.0
C0,47,3,batch1-38,7C(40%)-3.6C,617.0,764.6541701972205,23.930983824509,23.930983824509,0.09317989735104959,0.0
C0,47,3,batch1-39,7C(40%)-3.6C,625.0,764.6541701972205,22.344667231555285,22.344667231555285,0.08758504404021572,0.0
C0,47,1,batch1-40,8C(15%)-3.6C,966.0,788.0000000000001,18.426501035196676,-18.426501035196676,-0.08845090892593799,0.0
C0,47,1,batch1-41,8C(15%)-3.6C,1051.0,788.0000000000001,25.023786869647946,-25.023786869647946,-0.12507649853868674,0.0
C0,47,4,batch1-42,8C(25%)-3.6C,702.0,788.0000000000001,12.250712250712267,12.250712250712267,0.0501891053597503,0.0
C0,47,4,batch1-43,8C(25%)-3.6C,651.0,788.0000000000001,21.04454685099848,21.04454685099848,0.08294522892136325,0.0
C0,48,4,batch1-05,4.4C(80%)-4.4C,1074.0,741.9999999999997,30.912476722532624,-30.912476722532624,-0.16060037608450983,0.10736402753360164
C0,48,4,batch1-06,4.8C(80%)-4.8C,636.0,741.9999999999997,16.666666666666615,16.666666666666615,0.06694678963061307,0.0
C0,48,4,batch1-07,4.8C(80%)-4.8C,870.0,741.9999999999997,14.712643678160958,-14.712643678160958,-0.06911534733959179,0.0
C0,48,2,batch1-09,5.4C(40%)-3.6C,1054.0,764.6541701972205,27.452166015443975,-27.452166015443975,-0.13937554949223685,0.0
C0,48,4,batch1-11,5.4C(50%)-3C,788.0,741.9999999999997,5.837563451776693,-5.837563451776693,-0.02612231221052852,0.07538258708103562
C0,48,3,batch1-14,5.4C(60%)-3C,880.0,842.0000000000001,4.318181818181805,-4.318181818181805,-0.01917058065051913,0.0
C0,48,3,batch1-15,5.4C(60%)-3C,719.0,842.0000000000001,17.107093184979153,17.107093184979153,0.06858320111676708,0.0
C0,48,1,batch1-18,5.4C(70%)-3C,691.0,788.0000000000001,14.03762662807527,14.03762662807527,0.0570481701153569,0.0
C0,48,1,batch1-19,5.4C(70%)-3C,788.0,788.0000000000001,1.442726367025584e-14,1.442726367025584e-14,0.0,0.0
C0,48,2,batch1-20,5.4C(80%)-5.4C,534.0,764.6541701972205,43.19366483094018,43.19366483094018,0.15592380435573494,0.06581077380285683
C0,48,2,batch1-21,5.4C(80%)-5.4C,559.0,764.6541701972205,36.78965477588918,36.78965477588918,0.136053253497868,0.08271017940103276
C0,48,2,batch1-24,6C(40%)-3C,1017.0,764.6541701972205,24.812765958975366,-24.812765958975366,-0.12385589153845356,0.0
C0,48,2,batch1-25,6C(40%)-3C,854.0,764.6541701972205,10.462040960512818,-10.462040960512818,-0.047992809304713724,0.0
C0,48,0,batch1-26,6C(40%)-3.6C,870.0,741.9999999999997,14.712643678160958,-14.712643678160958,-0.06911534733959179,0.0
C0,48,0,batch1-27,6C(40%)-3.6C,842.0,741.9999999999997,11.876484560570113,-11.876484560570113,-0.05490818622062266,0.0
C0,48,1,batch1-28,6C(50%)-3C,860.0,788.0000000000001,8.372093023255802,-8.372093023255802,-0.037972233754012485,0.0
C0,48,1,batch1-29,6C(50%)-3C,917.0,788.0000000000001,14.06761177753543,-14.06761177753543,-0.06584311818046551,0.0
C0,48,3,batch1-34,7C(30%)-3.6C,742.0,842.0000000000001,13.477088948787078,13.477088948787078,0.05490818622062266,0.0
C0,48,3,batch1-35,7C(30%)-3.6C,703.0,842.0000000000001,19.772403982930314,19.772403982930314,0.0783567664798257,0.0
C0,48,0,batch1-36,7C(40%)-3C,704.0,741.9999999999997,5.3977272727272245,5.3977272727272245,0.022831246136914896,0.0
C0,48,0,batch1-37,7C(40%)-3C,648.0,741.9999999999997,14.506172839506121,14.506172839506121,0.05882889940843361,0.0
C0,48,1,batch1-38,7C(40%)-3.6C,617.0,788.0000000000001,27.71474878444086,27.71474878444086,0.10624105345631385,0.0
C0,48,1,batch1-39,7C(40%)-3.6C,625.0,788.0000000000001,26.08000000000002,26.08000000000002,0.10064620014547998,0.0
C0,48,0,batch1-40,8C(15%)-3.6C,966.0,741.9999999999997,23.188405797101485,-23.188405797101485,-0.11457322113646651,0.0
C0,48,0,batch1-41,8C(15%)-3.6C,1051.0,741.9999999999997,29.400570884871584,-29.400570884871584,-0.15119881074921526,0.0
C0,48,3,batch1-42,8C(25%)-3.6C,702.0,842.0000000000001,19.94301994301996,19.94301994301996,0.07897497936984443,0.0
C0,48,3,batch1-43,8C(25%)-3.6C,651.0,842.0000000000001,29.33947772657452,29.33947772657452,0.11173110293145738,0.0
C0,49,0,batch1-05,4.4C(80%)-4.4C,1074.0,788.0000000000001,26.629422718808183,-26.629422718808183,-0.1344780638739813,0.10736402753360164
C0,49,1,batch1-06,4.8C(80%)-4.8C,636.0,788.0000000000001,23.899371069182408,23.899371069182408,0.09306910184114159,0.0
C0,49,1,batch1-07,4.8C(80%)-4.8C,870.0,788.0000000000001,9.425287356321826,-9.425287356321826,-0.04299303512906327,0.0
C0,49,2,batch1-09,5.4C(40%)-3.6C,1054.0,764.6541701972205,27.452166015443975,-27.452166015443975,-0.13937554949223685,0.0
C0,49,0,batch1-11,5.4C(50%)-3C,788.0,788.0000000000001,1.442726367025584e-14,1.442726367025584e-14,0.0,0.07538258708103562
C0,49,3,batch1-14,5.4C(60%)-3C,880.0,842.0000000000001,4.318181818181805,-4.318181818181805,-0.01917058065051913,0.0
C0,49,3,batch1-15,5.4C(60%)-3C,719.0,842.0000000000001,17.107093184979153,17.107093184979153,0.06858320111676708,0.0
C0,49,3,batch1-18,5.4C(70%)-3C,691.0,842.0000000000001,21.852387843704793,21.852387843704793,0.08583404412545104,0.0
C0,49,3,batch1-19,5.4C(70%)-3C,788.0,842.0000000000001,6.852791878172604,6.852791878172604,0.028785874010094137,0.0
C0,49,3,batch1-20,5.4C(80%)-5.4C,534.0,842.0000000000001,57.677902621722865,57.677902621722865,0.19777083447109334,0.06581077380285683
C0,49,3,batch1-21,5.4C(80%)-5.4C,559.0,842.0000000000001,50.62611806797855,50.62611806797855,0.1779002836132264,0.08271017940103276
C0,49,4,batch1-24,6C(40%)-3C,1017.0,718.9999999999998,29.301868239921358,-29.301868239921358,-0.15059206253986224,0.0
C0,49,4,batch1-25,6C(40%)-3C,854.0,718.9999999999998,15.80796252927403,-15.80796252927403,-0.0747289803061224,0.0
C0,49,1,batch1-26,6C(40%)-3.6C,870.0,788.0000000000001,9.425287356321826,-9.425287356321826,-0.04299303512906327,0.0
C0,49,1,batch1-27,6C(40%)-3.6C,842.0,788.0000000000001,6.413301662707825,-6.413301662707825,-0.028785874010094137,0.0
C0,49,2,batch1-28,6C(50%)-3C,860.0,764.6541701972205,11.08672439567203,-11.08672439567203,-0.051033389859276745,0.0
C0,49,2,batch1-29,6C(50%)-3C,917.0,764.6541701972205,16.613503795286746,-16.613503795286746,-0.07890427428572977,0.0
C0,49,4,batch1-34,7C(30%)-3.6C,742.0,718.9999999999998,3.099730458221055,-3.099730458221055,-0.013675014896144422,0.0
C0,49,4,batch1-35,7C(30%)-3.6C,703.0,718.9999999999998,2.27596017069698,2.27596017069698,0.009773565363058623,0.0
C0,49,0,batch1-36,7C(40%)-3C,704.0,788.0000000000001,11.931818181818198,11.931818181818198,0.048953558347443415,0.0
C0,49,0,batch1-37,7C(40%)-3C,648.0,788.0000000000001,21.604938271604958,21.604938271604958,0.08495121161896213,0.0
C0,49,2,batch1-38,7C(40%)-3.6C,617.0,764.6541701972205,23.930983824509,23.930983824509,0.09317989735104959,0.0
C0,49,2,batch1-39,7C(40%)-3.6C,625.0,764.6541701972205,22.344667231555285,22.344667231555285,0.08758504404021572,0.0
C0,49,4,batch1-40,8C(15%)-3.6C,966.0,718.9999999999998,25.569358178053854,-25.569358178053854,-0.12824823603261093,0.0
C0,49,4,batch1-41,8C(15%)-3.6C,1051.0,718.9999999999998,31.58896289248337,-31.58896289248337,-0.16487382564535968,0.0
C0,49,1,batch1-42,8C(25%)-3.6C,702.0,788.0000000000001,12.250712250712267,12.250712250712267,0.0501891053597503,0.0
C0,49,1,batch1-43,8C(25%)-3.6C,651.0,788.0000000000001,21.04454685099848,21.04454685099848,0.08294522892136325,0.0
C0,50,4,batch1-05,4.4C(80%)-4.4C,1074.0,814.5526379553386,24.15711006002434,-24.15711006002434,-0.12008512686893402,0.03198144045256601
C0,50,3,batch1-06,4.8C(80%)-4.8C,636.0,788.0000000000001,23.899371069182408,23.899371069182408,0.09306910184114159,0.0
C0,50,3,batch1-07,4.8C(80%)-4.8C,870.0,788.0000000000001,9.425287356321826,-9.425287356321826,-0.04299303512906327,0.0
C0,50,1,batch1-09,5.4C(40%)-3.6C,1054.0,718.9999999999998,31.78368121442127,-31.78368121442127,-0.16611172049364553,0.0
C0,50,1,batch1-11,5.4C(50%)-3C,788.0,718.9999999999998,8.756345177665004,-8.756345177665004,-0.03979732710667294,0.0
C0,50,3,batch1-14,5.4C(60%)-3C,880.0,788.0000000000001,10.45454545454544,-10.45454545454544,-0.04795645466061327,0.0
C0,50,3,batch1-15,5.4C(60%)-3C,719.0,788.0000000000001,9.596662030598068,9.596662030598068,0.03979732710667294,0.0
C0,50,2,batch1-18,5.4C(70%)-3C,691.0,718.9999999999998,4.052098408104164,4.052098408104164,0.017250843008683958,0.0
C0,50,2,batch1-19,5.4C(70%)-3C,788.0,718.9999999999998,8.756345177665004,-8.756345177665004,-0.03979732710667294,0.0
C0,50,3,batch1-20,5.4C(80%)-5.4C,534.0,788.0000000000001,47.56554307116107,47.56554307116107,0.1689849604609992,0.06581077380285683
C0,50,3,batch1-21,5.4C(80%)-5.4C,559.0,788.0000000000001,40.96601073345261,40.96601073345261,0.14911440960313227,0.08271017940103276
C0,50,1,batch1-24,6C(40%)-3C,1017.0,718.9999999999998,29.301868239921358,-29.301868239921358,-0.15059206253986224,0.0
C0,50,1,batch1-25,6C(40%)-3C,854.0,718.9999999999998,15.80796252927403,-15.80796252927403,-0.0747289803061224,0.0
C0,50,2,batch1-26,6C(40%)-3.6C,870.0,718.9999999999998,17.356321839080486,-17.356321839080486,-0.08279036223573621,0.0
C0,50,2,batch1-27,6C(40%)-3.6C,842.0,718.9999999999998,14.608076009501215,-14.608076009501215,-0.06858320111676708,0.0
C0,50,2,batch1-28,6C(50%)-3C,860.0,718.9999999999998,16.39534883720933,-16.39534883720933,-0.07776956086068543,0.0
C0,50,2,batch1-29,6C(50%)-3C,917.0,718.9999999999998,21.592148309705586,-21.592148309705586,-0.10564044528713845,0.0
C0,50,0,batch1-34,7C(30%)-3.6C,742.0,788.0000000000001,6.199460916442064,6.199460916442064,0.02612231221052852,0.0
C0,50,0,batch1-35,7C(30%)-3.6C,703.0,788.0000000000001,12.091038406827897,12.091038406827897,0.049570892469731564,0.0
C0,50,0,batch1-36,7C(40%)-3C,704.0,788.0000000000001,11.931818181818198,11.931818181818198,0.048953558347443415,0.0
C0,50,0,batch1-37,7C(40%)-3C,648.0,788.0000000000001,21.604938271604958,21.604938271604958,0.08495121161896213,0.0
C0,50,4,batch1-38,7C(40%)-3.6C,617.0,814.5526379553386,32.0182557464082,32.0182557464082,0.12063399046136114,0.0
C0,50,4,batch1-39,7C(40%)-3.6C,625.0,814.5526379553386,30.32842207285417,30.32842207285417,0.11503913715052727,0.0
C0,50,0,batch1-40,8C(15%)-3.6C,966.0,788.0000000000001,18.426501035196676,-18.426501035196676,-0.08845090892593799,0.0
C0,50,0,batch1-41,8C(15%)-3.6C,1051.0,788.0000000000001,25.023786869647946,-25.023786869647946,-0.12507649853868674,0.0
C0,50,4,batch1-42,8C(25%)-3.6C,702.0,814.5526379553386,16.033139309877292,16.033139309877292,0.06458204236479759,0.0
C0,50,4,batch1-43,8C(25%)-3.6C,651.0,814.5526379553386,25.123293080697174,25.123293080697174,0.09733816592641054,0.0
C0,51,3,batch1-05,4.4C(80%)-4.4C,1074.0,764.6541701972205,28.803149888526953,-28.803149888526953,-0.14753921997924557,0.03198144045256601
C0,51,1,batch1-06,4.8C(80%)-4.8C,636.0,741.9999999999997,16.666666666666615,16.666666666666615,0.06694678963061307,0.0
C0,51,1,batch1-07,4.8C(80%)-4.8C,870.0,741.9999999999997,14.712643678160958,-14.712643678160958,-0.06911534733959179,0.0
C0,51,0,batch1-09,5.4C(40%)-3.6C,1054.0,718.9999999999998,31.78368121442127,-31.78368121442127,-0.16611172049364553,0.0
C0,51,0,batch1-11,5.4C(50%)-3C,788.0,718.9999999999998,8.756345177665004,-8.756345177665004,-0.03979732710667294,0.0
C0,51,1,batch1-14,5.4C(60%)-3C,880.0,741.9999999999997,15.681818181818223,-15.681818181818223,-0.07407876687114179,0.0
C0,51,1,batch1-15,5.4C(60%)-3C,719.0,741.9999999999997,3.1988873435326366,3.1988873435326366,0.013675014896144422,0.0
C0,51,4,batch1-18,5.4C(70%)-3C,691.0,788.0000000000001,14.03762662807527,14.03762662807527,0.0570481701153569,0.0
C0,51,4,batch1-19,5.4C(70%)-3C,788.0,788.0000000000001,1.442726367025584e-14,1.442726367025584e-14,0.0,0.0
C0,51,2,batch1-20,5.4C(80%)-5.4C,534.0,853.9999999999997,59.925093632958735,59.925093632958735,0.20391661366044866,0.2526694804336085
C0,51,2,batch1-21,5.4C(80%)-5.4C,559.0,853.9999999999997,52.77280858676201,52.77280858676201,0.18404606280258173,0.2695688860317844
C0,51,0,batch1-24,6C(40%)-3C,1017.0,718.9999999999998,29.301868239921358,-29.301868239921358,-0.15059206253986224,0.0
C0,51,0,batch1-25,6C(40%)-3C,854.0,718.9999999999998,15.80796252927403,-15.80796252927403,-0.0747289803061224,0.0
C0,51,1,batch1-26,6C(40%)-3.6C,870.0,741.9999999999997,14.712643678160958,-14.712643678160958,-0.06911534733959179,0.0
C0,51,1,batch1-27,6C(40%)-3.6C,842.0,741.9999999999997,11.876484560570113,-11.876484560570113,-0.05490818622062266,0.0
C0,51,4,batch1-28,6C(50%)-3C,860.0,788.0000000000001,8.372093023255802,-8.372093023255802,-0.037972233754012485,0.0
C0,51,4,batch1-29,6C(50%)-3C,917.0,788.0000000000001,14.06761177753543,-14.06761177753543,-0.06584311818046551,0.0
C0,51,2,batch1-34,7C(30%)-3.6C,742.0,853.9999999999997,15.094339622641465,15.094339622641465,0.061053965409977984,0.0
C0,51,2,batch1-35,7C(30%)-3.6C,703.0,853.9999999999997,21.47937411095301,21.47937411095301,0.08450254566918103,0.0
C0,51,3,batch1-36,7C(40%)-3C,704.0,764.6541701972205,8.615649175741554,8.615649175741554,0.035892402242179156,0.0
C0,51,3,batch1-37,7C(40%)-3C,648.0,764.6541701972205,18.00218675883033,18.00218675883033,0.07189005551369787,0.0
C0,51,2,batch1-38,7C(40%)-3.6C,617.0,853.9999999999997,38.411669367909184,38.411669367909184,0.1411727066557633,0.18685870663075166
C0,51,2,batch1-39,7C(40%)-3.6C,625.0,853.9999999999997,36.639999999999944,36.639999999999944,0.13557785334492944,0.11537318780629091
C0,51,3,batch1-40,8C(15%)-3.6C,966.0,764.6541701972205,20.8432536027722,-20.8432536027722,-0.10151206503120225,0.0
C0,51,3,batch1-41,8C(15%)-3.6C,1051.0,764.6541701972205,27.24508371101612,-27.24508371101612,-0.138137654643951,0.0
C0,51,4,batch1-42,8C(25%)-3.6C,702.0,788.0000000000001,12.250712250712267,12.250712250712267,0.0501891053597503,0.0
C0,51,4,batch1-43,8C(25%)-3.6C,651.0,788.0000000000001,21.04454685099848,21.04454685099848,0.08294522892136325,0.0
C0,52,2,batch1-05,4.4C(80%)-4.4C,1074.0,788.0000000000001,26.629422718808183,-26.629422718808183,-0.1344780638739813,0.03198144045256601
C0,52,0,batch1-06,4.8C(80%)-4.8C,636.0,741.9999999999997,16.666666666666615,16.666666666666615,0.06694678963061307,0.0
C0,52,0,batch1-07,4.8C(80%)-4.8C,870.0,741.9999999999997,14.712643678160958,-14.712643678160958,-0.06911534733959179,0.0
C0,52,2,batch1-09,5.4C(40%)-3.6C,1054.0,788.0000000000001,25.23719165085388,-25.23719165085388,-0.1263143933869726,0.0
C0,52,1,batch1-11,5.4C(50%)-3C,788.0,752.7097714258792,4.478455402807203,-4.478455402807203,-0.019898663553336693,0.0
C0,52,0,batch1-14,5.4C(60%)-3C,880.0,741.9999999999997,15.681818181818223,-15.681818181818223,-0.07407876687114179,0.0
C0,52,0,batch1-15,5.4C(60%)-3C,719.0,741.9999999999997,3.1988873435326366,3.1988873435326366,0.013675014896144422,0.0
C0,52,4,batch1-18,5.4C(70%)-3C,691.0,853.9999999999997,23.589001447177953,23.589001447177953,0.09197982331480636,0.0
C0,52,4,batch1-19,5.4C(70%)-3C,788.0,853.9999999999997,8.375634517766455,8.375634517766455,0.034931653199449464,0.0
C0,52,3,batch1-20,5.4C(80%)-5.4C,534.0,741.9999999999997,38.95131086142315,38.95131086142315,0.14286264825047068,0.06581077380285683
C0,52,3,batch1-21,5.4C(80%)-5.4C,559.0,741.9999999999997,32.737030411448956,32.737030411448956,0.12299209739260375,0.08271017940103276
C0,52,0,batch1-24,6C(40%)-3C,1017.0,741.9999999999997,27.040314650934157,-27.040314650934157,-0.13691704764371782,0.0
C0,52,0,batch1-25,6C(40%)-3C,854.0,741.9999999999997,13.114754098360695,-13.114754098360695,-0.061053965409977984,0.0
C0,52,3,batch1-26,6C(40%)-3.6C,870.0,741.9999999999997,14.712643678160958,-14.712643678160958,-0.06911534733959179,0.0
C0,52,3,batch1-27,6C(40%)-3.6C,842.0,741.9999999999997,11.876484560570113,-11.876484560570113,-0.05490818622062266,0.0
C0,52,1,batch1-28,6C(50%)-3C,860.0,752.7097714258792,12.475607973734972,-12.475607973734972,-0.05787089730734918,0.0
C0,52,1,batch1-29,6C(50%)-3C,917.0,752.7097714258792,17.916055460645666,-17.916055460645666,-0.0857417817338022,0.0
C0,52,1,batch1-34,7C(30%)-3.6C,742.0,752.7097714258792,1.4433654212775255,1.4433654212775255,0.006223648657191827,0.0
C0,52,1,batch1-35,7C(30%)-3.6C,703.0,752.7097714258792,7.0710912412346,7.0710912412346,0.02967222891639487,0.0
C0,52,4,batch1-36,7C(40%)-3C,704.0,853.9999999999997,21.306818181818134,21.306818181818134,0.08388521154689288,0.0
C0,52,4,batch1-37,7C(40%)-3C,648.0,853.9999999999997,31.79012345679007,31.79012345679007,0.1198828648184116,0.0
C0,52,4,batch1-38,7C(40%)-3.6C,617.0,853.9999999999997,38.411669367909184,38.411669367909184,0.1411727066557633,0.0
C0,52,4,batch1-39,7C(40%)-3.6C,625.0,853.9999999999997,36.639999999999944,36.639999999999944,0.13557785334492944,0.0
C0,52,3,batch1-40,8C(15%)-3.6C,966.0,741.9999999999997,23.188405797101485,-23.188405797101485,-0.11457322113646651,0.0
C0,52,3,batch1-41,8C(15%)-3.6C,1051.0,741.9999999999997,29.400570884871584,-29.400570884871584,-0.15119881074921526,0.0
C0,52,2,batch1-42,8C(25%)-3.6C,702.0,788.0000000000001,12.250712250712267,12.250712250712267,0.0501891053597503,0.0
C0,52,2,batch1-43,8C(25%)-3.6C,651.0,788.0000000000001,21.04454685099848,21.04454685099848,0.08294522892136325,0.0
C0,53,2,batch1-05,4.4C(80%)-4.4C,1074.0,718.9999999999998,33.05400372439481,-33.05400372439481,-0.17427539098065425,0.03198144045256601
C0,53,1,batch1-06,4.8C(80%)-4.8C,636.0,842.0000000000001,32.38993710691826,32.38993710691826,0.12185497585123573,0.0
C0,53,1,batch1-07,4.8C(80%)-4.8C,870.0,842.0000000000001,3.218390804597688,-3.218390804597688,-0.014207161118969136,0.0
C0,53,2,batch1-09,5.4C(40%)-3.6C,1054.0,718.9999999999998,31.78368121442127,-31.78368121442127,-0.16611172049364553,0.0
C0,53,0,batch1-11,5.4C(50%)-3C,788.0,764.6541701972205,2.9626687566979015,-2.9626687566979015,-0.01306115610526426,0.0
C0,53,3,batch1-14,5.4C(60%)-3C,880.0,842.0000000000001,4.318181818181805,-4.318181818181805,-0.01917058065051913,0.0
C0,53,3,batch1-15,5.4C(60%)-3C,719.0,842.0000000000001,17.107093184979153,17.107093184979153,0.06858320111676708,0.0
C0,53,4,batch1-18,5.4C(70%)-3C,691.0,718.9999999999998,4.052098408104164,4.052098408104164,0.017250843008683958,0.0
C0,53,4,batch1-19,5.4C(70%)-3C,788.0,718.9999999999998,8.756345177665004,-8.756345177665004,-0.03979732710667294,0.0
C0,53,3,batch1-20,5.4C(80%)-5.4C,534.0,842.0000000000001,57.677902621722865,57.677902621722865,0.19777083447109334,0.06581077380285683
C0,53,3,batch1-21,5.4C(80%)-5.4C,559.0,842.0000000000001,50.62611806797855,50.62611806797855,0.1779002836132264,0.08271017940103276
C0,53,2,batch1-24,6C(40%)-3C,1017.0,718.9999999999998,29.301868239921358,-29.301868239921358,-0.15059206253986224,0.0
C0,53,2,batch1-25,6C(40%)-3C,854.0,718.9999999999998,15.80796252927403,-15.80796252927403,-0.0747289803061224,0.0
C0,53,0,batch1-26,6C(40%)-3.6C,870.0,764.6541701972205,12.108716069284995,-12.108716069284995,-0.05605419123432753,0.0
C0,53,0,batch1-27,6C(40%)-3.6C,842.0,764.6541701972205,9.185965534771908,-9.185965534771908,-0.0418470301153584,0.0
C0,53,4,batch1-28,6C(50%)-3C,860.0,718.9999999999998,16.39534883720933,-16.39534883720933,-0.07776956086068543,0.0
C0,53,4,batch1-29,6C(50%)-3C,917.0,718.9999999999998,21.592148309705586,-21.592148309705586,-0.10564044528713845,0.0
C0,53,1,batch1-34,7C(30%)-3.6C,742.0,842.0000000000001,13.477088948787078,13.477088948787078,0.05490818622062266,0.0
C0,53,1,batch1-35,7C(30%)-3.6C,703.0,842.0000000000001,19.772403982930314,19.772403982930314,0.0783567664798257,0.0
C0,53,3,batch1-36,7C(40%)-3C,704.0,842.0000000000001,19.602272727272744,19.602272727272744,0.07773943235753755,0.0
C0,53,3,batch1-37,7C(40%)-3C,648.0,842.0000000000001,29.938271604938286,29.938271604938286,0.11373708562905627,0.0
C0,53,0,batch1-38,7C(40%)-3.6C,617.0,764.6541701972205,23.930983824509,23.930983824509,0.09317989735104959,0.0
C0,53,0,batch1-39,7C(40%)-3.6C,625.0,764.6541701972205,22.344667231555285,22.344667231555285,0.08758504404021572,0.0
C0,53,4,batch1-40,8C(15%)-3.6C,966.0,718.9999999999998,25.569358178053854,-25.569358178053854,-0.12824823603261093,0.0
C0,53,4,batch1-41,8C(15%)-3.6C,1051.0,718.9999999999998,31.58896289248337,-31.58896289248337,-0.16487382564535968,0.0
C0,53,1,batch1-42,8C(25%)-3.6C,702.0,842.0000000000001,19.94301994301996,19.94301994301996,0.07897497936984443,0.0
C0,53,1,batch1-43,8C(25%)-3.6C,651.0,842.0000000000001,29.33947772657452,29.33947772657452,0.11173110293145738,0.0
C0,54,3,batch1-05,4.4C(80%)-4.4C,1074.0,730.4094741992324,31.99166906897278,-31.99166906897278,-0.16743788353258227,0.03198144045256601
C0,54,3,batch1-06,4.8C(80%)-4.8C,636.0,730.4094741992324,14.844256949564837,14.844256949564837,0.060109282182540635,0.0
C0,54,3,batch1-07,4.8C(80%)-4.8C,870.0,730.4094741992324,16.04488802307674,-16.04488802307674,-0.07595285478766423,0.0
C0,54,4,batch1-09,5.4C(40%)-3.6C,1054.0,730.4094741992324,30.701188406144936,-30.701188406144936,-0.15927421304557354,0.0
C0,54,0,batch1-11,5.4C(50%)-3C,788.0,764.6541701972205,2.9626687566979015,-2.9626687566979015,-0.01306115610526426,0.0
C0,54,1,batch1-14,5.4C(60%)-3C,880.0,842.0000000000001,4.318181818181805,-4.318181818181805,-0.01917058065051913,0.0
C0,54,1,batch1-15,5.4C(60%)-3C,719.0,842.0000000000001,17.107093184979153,17.107093184979153,0.06858320111676708,0.0
C0,54,4,batch1-18,5.4C(70%)-3C,691.0,730.4094741992324,5.703252416676174,5.703252416676174,0.024088350456755947,0.0
C0,54,4,batch1-19,5.4C(70%)-3C,788.0,730.4094741992324,7.308442360503507,-7.308442360503507,-0.03295981965860095,0.0
C0,54,1,batch1-20,5.4C(80%)-5.4C,534.0,842.0000000000001,57.677902621722865,57.677902621722865,0.19777083447109334,0.06581077380285683
C0,54,1,batch1-21,5.4C(80%)-5.4C,559.0,842.0000000000001,50.62611806797855,50.62611806797855,0.1779002836132264,0.08271017940103276
C0,54,3,batch1-24,6C(40%)-3C,1017.0,730.4094741992324,28.179992704106944,-28.179992704106944,-0.14375455509179025,0.0
C0,54,3,batch1-25,6C(40%)-3C,854.0,730.4094741992324,14.471958524680051,-14.471958524680051,-0.06789147285805042,0.0
C0,54,4,batch1-26,6C(40%)-3.6C,870.0,730.4094741992324,16.04488802307674,-16.04488802307674,-0.07595285478766423,0.0
C0,54,4,batch1-27,6C(40%)-3.6C,842.0,730.4094741992324,13.25303156778713,-13.25303156778713,-0.06174569366869509,0.0
C0,54,2,batch1-28,6C(50%)-3C,860.0,788.0000000000001,8.372093023255802,-8.372093023255802,-0.037972233754012485,0.0
C0,54,2,batch1-29,6C(50%)-3C,917.0,788.0000000000001,14.06761177753543,-14.06761177753543,-0.06584311818046551,0.0
C0,54,1,batch1-34,7C(30%)-3.6C,742.0,842.0000000000001,13.477088948787078,13.477088948787078,0.05490818622062266,0.0
C0,54,1,batch1-35,7C(30%)-3.6C,703.0,842.0000000000001,19.772403982930314,19.772403982930314,0.0783567664798257,0.0
C0,54,2,batch1-36,7C(40%)-3C,704.0,788.0000000000001,11.931818181818198,11.931818181818198,0.048953558347443415,0.0
C0,54,2,batch1-37,7C(40%)-3C,648.0,788.0000000000001,21.604938271604958,21.604938271604958,0.08495121161896213,0.0
C0,54,2,batch1-38,7C(40%)-3.6C,617.0,788.0000000000001,27.71474878444086,27.71474878444086,0.10624105345631385,0.0
C0,54,2,batch1-39,7C(40%)-3.6C,625.0,788.0000000000001,26.08000000000002,26.08000000000002,0.10064620014547998,0.0
C0,54,0,batch1-40,8C(15%)-3.6C,966.0,764.6541701972205,20.8432536027722,-20.8432536027722,-0.10151206503120225,0.0
C0,54,0,batch1-41,8C(15%)-3.6C,1051.0,764.6541701972205,27.24508371101612,-27.24508371101612,-0.138137654643951,0.0
C0,54,0,batch1-42,8C(25%)-3.6C,702.0,764.6541701972205,8.925095469689536,8.925095469689536,0.03712794925448604,0.0
C0,54,0,batch1-43,8C(25%)-3.6C,651.0,764.6541701972205,17.458397879757378,17.458397879757378,0.06988407281609899,0.0
C0,55,1,batch1-05,4.4C(80%)-4.4C,1074.0,718.9999999999998,33.05400372439481,-33.05400372439481,-0.17427539098065425,0.03198144045256601
C0,55,2,batch1-06,4.8C(80%)-4.8C,636.0,814.5526379553386,28.074314143921157,28.074314143921157,0.10746203884618888,0.0
C0,55,2,batch1-07,4.8C(80%)-4.8C,870.0,814.5526379553386,6.373260005133496,-6.373260005133496,-0.028600098124015982,0.0
C0,55,1,batch1-09,5.4C(40%)-3.6C,1054.0,718.9999999999998,31.78368121442127,-31.78368121442127,-0.16611172049364553,0.0
C0,55,2,batch1-11,5.4C(50%)-3C,788.0,814.5526379553386,3.3696241060074343,3.3696241060074343,0.01439293700504729,0.0
C0,55,0,batch1-14,5.4C(60%)-3C,880.0,842.0000000000001,4.318181818181805,-4.318181818181805,-0.01917058065051913,0.0
C0,55,0,batch1-15,5.4C(60%)-3C,719.0,842.0000000000001,17.107093184979153,17.107093184979153,0.06858320111676708,0.0
C0,55,3,batch1-18,5.4C(70%)-3C,691.0,788.0000000000001,14.03762662807527,14.03762662807527,0.0570481701153569,0.0
C0,55,3,batch1-19,5.4C(70%)-3C,788.0,788.0000000000001,1.442726367025584e-14,1.442726367025584e-14,0.0,0.0
C0,55,0,batch1-20,5.4C(80%)-5.4C,534.0,842.0000000000001,57.677902621722865,57.677902621722865,0.19777083447109334,0.2526694804336085
C0,55,0,batch1-21,5.4C(80%)-5.4C,559.0,842.0000000000001,50.62611806797855,50.62611806797855,0.1779002836132264,0.2695688860317844
C0,55,3,batch1-24,6C(40%)-3C,1017.0,788.0000000000001,22.517207472959676,-22.517207472959676,-0.1107947354331893,0.0
C0,55,3,batch1-25,6C(40%)-3C,854.0,788.0000000000001,7.728337236533944,-7.728337236533944,-0.034931653199449464,0.0
C0,55,4,batch1-26,6C(40%)-3.6C,870.0,718.9999999999998,17.356321839080486,-17.356321839080486,-0.08279036223573621,0.0
C0,55,4,batch1-27,6C(40%)-3.6C,842.0,718.9999999999998,14.608076009501215,-14.608076009501215,-0.06858320111676708,0.0
C0,55,1,batch1-28,6C(50%)-3C,860.0,718.9999999999998,16.39534883720933,-16.39534883720933,-0.07776956086068543,0.0
C0,55,1,batch1-29,6C(50%)-3C,917.0,718.9999999999998,21.592148309705586,-21.592148309705586,-0.10564044528713845,0.0
C0,55,4,batch1-34,7C(30%)-3.6C,742.0,718.9999999999998,3.099730458221055,-3.099730458221055,-0.013675014896144422,0.0
C0,55,4,batch1-35,7C(30%)-3.6C,703.0,718.9999999999998,2.27596017069698,2.27596017069698,0.009773565363058623,0.0
C0,55,3,batch1-36,7C(40%)-3C,704.0,788.0000000000001,11.931818181818198,11.931818181818198,0.048953558347443415,0.0
C0,55,3,batch1-37,7C(40%)-3C,648.0,788.0000000000001,21.604938271604958,21.604938271604958,0.08495121161896213,0.0
C0,55,0,batch1-38,7C(40%)-3.6C,617.0,842.0000000000001,36.46677471636955,36.46677471636955,0.135026927466408,0.18685870663075166
C0,55,0,batch1-39,7C(40%)-3.6C,625.0,842.0000000000001,34.72000000000002,34.72000000000002,0.12943207415557412,0.11537318780629091
C0,55,4,batch1-40,8C(15%)-3.6C,966.0,718.9999999999998,25.569358178053854,-25.569358178053854,-0.12824823603261093,0.0
C0,55,4,batch1-41,8C(15%)-3.6C,1051.0,718.9999999999998,31.58896289248337,-31.58896289248337,-0.16487382564535968,0.0
C0,55,2,batch1-42,8C(25%)-3.6C,702.0,814.5526379553386,16.033139309877292,16.033139309877292,0.06458204236479759,0.0
C0,55,2,batch1-43,8C(25%)-3.6C,651.0,814.5526379553386,25.123293080697174,25.123293080697174,0.09733816592641054,0.0
C0,56,4,batch1-05,4.4C(80%)-4.4C,1074.0,764.6541701972205,28.803149888526953,-28.803149888526953,-0.14753921997924557,0.03198144045256601
C0,56,1,batch1-06,4.8C(80%)-4.8C,636.0,814.5526379553386,28.074314143921157,28.074314143921157,0.10746203884618888,0.0
C0,56,1,batch1-07,4.8C(80%)-4.8C,870.0,814.5526379553386,6.373260005133496,-6.373260005133496,-0.028600098124015982,0.0
C0,56,3,batch1-09,5.4C(40%)-3.6C,1054.0,752.7097714258792,28.58541068065662,-28.58541068065662,-0.14621305694030928,0.0
C0,56,1,batch1-11,5.4C(50%)-3C,788.0,814.5526379553386,3.3696241060074343,3.3696241060074343,0.01439293700504729,0.0
C0,56,4,batch1-14,5.4C(60%)-3C,880.0,764.6541701972205,13.107480659406756,-13.107480659406756,-0.06101761076587753,0.0
C0,56,4,batch1-15,5.4C(60%)-3C,719.0,764.6541701972205,6.3496759662337325,6.3496759662337325,0.026736171001408682,0.0
C0,56,4,batch1-18,5.4C(70%)-3C,691.0,764.6541701972205,10.659069493085461,10.659069493085461,0.04398701401009264,0.0
C0,56,4,batch1-19,5.4C(70%)-3C,788.0,764.6541701972205,2.9626687566979015,-2.9626687566979015,-0.01306115610526426,0.0
C0,56,2,batch1-20,5.4C(80%)-5.4C,534.0,741.9999999999997,38.95131086142315,38.95131086142315,0.14286264825047068,0.06581077380285683
C0,56,2,batch1-21,5.4C(80%)-5.4C,559.0,741.9999999999997,32.737030411448956,32.737030411448956,0.12299209739260375,0.08271017940103276
C0,56,0,batch1-24,6C(40%)-3C,1017.0,788.0000000000001,22.517207472959676,-22.517207472959676,-0.1107947354331893,0.0
C0,56,0,batch1-25,6C(40%)-3C,854.0,788.0000000000001,7.728337236533944,-7.728337236533944,-0.034931653199449464,0.0
C0,56,2,batch1-26,6C(40%)-3.6C,870.0,741.9999999999997,14.712643678160958,-14.712643678160958,-0.06911534733959179,0.0
C0,56,2,batch1-27,6C(40%)-3.6C,842.0,741.9999999999997,11.876484560570113,-11.876484560570113,-0.05490818622062266,0.0
C0,56,3,batch1-28,6C(50%)-3C,860.0,752.7097714258792,12.475607973734972,-12.475607973734972,-0.05787089730734918,0.0
C0,56,3,batch1-29,6C(50%)-3C,917.0,752.7097714258792,17.916055460645666,-17.916055460645666,-0.0857417817338022,0.0
C0,56,3,batch1-34,7C(30%)-3.6C,742.0,752.7097714258792,1.4433654212775255,1.4433654212775255,0.006223648657191827,0.0
C0,56,3,batch1-35,7C(30%)-3.6C,703.0,752.7097714258792,7.0710912412346,7.0710912412346,0.02967222891639487,0.0
C0,56,0,batch1-36,7C(40%)-3C,704.0,788.0000000000001,11.931818181818198,11.931818181818198,0.048953558347443415,0.0
C0,56,0,batch1-37,7C(40%)-3C,648.0,788.0000000000001,21.604938271604958,21.604938271604958,0.08495121161896213,0.0
C0,56,1,batch1-38,7C(40%)-3.6C,617.0,814.5526379553386,32.0182557464082,32.0182557464082,0.12063399046136114,0.0
C0,56,1,batch1-39,7C(40%)-3.6C,625.0,814.5526379553386,30.32842207285417,30.32842207285417,0.11503913715052727,0.0
C0,56,2,batch1-40,8C(15%)-3.6C,966.0,741.9999999999997,23.188405797101485,-23.188405797101485,-0.11457322113646651,0.0
C0,56,2,batch1-41,8C(15%)-3.6C,1051.0,741.9999999999997,29.400570884871584,-29.400570884871584,-0.15119881074921526,0.0
C0,56,0,batch1-42,8C(25%)-3.6C,702.0,788.0000000000001,12.250712250712267,12.250712250712267,0.0501891053597503,0.0
C0,56,0,batch1-43,8C(25%)-3.6C,651.0,788.0000000000001,21.04454685099848,21.04454685099848,0.08294522892136325,0.0
C0,57,1,batch1-05,4.4C(80%)-4.4C,1074.0,718.9999999999998,33.05400372439481,-33.05400372439481,-0.17427539098065425,0.11949435672945175
C0,57,2,batch1-06,4.8C(80%)-4.8C,636.0,718.9999999999998,13.05031446540877,13.05031446540877,0.053271774734468647,0.0
C0,57,2,batch1-07,4.8C(80%)-4.8C,870.0,718.9999999999998,17.356321839080486,-17.356321839080486,-0.08279036223573621,0.0
C0,57,3,batch1-09,5.4C(40%)-3.6C,1054.0,764.6541701972205,27.452166015443975,-27.452166015443975,-0.13937554949223685,0.0
C0,57,1,batch1-11,5.4C(50%)-3C,788.0,718.9999999999998,8.756345177665004,-8.756345177665004,-0.03979732710667294,0.08751291627688573
C0,57,0,batch1-14,5.4C(60%)-3C,880.0,842.0000000000001,4.318181818181805,-4.318181818181805,-0.01917058065051913,0.0
C0,57,0,batch1-15,5.4C(60%)-3C,719.0,842.0000000000001,17.107093184979153,17.107093184979153,0.06858320111676708,0.0
C0,57,4,batch1-18,5.4C(70%)-3C,691.0,853.9999999999997,23.589001447177953,23.589001447177953,0.09197982331480636,0.0
C0,57,4,batch1-19,5.4C(70%)-3C,788.0,853.9999999999997,8.375634517766455,8.375634517766455,0.034931653199449464,0.0
C0,57,4,batch1-20,5.4C(80%)-5.4C,534.0,853.9999999999997,59.925093632958735,59.925093632958735,0.20391661366044866,0.06581077380285683
C0,57,4,batch1-21,5.4C(80%)-5.4C,559.0,853.9999999999997,52.77280858676201,52.77280858676201,0.18404606280258173,0.08271017940103276
C0,57,3,batch1-24,6C(40%)-3C,1017.0,764.6541701972205,24.812765958975366,-24.812765958975366,-0.12385589153845356,0.0
C0,57,3,batch1-25,6C(40%)-3C,854.0,764.6541701972205,10.462040960512818,-10.462040960512818,-0.047992809304713724,0.0
C0,57,2,batch1-26,6C(40%)-3.6C,870.0,718.9999999999998,17.356321839080486,-17.356321839080486,-0.08279036223573621,0.0
C0,57,2,batch1-27,6C(40%)-3.6C,842.0,718.9999999999998,14.608076009501215,-14.608076009501215,-0.06858320111676708,0.0
C0,57,2,batch1-28,6C(50%)-3C,860.0,718.9999999999998,16.39534883720933,-16.39534883720933,-0.07776956086068543,0.0
C0,57,2,batch1-29,6C(50%)-3C,917.0,718.9999999999998,21.592148309705586,-21.592148309705586,-0.10564044528713845,0.0
C0,57,0,batch1-34,7C(30%)-3.6C,742.0,842.0000000000001,13.477088948787078,13.477088948787078,0.05490818622062266,0.0
C0,57,0,batch1-35,7C(30%)-3.6C,703.0,842.0000000000001,19.772403982930314,19.772403982930314,0.0783567664798257,0.0
C0,57,0,batch1-36,7C(40%)-3C,704.0,842.0000000000001,19.602272727272744,19.602272727272744,0.07773943235753755,0.0
C0,57,0,batch1-37,7C(40%)-3C,648.0,842.0000000000001,29.938271604938286,29.938271604938286,0.11373708562905627,0.0
C0,57,3,batch1-38,7C(40%)-3.6C,617.0,764.6541701972205,23.930983824509,23.930983824509,0.09317989735104959,0.0
C0,57,3,batch1-39,7C(40%)-3.6C,625.0,764.6541701972205,22.344667231555285,22.344667231555285,0.08758504404021572,0.0
C0,57,1,batch1-40,8C(15%)-3.6C,966.0,718.9999999999998,25.569358178053854,-25.569358178053854,-0.12824823603261093,0.0
C0,57,1,batch1-41,8C(15%)-3.6C,1051.0,718.9999999999998,31.58896289248337,-31.58896289248337,-0.16487382564535968,0.01213032919585011
C0,57,4,batch1-42,8C(25%)-3.6C,702.0,853.9999999999997,21.652421652421605,21.652421652421605,0.08512075855919976,0.0
C0,57,4,batch1-43,8C(25%)-3.6C,651.0,853.9999999999997,31.182795698924682,31.182795698924682,0.11787688212081271,0.0
C0,58,4,batch1-05,4.4C(80%)-4.4C,1074.0,718.9999999999998,33.05400372439481,-33.05400372439481,-0.17427539098065425,0.10736402753360164
C0,58,2,batch1-06,4.8C(80%)-4.8C,636.0,788.0000000000001,23.899371069182408,23.899371069182408,0.09306910184114159,0.0
C0,58,2,batch1-07,4.8C(80%)-4.8C,870.0,788.0000000000001,9.425287356321826,-9.425287356321826,-0.04299303512906327,0.0
C0,58,1,batch1-09,5.4C(40%)-3.6C,1054.0,752.7097714258792,28.58541068065662,-28.58541068065662,-0.14621305694030928,0.0
C0,58,4,batch1-11,5.4C(50%)-3C,788.0,718.9999999999998,8.756345177665004,-8.756345177665004,-0.03979732710667294,0.07538258708103562
C0,58,2,batch1-14,5.4C(60%)-3C,880.0,788.0000000000001,10.45454545454544,-10.45454545454544,-0.04795645466061327,0.0
C0,58,2,batch1-15,5.4C(60%)-3C,719.0,788.0000000000001,9.596662030598068,9.596662030598068,0.03979732710667294,0.0
C0,58,3,batch1-18,5.4C(70%)-3C,691.0,788.0000000000001,14.03762662807527,14.03762662807527,0.0570481701153569,0.0
C0,58,3,batch1-19,5.4C(70%)-3C,788.0,788.0000000000001,1.442726367025584e-14,1.442726367025584e-14,0.0,0.0
C0,58,0,batch1-20,5.4C(80%)-5.4C,534.0,788.0000000000001,47.56554307116107,47.56554307116107,0.1689849604609992,0.2526694804336085
C0,58,0,batch1-21,5.4C(80%)-5.4C,559.0,788.0000000000001,40.96601073345261,40.96601073345261,0.14911440960313227,0.2695688860317844
C0,58,0,batch1-24,6C(40%)-3C,1017.0,788.0000000000001,22.517207472959676,-22.517207472959676,-0.1107947354331893,0.0
C0,58,0,batch1-25,6C(40%)-3C,854.0,788.0000000000001,7.728337236533944,-7.728337236533944,-0.034931653199449464,0.0
C0,58,4,batch1-26,6C(40%)-3.6C,870.0,718.9999999999998,17.356321839080486,-17.356321839080486,-0.08279036223573621,0.0
C0,58,4,batch1-27,6C(40%)-3.6C,842.0,718.9999999999998,14.608076009501215,-14.608076009501215,-0.06858320111676708,0.0
C0,58,3,batch1-28,6C(50%)-3C,860.0,788.0000000000001,8.372093023255802,-8.372093023255802,-0.037972233754012485,0.0
C0,58,3,batch1-29,6C(50%)-3C,917.0,788.0000000000001,14.06761177753543,-14.06761177753543,-0.06584311818046551,0.0
C0,58,1,batch1-34,7C(30%)-3.6C,742.0,752.7097714258792,1.4433654212775255,1.4433654212775255,0.006223648657191827,0.0
C0,58,1,batch1-35,7C(30%)-3.6C,703.0,752.7097714258792,7.0710912412346,7.0710912412346,0.02967222891639487,0.0
C0,58,2,batch1-36,7C(40%)-3C,704.0,788.0000000000001,11.931818181818198,11.931818181818198,0.048953558347443415,0.0
C0,58,2,batch1-37,7C(40%)-3C,648.0,788.0000000000001,21.604938271604958,21.604938271604958,0.08495121161896213,0.0
C0,58,0,batch1-38,7C(40%)-3.6C,617.0,788.0000000000001,27.71474878444086,27.71474878444086,0.10624105345631385,0.18685870663075166
C0,58,0,batch1-39,7C(40%)-3.6C,625.0,788.0000000000001,26.08000000000002,26.08000000000002,0.10064620014547998,0.11537318780629091
C0,58,1,batch1-40,8C(15%)-3.6C,966.0,752.7097714258792,22.079733806844796,-22.079733806844796,-0.10834957247927468,0.0
C0,58,1,batch1-41,8C(15%)-3.6C,1051.0,752.7097714258792,28.38156313740445,-28.38156313740445,-0.14497516209202344,0.0
C0,58,3,batch1-42,8C(25%)-3.6C,702.0,788.0000000000001,12.250712250712267,12.250712250712267,0.0501891053597503,0.0
C0,58,3,batch1-43,8C(25%)-3.6C,651.0,788.0000000000001,21.04454685099848,21.04454685099848,0.08294522892136325,0.0
C0,59,2,batch1-05,4.4C(80%)-4.4C,1074.0,718.9999999999998,33.05400372439481,-33.05400372439481,-0.17427539098065425,0.11949435672945175
C0,59,4,batch1-06,4.8C(80%)-4.8C,636.0,788.0000000000001,23.899371069182408,23.899371069182408,0.09306910184114159,0.0
C0,59,4,batch1-07,4.8C(80%)-4.8C,870.0,788.0000000000001,9.425287356321826,-9.425287356321826,-0.04299303512906327,0.0
C0,59,0,batch1-09,5.4C(40%)-3.6C,1054.0,814.5526379553386,22.717966038392923,-22.717966038392923,-0.1119214563819253,0.0
C0,59,2,batch1-11,5.4C(50%)-3C,788.0,718.9999999999998,8.756345177665004,-8.756345177665004,-0.03979732710667294,0.08751291627688573
C0,59,1,batch1-14,5.4C(60%)-3C,880.0,788.0000000000001,10.45454545454544,-10.45454545454544,-0.04795645466061327,0.0
C0,59,1,batch1-15,5.4C(60%)-3C,719.0,788.0000000000001,9.596662030598068,9.596662030598068,0.03979732710667294,0.0
C0,59,3,batch1-18,5.4C(70%)-3C,691.0,788.0000000000001,14.03762662807527,14.03762662807527,0.0570481701153569,0.0
C0,59,3,batch1-19,5.4C(70%)-3C,788.0,788.0000000000001,1.442726367025584e-14,1.442726367025584e-14,0.0,0.0
C0,59,1,batch1-20,5.4C(80%)-5.4C,534.0,788.0000000000001,47.56554307116107,47.56554307116107,0.1689849604609992,0.06581077380285683
C0,59,1,batch1-21,5.4C(80%)-5.4C,559.0,788.0000000000001,40.96601073345261,40.96601073345261,0.14911440960313227,0.08271017940103276
C0,59,1,batch1-24,6C(40%)-3C,1017.0,788.0000000000001,22.517207472959676,-22.517207472959676,-0.1107947354331893,0.0
C0,59,1,batch1-25,6C(40%)-3C,854.0,788.0000000000001,7.728337236533944,-7.728337236533944,-0.034931653199449464,0.0
C0,59,4,batch1-26,6C(40%)-3.6C,870.0,788.0000000000001,9.425287356321826,-9.425287356321826,-0.04299303512906327,0.0
C0,59,4,batch1-27,6C(40%)-3.6C,842.0,788.0000000000001,6.413301662707825,-6.413301662707825,-0.028785874010094137,0.0
C0,59,3,batch1-28,6C(50%)-3C,860.0,788.0000000000001,8.372093023255802,-8.372093023255802,-0.037972233754012485,0.0
C0,59,3,batch1-29,6C(50%)-3C,917.0,788.0000000000001,14.06761177753543,-14.06761177753543,-0.06584311818046551,0.0
C0,59,0,batch1-34,7C(30%)-3.6C,742.0,814.5526379553386,9.777983551932422,9.777983551932422,0.04051524921557581,0.0
C0,59,0,batch1-35,7C(30%)-3.6C,703.0,814.5526379553386,15.868085057658405,15.868085057658405,0.06396382947477885,0.0
C0,59,4,batch1-36,7C(40%)-3C,704.0,788.0000000000001,11.931818181818198,11.931818181818198,0.048953558347443415,0.0
C0,59,4,batch1-37,7C(40%)-3C,648.0,788.0000000000001,21.604938271604958,21.604938271604958,0.08495121161896213,0.0
C0,59,3,batch1-38,7C(40%)-3.6C,617.0,788.0000000000001,27.71474878444086,27.71474878444086,0.10624105345631385,0.0
C0,59,3,batch1-39,7C(40%)-3.6C,625.0,788.0000000000001,26.08000000000002,26.08000000000002,0.10064620014547998,0.0
C0,59,2,batch1-40,8C(15%)-3.6C,966.0,718.9999999999998,25.569358178053854,-25.569358178053854,-0.12824823603261093,0.0
C0,59,2,batch1-41,8C(15%)-3.6C,1051.0,718.9999999999998,31.58896289248337,-31.58896289248337,-0.16487382564535968,0.01213032919585011
C0,59,0,batch1-42,8C(25%)-3.6C,702.0,814.5526379553386,16.033139309877292,16.033139309877292,0.06458204236479759,0.0
C0,59,0,batch1-43,8C(25%)-3.6C,651.0,814.5526379553386,25.123293080697174,25.123293080697174,0.09733816592641054,0.0
C0,60,1,batch1-05,4.4C(80%)-4.4C,1074.0,722.7503026633749,32.704813532274216,-32.704813532274216,-0.17201599915296706,0.03198144045256601
C0,60,4,batch1-06,4.8C(80%)-4.8C,636.0,788.0000000000001,23.899371069182408,23.899371069182408,0.09306910184114159,0.0
C0,60,4,batch1-07,4.8C(80%)-4.8C,870.0,788.0000000000001,9.425287356321826,-9.425287356321826,-0.04299303512906327,0.0
C0,60,2,batch1-09,5.4C(40%)-3.6C,1054.0,764.6541701972205,27.452166015443975,-27.452166015443975,-0.13937554949223685,0.0
C0,60,3,batch1-11,5.4C(50%)-3C,788.0,752.7097714258792,4.478455402807203,-4.478455402807203,-0.019898663553336693,0.0
C0,60,1,batch1-14,5.4C(60%)-3C,880.0,722.7503026633749,17.86928378825285,-17.86928378825285,-0.08549438993959901,0.0
C0,60,1,batch1-15,5.4C(60%)-3C,719.0,722.7503026633749,0.5215998140994292,0.5215998140994292,0.002259391827687196,0.0
C0,60,0,batch1-18,5.4C(70%)-3C,691.0,853.9999999999997,23.589001447177953,23.589001447177953,0.09197982331480636,0.0
C0,60,0,batch1-19,5.4C(70%)-3C,788.0,853.9999999999997,8.375634517766455,8.375634517766455,0.034931653199449464,0.0
C0,60,4,batch1-20,5.4C(80%)-5.4C,534.0,788.0000000000001,47.56554307116107,47.56554307116107,0.1689849604609992,0.06581077380285683
C0,60,4,batch1-21,5.4C(80%)-5.4C,559.0,788.0000000000001,40.96601073345261,40.96601073345261,0.14911440960313227,0.08271017940103276
C0,60,3,batch1-24,6C(40%)-3C,1017.0,752.7097714258792,25.98723978113282,-25.98723978113282,-0.130693398986526,0.0
C0,60,3,batch1-25,6C(40%)-3C,854.0,752.7097714258792,11.860682502824444,-11.860682502824444,-0.05483031675278616,0.0
C0,60,1,batch1-26,6C(40%)-3.6C,870.0,722.7503026633749,16.925252567428174,-16.925252567428174,-0.08053097040804902,0.0
C0,60,1,batch1-27,6C(40%)-3.6C,842.0,722.7503026633749,14.16267189271082,-14.16267189271082,-0.06632380928907988,0.0
C0,60,2,batch1-28,6C(50%)-3C,860.0,764.6541701972205,11.08672439567203,-11.08672439567203,-0.051033389859276745,0.0
C0,60,2,batch1-29,6C(50%)-3C,917.0,764.6541701972205,16.613503795286746,-16.613503795286746,-0.07890427428572977,0.0
C0,60,3,batch1-34,7C(30%)-3.6C,742.0,752.7097714258792,1.4433654212775255,1.4433654212775255,0.006223648657191827,0.0
C0,60,3,batch1-35,7C(30%)-3.6C,703.0,752.7097714258792,7.0710912412346,7.0710912412346,0.02967222891639487,0.0
C0,60,0,batch1-36,7C(40%)-3C,704.0,853.9999999999997,21.306818181818134,21.306818181818134,0.08388521154689288,0.0
C0,60,0,batch1-37,7C(40%)-3C,648.0,853.9999999999997,31.79012345679007,31.79012345679007,0.1198828648184116,0.0
C0,60,0,batch1-38,7C(40%)-3.6C,617.0,853.9999999999997,38.411669367909184,38.411669367909184,0.1411727066557633,0.0
C0,60,0,batch1-39,7C(40%)-3.6C,625.0,853.9999999999997,36.639999999999944,36.639999999999944,0.13557785334492944,0.0
C0,60,4,batch1-40,8C(15%)-3.6C,966.0,788.0000000000001,18.426501035196676,-18.426501035196676,-0.08845090892593799,0.0
C0,60,4,batch1-41,8C(15%)-3.6C,1051.0,788.0000000000001,25.023786869647946,-25.023786869647946,-0.12507649853868674,0.0
C0,60,2,batch1-42,8C(25%)-3.6C,702.0,764.6541701972205,8.925095469689536,8.925095469689536,0.03712794925448604,0.0
C0,60,2,batch1-43,8C(25%)-3.6C,651.0,764.6541701972205,17.458397879757378,17.458397879757378,0.06988407281609899,0.0
C0,61,3,batch1-05,4.4C(80%)-4.4C,1074.0,788.0000000000001,26.629422718808183,-26.629422718808183,-0.1344780638739813,0.03198144045256601
C0,61,3,batch1-06,4.8C(80%)-4.8C,636.0,788.0000000000001,23.899371069182408,23.899371069182408,0.09306910184114159,0.0
C0,61,3,batch1-07,4.8C(80%)-4.8C,870.0,788.0000000000001,9.425287356321826,-9.425287356321826,-0.04299303512906327,0.0
C0,61,4,batch1-09,5.4C(40%)-3.6C,1054.0,718.9999999999998,31.78368121442127,-31.78368121442127,-0.16611172049364553,0.0
C0,61,4,batch1-11,5.4C(50%)-3C,788.0,718.9999999999998,8.756345177665004,-8.756345177665004,-0.03979732710667294,0.0
C0,61,1,batch1-14,5.4C(60%)-3C,880.0,842.0000000000001,4.318181818181805,-4.318181818181805,-0.01917058065051913,0.0
C0,61,1,batch1-15,5.4C(60%)-3C,719.0,842.0000000000001,17.107093184979153,17.107093184979153,0.06858320111676708,0.0
C0,61,2,batch1-18,5.4C(70%)-3C,691.0,718.9999999999998,4.052098408104164,4.052098408104164,0.017250843008683958,0.0
C0,61,2,batch1-19,5.4C(70%)-3C,788.0,718.9999999999998,8.756345177665004,-8.756345177665004,-0.03979732710667294,0.0
C0,61,1,batch1-20,5.4C(80%)-5.4C,534.0,842.0000000000001,57.677902621722865,57.677902621722865,0.19777083447109334,0.06581077380285683
C0,61,1,batch1-21,5.4C(80%)-5.4C,559.0,842.0000000000001,50.62611806797855,50.62611806797855,0.1779002836132264,0.08271017940103276
C0,61,2,batch1-24,6C(40%)-3C,1017.0,718.9999999999998,29.301868239921358,-29.301868239921358,-0.15059206253986224,0.0
C0,61,2,batch1-25,6C(40%)-3C,854.0,718.9999999999998,15.80796252927403,-15.80796252927403,-0.0747289803061224,0.0
C0,61,2,batch1-26,6C(40%)-3.6C,870.0,718.9999999999998,17.356321839080486,-17.356321839080486,-0.08279036223573621,0.0
C0,61,2,batch1-27,6C(40%)-3.6C,842.0,718.9999999999998,14.608076009501215,-14.608076009501215,-0.06858320111676708,0.0
C0,61,0,batch1-28,6C(50%)-3C,860.0,788.0000000000001,8.372093023255802,-8.372093023255802,-0.037972233754012485,0.0
C0,61,0,batch1-29,6C(50%)-3C,917.0,788.0000000000001,14.06761177753543,-14.06761177753543,-0.06584311818046551,0.0
C0,61,0,batch1-34,7C(30%)-3.6C,742.0,788.0000000000001,6.199460916442064,6.199460916442064,0.02612231221052852,0.0
C0,61,0,batch1-35,7C(30%)-3.6C,703.0,788.0000000000001,12.091038406827897,12.091038406827897,0.049570892469731564,0.0
C0,61,3,batch1-36,7C(40%)-3C,704.0,788.0000000000001,11.931818181818198,11.931818181818198,0.048953558347443415,0.0
C0,61,3,batch1-37,7C(40%)-3C,648.0,788.0000000000001,21.604938271604958,21.604938271604958,0.08495121161896213,0.0
C0,61,0,batch1-38,7C(40%)-3.6C,617.0,788.0000000000001,27.71474878444086,27.71474878444086,0.10624105345631385,0.0
C0,61,0,batch1-39,7C(40%)-3.6C,625.0,788.0000000000001,26.08000000000002,26.08000000000002,0.10064620014547998,0.0
C0,61,4,batch1-40,8C(15%)-3.6C,966.0,718.9999999999998,25.569358178053854,-25.569358178053854,-0.12824823603261093,0.0
C0,61,4,batch1-41,8C(15%)-3.6C,1051.0,718.9999999999998,31.58896289248337,-31.58896289248337,-0.16487382564535968,0.0
C0,61,1,batch1-42,8C(25%)-3.6C,702.0,842.0000000000001,19.94301994301996,19.94301994301996,0.07897497936984443,0.0
C0,61,1,batch1-43,8C(25%)-3.6C,651.0,842.0000000000001,29.33947772657452,29.33947772657452,0.11173110293145738,0.0
M0,42,0,batch1-05,4.4C(80%)-4.4C,1074.0,993.6028623349816,7.485767007916048,-7.485767007916048,-0.03379144742948448,0.03198144045256601
M0,42,2,batch1-06,4.8C(80%)-4.8C,636.0,760.1799031075168,19.52514199803723,19.52514199803723,0.07745926831785743,0.0
M0,42,2,batch1-07,4.8C(80%)-4.8C,870.0,783.1966131057767,9.977400792439461,-9.977400792439461,-0.04564845190404343,0.0
M0,42,2,batch1-09,5.4C(40%)-3.6C,1054.0,923.1673534305392,12.412964570157575,-12.412964570157575,-0.057560173032445316,0.0
M0,42,4,batch1-11,5.4C(50%)-3C,788.0,1016.0426988305128,28.93942878559807,28.93942878559807,0.11038574191190831,0.0
M0,42,3,batch1-14,5.4C(60%)-3C,880.0,947.5434022434833,7.675386618577653,7.675386618577653,0.03211643981251955,0.0
M0,42,3,batch1-15,5.4C(60%)-3C,719.0,927.492858451176,28.99761591810514,28.99761591810514,0.11058168391801537,0.0
M0,42,1,batch1-18,5.4C(70%)-3C,691.0,686.5728445071236,0.6406882044683659,-0.6406882044683659,-0.0027914252636920267,0.0
M0,42,1,batch1-19,5.4C(70%)-3C,788.0,672.6943183928099,14.632700711572344,-14.632700711572344,-0.06870845786245594,0.0
M0,42,4,batch1-20,5.4C(80%)-5.4C,534.0,574.3927833679898,7.564191641945646,7.564191641945646,0.03166771779352118,0.06581077380285683
M0,42,4,batch1-21,5.4C(80%)-5.4C,559.0,567.3354476633278,1.4911355390568588,1.4911355390568588,0.006428111662116542,0.08271017940103276
M0,42,1,batch1-24,6C(40%)-3C,1017.0,834.6585676055008,17.929344384906507,-17.929344384906507,-0.08581209723497141,0.0
M0,42,1,batch1-25,6C(40%)-3C,854.0,886.6147631849013,3.8190589209486343,3.8190589209486343,0.016277087851524374,0.0
M0,42,3,batch1-26,6C(40%)-3.6C,870.0,782.9626609020117,10.004291850343478,-10.004291850343478,-0.0457782013536252,0.0
M0,42,3,batch1-27,6C(40%)-3.6C,842.0,818.5752169391824,2.7820407435650374,-2.7820407435650374,-0.012253499626127873,0.0
M0,42,0,batch1-28,6C(50%)-3C,860.0,788.7041226105997,8.290218301093057,-8.290218301093057,-0.03758434032453506,0.0
M0,42,0,batch1-29,6C(50%)-3C,917.0,785.20696294754,14.37219597082443,-14.37219597082443,-0.06738519354963435,0.0
M0,42,3,batch1-34,7C(30%)-3.6C,742.0,815.4142352727674,9.894101788782672,9.894101788782672,0.04097438369441608,0.0
M0,42,3,batch1-35,7C(30%)-3.6C,703.0,769.6112305451118,9.475281727611916,9.475281727611916,0.039316071494579496,0.0
M0,42,4,batch1-36,7C(40%)-3C,704.0,716.5397143522694,1.7812094250382609,1.7812094250382609,0.007667607114007602,0.0
M0,42,4,batch1-37,7C(40%)-3C,648.0,718.8696095210204,10.936668135959936,10.936668135959936,0.045075118168952155,0.0
M0,42,0,batch1-38,7C(40%)-3.6C,617.0,593.409952327423,3.823346462330153,-3.823346462330153,-0.01693033825626644,0.0
M0,42,0,batch1-39,7C(40%)-3.6C,625.0,623.4633576284043,0.24586277945531035,-0.24586277945531035,-0.0010690832623407864,0.0
M0,42,1,batch1-40,8C(15%)-3.6C,966.0,903.1631217492505,6.504852820988558,-6.504852820988558,-0.029210930390282552,0.0
M0,42,1,batch1-41,8C(15%)-3.6C,1051.0,913.1824773329623,13.112989787539265,-13.112989787539265,-0.06104514662070448,0.0
M0,42,2,batch1-42,8C(25%)-3.6C,702.0,709.5750899209866,1.0790726383171734,1.0790726383171734,0.004661248781028249,0.0
M0,42,2,batch1-43,8C(25%)-3.6C,651.0,710.488249294608,9.137979922366814,9.137979922366814,0.03797591099478792,0.0
M0,43,4,batch1-05,4.4C(80%)-4.4C,1074.0,1042.8045319084029,2.904605967560256,-2.904605967560256,-0.012801371469340683,0.03198144045256601
M0,43,4,batch1-06,4.8C(80%)-4.8C,636.0,768.1272748692652,20.774728753029116,20.774728753029116,0.08197607078124447,0.0
M0,43,4,batch1-07,4.8C(80%)-4.8C,870.0,794.1062406652259,8.72342061319243,-8.72342061319243,-0.03964064358184016,0.0
M0,43,1,batch1-09,5.4C(40%)-3.6C,1054.0,914.7251896416327,13.213928876505435,-13.213928876505435,-0.0615499720541588,0.0
M0,43,2,batch1-11,5.4C(50%)-3C,788.0,1019.7505149083458,29.40996382085607,29.40996382085607,0.11196771579038023,0.0
M0,43,4,batch1-14,5.4C(60%)-3C,880.0,944.4866388099198,7.328027137490885,7.328027137490885,0.030713146399724778,0.0
M0,43,4,batch1-15,5.4C(60%)-3C,719.0,924.8888276998216,28.63544196103221,28.63544196103221,0.10936064298520076,0.0
M0,43,3,batch1-18,5.4C(70%)-3C,691.0,693.8455343978789,0.4117994787089509,0.4117994787089509,0.0017847501336181182,0.0
M0,43,3,batch1-19,5.4C(70%)-3C,788.0,679.4464212598272,13.775834865504166,-13.775834865504166,-0.06437100199666235,0.0
M0,43,1,batch1-20,5.4C(80%)-5.4C,534.0,596.460279858039,11.696681621355623,11.696681621355623,0.048040270922758754,0.06581077380285683
M0,43,1,batch1-21,5.4C(80%)-5.4C,559.0,590.2653153598226,5.593079670809048,5.593079670809048,0.023635456462339555,0.08271017940103276
M0,43,2,batch1-24,6C(40%)-3C,1017.0,870.340188478498,14.420827091593114,-14.420827091593114,-0.06763191513007971,0.0
M0,43,2,batch1-25,6C(40%)-3C,854.0,931.4752287428785,9.072040836402632,9.072040836402632,0.03771343925359094,0.0
M0,43,0,batch1-26,6C(40%)-3.6C,870.0,757.3930715777803,12.94332510600226,-12.94332510600226,-0.060197924621375076,0.0
M0,43,0,batch1-27,6C(40%)-3.6C,842.0,789.8480594778897,6.1938171641461155,-6.1938171641461155,-0.02776853600258722,0.0
M0,43,0,batch1-28,6C(50%)-3C,860.0,784.7693125817442,8.747754350959976,-8.747754350959976,-0.03975643907986148,0.0
M0,43,0,batch1-29,6C(50%)-3C,917.0,781.1573393433747,14.813812503448778,-14.813812503448778,-0.069630818147989,0.0
M0,43,3,batch1-34,7C(30%)-3.6C,742.0,796.5052232706141,7.34571742191565,7.34571742191565,0.030784722855822455,0.0
M0,43,3,batch1-35,7C(30%)-3.6C,703.0,755.5196702523051,7.470792354524197,7.470792354524197,0.03129045083037152,0.0
M0,43,2,batch1-36,7C(40%)-3C,704.0,709.1735492873597,0.7348791601363238,0.7348791601363238,0.0031798697992222458,0.0
M0,43,2,batch1-37,7C(40%)-3C,648.0,711.571929527699,9.810482951805403,9.810482951805403,0.040643801596834894,0.0
M0,43,0,batch1-38,7C(40%)-3.6C,617.0,584.0842564937396,5.3348044580648875,-5.3348044580648875,-0.023809663683020066,0.0
M0,43,0,batch1-39,7C(40%)-3.6C,625.0,614.8214630183454,1.6285659170647342,-1.6285659170647342,-0.007130997313162357,0.0
M0,43,3,batch1-40,8C(15%)-3.6C,966.0,919.4912217371259,4.814573319138106,-4.814573319138106,-0.021429538974431228,0.0
M0,43,3,batch1-41,8C(15%)-3.6C,1051.0,929.9678360243317,11.515905230796218,-11.515905230796218,-0.05313478777399139,0.0
M0,43,1,batch1-42,8C(25%)-3.6C,702.0,717.3044973381457,2.180127825946676,2.180127825946676,0.009366441643059886,0.0
M0,43,1,batch1-43,8C(25%)-3.6C,651.0,718.157328769631,10.316025924674504,10.316025924674504,0.042638608225155306,0.0
M0,44,3,batch1-05,4.4C(80%)-4.4C,1074.0,978.9674263137672,8.84847054806637,-8.84847054806637,-0.0402360398234598,0.03198144045256601
M0,44,4,batch1-06,4.8C(80%)-4.8C,636.0,778.2673079694683,22.369073580105084,22.369073580105084,0.08767167213472815,0.0
M0,44,4,batch1-07,4.8C(80%)-4.8C,870.0,808.0334040285571,7.122597238096881,-7.122597238096881,-0.032089937777932676,0.0
M0,44,2,batch1-09,5.4C(40%)-3.6C,1054.0,928.2663717294582,11.929186742935652,-11.929186742935652,-0.05516799330791722,0.0
M0,44,4,batch1-11,5.4C(50%)-3C,788.0,1069.7012741986455,35.74889266480273,35.74889266480273,0.13273629563453282,0.0
M0,44,4,batch1-14,5.4C(60%)-3C,880.0,982.6953064408815,11.669921186463807,11.669921186463807,0.04793620962517542,0.0
M0,44,4,batch1-15,5.4C(60%)-3C,719.0,959.7169226654225,33.47940509950244,33.47940509950244,0.12541426239256115,0.0
M0,44,0,batch1-18,5.4C(70%)-3C,691.0,692.8560884682547,0.26860904026840976,0.26860904026840976,0.0011649903046597743,0.0
M0,44,0,batch1-19,5.4C(70%)-3C,788.0,678.4529935129547,13.901904376528595,-13.901904376528595,-0.06500645446230946,0.0
M0,44,0,batch1-20,5.4C(80%)-5.4C,534.0,569.0138139488901,6.556893997919487,6.556893997919487,0.02758155286203845,0.06581077380285683
M0,44,0,batch1-21,5.4C(80%)-5.4C,559.0,562.3583116420792,0.6007713134309892,0.6007713134309892,0.0026013105000552983,0.08271017940103276
M0,44,0,batch1-24,6C(40%)-3C,1017.0,847.029393942492,16.712940615290854,-16.712940615290854,-0.07942247127500801,0.0
M0,44,0,batch1-25,6C(40%)-3C,854.0,901.3156384151771,5.5404728823392375,5.5404728823392375,0.02341903573584103,0.0
M0,44,1,batch1-26,6C(40%)-3.6C,870.0,762.1140622325136,12.400682502009936,-12.400682502009936,-0.057499277485018485,0.0
M0,44,1,batch1-27,6C(40%)-3.6C,842.0,793.6512557910584,5.74213114120447,-5.74213114120447,-0.02568238372902787,0.0
M0,44,1,batch1-28,6C(50%)-3C,860.0,788.7190515335126,8.288482379824117,-8.288482379824117,-0.037576119893964144,0.0
M0,44,1,batch1-29,6C(50%)-3C,917.0,785.2106460045338,14.371794328840368,-14.371794328840368,-0.06738315647195536,0.0
M0,44,2,batch1-34,7C(30%)-3.6C,742.0,805.1508171550219,8.510891799868174,8.510891799868174,0.03547333275757181,0.0
M0,44,2,batch1-35,7C(30%)-3.6C,703.0,764.8770810429245,8.801860745792958,8.801860745792958,0.03663632279524798,0.0
M0,44,1,batch1-36,7C(40%)-3C,704.0,698.4978603101939,0.7815539332110917,-0.7815539332110917,-0.0034075790525398553,0.0
M0,44,1,batch1-37,7C(40%)-3C,648.0,700.6502453976422,8.125037870006505,8.125037870006505,0.033926272581374484,0.0
M0,44,3,batch1-38,7C(40%)-3.6C,617.0,604.5235686540785,2.022112049582086,-2.022112049582086,-0.008871926600092728,0.0
M0,44,3,batch1-39,7C(40%)-3.6C,625.0,633.1101511638386,1.2976241862141797,1.2976241862141797,0.0055992596256606575,0.0
M0,44,3,batch1-40,8C(15%)-3.6C,966.0,903.7645826073175,6.442589792203159,-6.442589792203159,-0.028921808539135174,0.0
M0,44,3,batch1-41,8C(15%)-3.6C,1051.0,913.3370540249508,13.098282205047497,-13.098282205047497,-0.06097163872399802,0.0
M0,44,2,batch1-42,8C(25%)-3.6C,702.0,711.6940693963069,1.3809215664254804,1.3809215664254804,0.005956234701490537,0.0
M0,44,2,batch1-43,8C(25%)-3.6C,651.0,712.6187546127333,9.465246484290821,9.465246484290821,0.039276259305967454,0.0
M0,45,3,batch1-05,4.4C(80%)-4.4C,1074.0,980.079706320447,8.744906301634355,-8.744906301634355,-0.03974288464297304,0.03198144045256601
M0,45,2,batch1-06,4.8C(80%)-4.8C,636.0,773.028730854417,21.545397933084427,21.545397933084427,0.08473851982185776,0.0
M0,45,2,batch1-07,4.8C(80%)-4.8C,870.0,799.1198192636255,8.147147211077534,-8.147147211077534,-0.03690735072184159,0.0
M0,45,1,batch1-09,5.4C(40%)-3.6C,1054.0,919.1350316093778,12.79553779797174,-12.79553779797174,-0.05946129190073224,0.0
M0,45,4,batch1-11,5.4C(50%)-3C,788.0,1026.170033685112,30.224623564100504,30.224623564100504,0.11469311070623034,0.0
M0,45,2,batch1-14,5.4C(60%)-3C,880.0,950.117010424572,7.967842093701359,7.967842093701359,0.03329442140440397,0.0
M0,45,2,batch1-15,5.4C(60%)-3C,719.0,930.441747330658,29.40775345349903,29.40775345349903,0.1119602978256733,0.0
M0,45,3,batch1-18,5.4C(70%)-3C,691.0,689.9102485242865,0.15770643642741763,-0.15770643642741763,-0.0006854509933575947,0.0
M0,45,3,batch1-19,5.4C(70%)-3C,788.0,676.2271444854189,14.184372527231107,-14.184372527231107,-0.06643361766196021,0.0
M0,45,0,batch1-20,5.4C(80%)-5.4C,534.0,576.4086368160699,7.941692287653544,7.941692287653544,0.03318922256214396,0.06581077380285683
M0,45,0,batch1-21,5.4C(80%)-5.4C,559.0,570.0217268956816,1.9716863856317677,1.9716863856317677,0.008479601630055456,0.08271017940103276
M0,45,0,batch1-24,6C(40%)-3C,1017.0,840.1475017920696,17.389626175804363,-17.389626175804363,-0.08296541258620804,0.0
M0,45,0,batch1-25,6C(40%)-3C,854.0,891.0562556231091,4.339140002705984,4.339140002705984,0.018447252804044023,0.0
M0,45,1,batch1-26,6C(40%)-3.6C,870.0,767.5900541081144,11.7712581484926,-11.7712581484926,-0.05438991380107794,0.0
M0,45,1,batch1-27,6C(40%)-3.6C,842.0,798.827652748021,5.127357155816981,-5.127357155816981,-0.022859001214843744,0.0
M0,45,0,batch1-28,6C(50%)-3C,860.0,789.6836865075112,8.176315522382419,-8.176315522382419,-0.03704528490702552,0.0
M0,45,0,batch1-29,6C(50%)-3C,917.0,786.3428405136066,14.248327097752828,-14.248327097752828,-0.06675739868894892,0.0
M0,45,1,batch1-34,7C(30%)-3.6C,742.0,796.0607541317175,7.28581592071665,7.28581592071665,0.03054230841001626,0.0
M0,45,1,batch1-35,7C(30%)-3.6C,703.0,755.8413322717906,7.516547976072636,7.516547976072636,0.03147531208056442,0.0
M0,45,4,batch1-36,7C(40%)-3C,704.0,708.3371065367807,0.61606626942907,0.61606626942907,0.0026673339510101535,0.0
M0,45,4,batch1-37,7C(40%)-3C,648.0,710.7819158176458,9.688567255809533,9.688567255809533,0.04016136379655233,0.0
M0,45,4,batch1-38,7C(40%)-3.6C,617.0,589.5317067055928,4.451911392934717,-4.451911392934717,-0.019777996371471485,0.0
M0,45,4,batch1-39,7C(40%)-3.6C,625.0,623.1783154749348,0.2914695240104266,-0.2914695240104266,-0.0012676844148447053,0.0
M0,45,3,batch1-40,8C(15%)-3.6C,966.0,902.8276634204657,6.539579356059454,-6.539579356059454,-0.029372268647345212,0.0
M0,45,3,batch1-41,8C(15%)-3.6C,1051.0,912.6515629782626,13.163504949737142,-13.163504949737142,-0.061297714133432546,0.0
M0,45,2,batch1-42,8C(25%)-3.6C,702.0,715.9809931501695,1.9915944658361144,1.9915944658361144,0.008564381295977697,0.0
M0,45,2,batch1-43,8C(25%)-3.6C,651.0,717.0064471208003,10.139239189063028,10.139239189063028,0.041942072171294864,0.0
M0,46,1,batch1-05,4.4C(80%)-4.4C,1074.0,998.2021639785886,7.057526631416332,-7.057526631416332,-0.0317857743357961,0.03198144045256601
M0,46,0,batch1-06,4.8C(80%)-4.8C,636.0,771.708775883412,21.33785784330378,21.33785784330378,0.08399632343278052,0.0
M0,46,0,batch1-07,4.8C(80%)-4.8C,870.0,793.8915568538196,8.748096913354072,-8.748096913354072,-0.039758069431373944,0.0
M0,46,2,batch1-09,5.4C(40%)-3.6C,1054.0,910.9012940414034,13.576727320549963,-13.576727320549963,-0.06336929183507811,0.0
M0,46,3,batch1-11,5.4C(50%)-3C,788.0,1078.901328513919,36.916412247959265,36.916412247959265,0.13645551038018144,0.0
M0,46,3,batch1-14,5.4C(60%)-3C,880.0,989.9947833936118,12.499407203819521,12.499407203819521,0.051150234013706886,0.0
M0,46,3,batch1-15,5.4C(60%)-3C,719.0,966.5320929630017,34.42727301293486,34.42727301293486,0.12848738863905096,0.0
M0,46,4,batch1-18,5.4C(70%)-3C,691.0,686.5728445071236,0.6406882044683659,-0.6406882044683659,-0.0027914252636920267,0.0
M0,46,4,batch1-19,5.4C(70%)-3C,788.0,672.6943183928099,14.632700711572344,-14.632700711572344,-0.06870845786245594,0.0
M0,46,0,batch1-20,5.4C(80%)-5.4C,534.0,597.9128456707365,11.968697691149154,11.968697691149154,0.04909662695521444,0.06581077380285683
M0,46,0,batch1-21,5.4C(80%)-5.4C,559.0,591.5278735417,5.818939810679794,5.818939810679794,0.02456340606507945,0.08271017940103276
M0,46,4,batch1-24,6C(40%)-3C,1017.0,834.6585676055008,17.929344384906507,-17.929344384906507,-0.08581209723497141,0.0
M0,46,4,batch1-25,6C(40%)-3C,854.0,886.6147631849013,3.8190589209486343,3.8190589209486343,0.016277087851524374,0.0
M0,46,1,batch1-26,6C(40%)-3.6C,870.0,763.8315974526569,12.203264660614153,-12.203264660614153,-0.05652163273228128,0.0
M0,46,1,batch1-27,6C(40%)-3.6C,842.0,795.6348972753857,5.506544266581271,-5.506544266581271,-0.024598268075711527,0.0
M0,46,2,batch1-28,6C(50%)-3C,860.0,789.3101214239748,8.219753322793627,-8.219753322793627,-0.037250779389174316,0.0
M0,46,2,batch1-29,6C(50%)-3C,917.0,785.9300212070217,14.293345560848234,-14.293345560848234,-0.0669854572598978,0.0
M0,46,3,batch1-34,7C(30%)-3.6C,742.0,836.5483332012412,12.742362965126851,12.742362965126851,0.052087132949675485,0.0
M0,46,3,batch1-35,7C(30%)-3.6C,703.0,784.0340477434426,11.526891570902214,11.526891570902214,0.04737959790189317,0.0
M0,46,0,batch1-36,7C(40%)-3C,704.0,724.4938787525098,2.9110623227996837,2.9110623227996837,0.012462061327279006,0.0
M0,46,0,batch1-37,7C(40%)-3C,648.0,726.5392627362005,12.12025659509267,12.12025659509267,0.049684083002851764,0.0
M0,46,1,batch1-38,7C(40%)-3.6C,617.0,593.3152015407911,3.8387031538426055,-3.8387031538426055,-0.01699968833912857,0.0
M0,46,1,batch1-39,7C(40%)-3.6C,625.0,623.6493422673589,0.21610523722258224,-0.21610523722258224,-0.0009395486933763131,0.0
M0,46,4,batch1-40,8C(15%)-3.6C,966.0,903.1631217492505,6.504852820988558,-6.504852820988558,-0.029210930390282552,0.0
M0,46,4,batch1-41,8C(15%)-3.6C,1051.0,913.1824773329623,13.112989787539265,-13.112989787539265,-0.06104514662070448,0.0
M0,46,2,batch1-42,8C(25%)-3.6C,702.0,700.4956097236212,0.21430060917076715,-0.21430060917076715,-0.000931694390638782,0.0
M0,46,2,batch1-43,8C(25%)-3.6C,651.0,701.395378300289,7.741225545359301,7.741225545359301,0.03238191129309653,0.0
M0,47,2,batch1-05,4.4C(80%)-4.4C,1074.0,991.3468434148701,7.695824635486952,-7.695824635486952,-0.03477865328877572,0.03198144045256601
M0,47,1,batch1-06,4.8C(80%)-4.8C,636.0,760.9833378271817,19.65146821182102,19.65146821182102,0.0779180320959667,0.0
M0,47,1,batch1-07,4.8C(80%)-4.8C,870.0,784.1407534984991,9.868878908218498,-9.868878908218498,-0.04512522694809684,0.0
M0,47,0,batch1-09,5.4C(40%)-3.6C,1054.0,943.8349823633422,10.452088959834708,-10.452088959834708,-0.04794454085136346,0.0
M0,47,3,batch1-11,5.4C(50%)-3C,788.0,1023.151403199866,29.841548629424615,29.841548629424615,0.11341368671037166,0.0
M0,47,0,batch1-14,5.4C(60%)-3C,880.0,934.4007670728632,6.1819053491890035,6.1819053491890035,0.026050514141459313,0.0
M0,47,0,batch1-15,5.4C(60%)-3C,719.0,914.7832252640069,27.229933972740874,27.229933972740874,0.10458930179792336,0.0
M0,47,0,batch1-18,5.4C(70%)-3C,691.0,693.0582982819799,0.2978723997076537,0.2978723997076537,0.001291720509281724,0.0
M0,47,0,batch1-19,5.4C(70%)-3C,788.0,677.4574815889937,14.028238377031258,-14.028238377031258,-0.06564417416559332,0.0
M0,47,4,batch1-20,5.4C(80%)-5.4C,534.0,584.5428944153008,9.464961500992658,9.464961500992658,0.03927512865638816,0.06581077380285683
M0,47,4,batch1-21,5.4C(80%)-5.4C,559.0,578.0831494920656,3.413801340262175,3.413801340262175,0.014578502451727537,0.08271017940103276
M0,47,3,batch1-24,6C(40%)-3C,1017.0,868.1396264266901,14.637204874465079,-14.637204874465079,-0.06873137278084895,0.0
M0,47,3,batch1-25,6C(40%)-3C,854.0,931.4564305006556,9.069839637079115,9.069839637079115,0.037704674602642374,0.0
M0,47,4,batch1-26,6C(40%)-3.6C,870.0,774.5299774104733,10.973565814888127,-10.973565814888127,-0.05048102126322229,0.0
M0,47,4,batch1-27,6C(40%)-3.6C,842.0,804.8957787823452,4.406677104234531,-4.406677104234531,-0.019572441728052503,0.0
M0,47,2,batch1-28,6C(50%)-3C,860.0,791.9788158849884,7.909440013373439,-7.909440013373439,-0.035784886153186424,0.0
M0,47,2,batch1-29,6C(50%)-3C,917.0,788.5644925463387,14.00605315743308,-14.00605315743308,-0.06553211788890012,0.0
M0,47,1,batch1-34,7C(30%)-3.6C,742.0,802.8726950125671,8.20386725236753,8.20386725236753,0.03424278291795835,0.0
M0,47,1,batch1-35,7C(30%)-3.6C,703.0,762.8922151260248,8.519518510103099,8.519518510103099,0.03550785817406643,0.0
M0,47,2,batch1-36,7C(40%)-3C,704.0,704.0214743382627,0.003050332139586942,0.003050332139586942,1.3247222121037794e-05,0.0
M0,47,2,batch1-37,7C(40%)-3C,648.0,706.1237705094935,8.969717671218135,8.969717671218135,0.03730582568840202,0.0
M0,47,3,batch1-38,7C(40%)-3.6C,617.0,582.5636965175357,5.581248538486915,-5.581248538486915,-0.024941746723662117,0.0
M0,47,3,batch1-39,7C(40%)-3.6C,625.0,616.3644230940462,1.3816923049526122,-1.3816923049526122,-0.00604245429939132,0.0
M0,47,1,batch1-40,8C(15%)-3.6C,966.0,922.4476570030271,4.508524119769454,-4.508524119769454,-0.02003539431577206,0.0
M0,47,1,batch1-41,8C(15%)-3.6C,1051.0,932.6081850809538,11.264682675456344,-11.264682675456344,-0.05190349328646526,0.0
M0,47,4,batch1-42,8C(25%)-3.6C,702.0,711.3688224804143,1.3345900969251192,1.3345900969251192,0.005757715094108384,0.0
M0,47,4,batch1-43,8C(25%)-3.6C,651.0,712.2690627044161,9.411530369341953,9.411530369341953,0.039063092672985356,0.0
M0,48,4,batch1-05,4.4C(80%)-4.4C,1074.0,1045.451270445841,2.65816848735187,-2.65816848735187,-0.011700486648567487,0.10736402753360164
M0,48,4,batch1-06,4.8C(80%)-4.8C,636.0,765.8803412530195,20.42143730393389,20.42143730393389,0.08070380647387054,0.0
M0,48,4,batch1-07,4.8C(80%)-4.8C,870.0,792.2541900015823,8.936299999818127,-8.936299999818127,-0.04065470789322667,0.0
M0,48,2,batch1-09,5.4C(40%)-3.6C,1054.0,905.8574364434569,14.05527168468151,-14.05527168468151,-0.06578075694995666,0.0
M0,48,4,batch1-11,5.4C(50%)-3C,788.0,1020.3805681525578,29.489919816314437,29.489919816314437,0.11223596194204921,0.07538258708103562
M0,48,3,batch1-14,5.4C(60%)-3C,880.0,956.0371107894854,8.64058077153243,8.64058077153243,0.03599207859693454,0.0
M0,48,3,batch1-15,5.4C(60%)-3C,719.0,936.0281955462474,30.184728170549015,30.184728170549015,0.11456004060492342,0.0
M0,48,1,batch1-18,5.4C(70%)-3C,691.0,679.1192750511519,1.71935238044111,-1.71935238044111,-0.007531990402435795,0.0
M0,48,1,batch1-19,5.4C(70%)-3C,788.0,663.9516598940982,15.742175140342873,-15.742175140342873,-0.0743897565032774,0.0
M0,48,2,batch1-20,5.4C(80%)-5.4C,534.0,587.8855007319656,10.090917740068472,10.090917740068472,0.04175149210464779,0.06581077380285683
M0,48,2,batch1-21,5.4C(80%)-5.4C,559.0,581.7122877293922,4.063021060714165,4.063021060714165,0.017296429775976563,0.08271017940103276
M0,48,2,batch1-24,6C(40%)-3C,1017.0,840.0600589770404,17.39822428937656,-17.39822428937656,-0.08301061644431496,0.0
M0,48,2,batch1-25,6C(40%)-3C,854.0,888.2104683039648,4.005909637466607,4.005909637466607,0.017058016702869327,0.0
M0,48,0,batch1-26,6C(40%)-3.6C,870.0,763.951003737723,12.189539800261723,-12.189539800261723,-0.056453746776813585,0.0
M0,48,0,batch1-27,6C(40%)-3.6C,842.0,794.0627624601037,5.693258615189581,-5.693258615189581,-0.025457261222606498,0.0
M0,48,1,batch1-28,6C(50%)-3C,860.0,785.6365210851642,8.646916152887885,-8.646916152887885,-0.03927678738995555,0.0
M0,48,1,batch1-29,6C(50%)-3C,917.0,781.8639834988774,14.736752072096253,-14.736752072096253,-0.06923812781954863,0.0
M0,48,3,batch1-34,7C(30%)-3.6C,742.0,824.091010097097,11.063478449743524,11.063478449743524,0.045571271224358334,0.0
M0,48,3,batch1-35,7C(30%)-3.6C,703.0,778.298028352172,10.710957091347364,10.710957091347364,0.04419060524025831,0.0
M0,48,0,batch1-36,7C(40%)-3C,704.0,703.0305660590752,0.13770368479045073,-0.13770368479045073,-0.0005984516440369347,0.0
M0,48,0,batch1-37,7C(40%)-3C,648.0,705.0958435882109,8.811086973489331,8.811086973489331,0.036673148726992455,0.0
M0,48,1,batch1-38,7C(40%)-3.6C,617.0,577.2816659039247,6.43733129596034,-6.43733129596034,-0.02889739923025436,0.0
M0,48,1,batch1-39,7C(40%)-3.6C,625.0,609.0151032097777,2.5575834864355604,-2.5575834864355604,-0.011251954334628333,0.0
M0,48,0,batch1-40,8C(15%)-3.6C,966.0,907.2023150002044,6.0867168736848445,-6.0867168736848445,-0.027272976631949053,0.0
M0,48,0,batch1-41,8C(15%)-3.6C,1051.0,917.0307402380943,12.746837275157539,-12.746837275157539,-0.0592188219154588,0.0
M0,48,3,batch1-42,8C(25%)-3.6C,702.0,718.2493986281095,2.314729149303344,2.314729149303344,0.009938158910646422,0.0
M0,48,3,batch1-43,8C(25%)-3.6C,651.0,719.2891929043526,10.489891383157083,10.489891383157083,0.04332254664255686,0.0
M0,49,0,batch1-05,4.4C(80%)-4.4C,1074.0,1043.748978905082,2.81666863081174,-2.81666863081174,-0.012408217740003114,0.10736402753360164
M0,49,1,batch1-06,4.8C(80%)-4.8C,636.0,758.2301726786444,19.21858060984975,19.21858060984975,0.07634394690983637,0.0
M0,49,1,batch1-07,4.8C(80%)-4.8C,870.0,782.0386265923347,10.110502690536242,-10.110502690536242,-0.04629104827793418,0.0
M0,49,2,batch1-09,5.4C(40%)-3.6C,1054.0,910.9727075709994,13.569951843358687,-13.569951843358687,-0.06333524502193377,0.0
M0,49,0,batch1-11,5.4C(50%)-3C,788.0,1018.8950834118839,29.30140652435075,29.30140652435075,0.11160324910654884,0.07538258708103562
M0,49,3,batch1-14,5.4C(60%)-3C,880.0,942.7262592807498,7.127984009176112,7.127984009176112,0.02990293220705409,0.0
M0,49,3,batch1-15,5.4C(60%)-3C,719.0,922.6959582808705,28.330453168410365,28.330453168410365,0.10832972787634931,0.0
M0,49,3,batch1-18,5.4C(70%)-3C,691.0,696.6989253740264,0.824735944142754,0.824735944142754,0.003567093281670708,0.0
M0,49,3,batch1-19,5.4C(70%)-3C,788.0,680.8277489364743,13.600539475066709,-13.600539475066709,-0.06348896923147773,0.0
M0,49,3,batch1-20,5.4C(80%)-5.4C,534.0,561.3485910070809,5.121458990090061,5.121458990090061,0.021691379869321903,0.06581077380285683
M0,49,3,batch1-21,5.4C(80%)-5.4C,559.0,554.1502017482838,0.8675846604143383,-0.8675846604143383,-0.003784312202842255,0.08271017940103276
M0,49,4,batch1-24,6C(40%)-3C,1017.0,843.6343876700512,17.04676620746793,-17.04676620746793,-0.08116667906846331,0.0
M0,49,4,batch1-25,6C(40%)-3C,854.0,894.9544292519811,4.795600614986075,4.795600614986075,0.020343051075766727,0.0
M0,49,1,batch1-26,6C(40%)-3.6C,870.0,772.2005253702634,11.241318922958223,-11.241318922958223,-0.051789159856192146,0.0
M0,49,1,batch1-27,6C(40%)-3.6C,842.0,804.1435708453181,4.496012963738943,-4.496012963738943,-0.019978497403656093,0.0
M0,49,2,batch1-28,6C(50%)-3C,860.0,786.3047074040288,8.569220069298975,-8.569220069298975,-0.03890757556016888,0.0
M0,49,2,batch1-29,6C(50%)-3C,917.0,782.8461790399413,14.629642416582195,-14.629642416582195,-0.06869289948286061,0.0
M0,49,4,batch1-34,7C(30%)-3.6C,742.0,794.8257537147603,7.119373816005425,7.119373816005425,0.02986802527123844,0.0
M0,49,4,batch1-35,7C(30%)-3.6C,703.0,755.8298878544715,7.514920036197939,7.514920036197939,0.03146873624949187,0.0
M0,49,0,batch1-36,7C(40%)-3C,704.0,711.0364452319947,0.9994950613628782,0.9994950613628782,0.0043192025686629165,0.0
M0,49,0,batch1-37,7C(40%)-3C,648.0,713.4181627267359,10.09539548252097,10.09539548252097,0.041769155862311,0.0
M0,49,2,batch1-38,7C(40%)-3.6C,617.0,592.9605467214321,3.8961836756187784,-3.8961836756187784,-0.017259365966092677,0.0
M0,49,2,batch1-39,7C(40%)-3.6C,625.0,622.743584202947,0.3610265275284837,-0.3610265275284837,-0.0015707554183257422,0.0
M0,49,4,batch1-40,8C(15%)-3.6C,966.0,911.2860295119561,5.663972100211579,-5.663972100211579,-0.025322414050890973,0.0
M0,49,4,batch1-41,8C(15%)-3.6C,1051.0,921.1709260438213,12.352909034840982,-12.352909034840982,-0.05726249370304215,0.0
M0,49,1,batch1-42,8C(25%)-3.6C,702.0,705.9781964313906,0.5666946483462454,0.5666946483462454,0.0024541762934502387,0.0
M0,49,1,batch1-43,8C(25%)-3.6C,651.0,706.919902594383,8.589846788691698,8.589846788691698,0.035789220374531805,0.0
M0,50,4,batch1-05,4.4C(80%)-4.4C,1074.0,1004.8539797227987,6.438176934562502,-6.438176934562502,-0.028901324490653302,0.03198144045256601
M0,50,3,batch1-06,4.8C(80%)-4.8C,636.0,772.8182960353536,21.512310697382635,21.512310697382635,0.0846202795565607,0.0
M0,50,3,batch1-07,4.8C(80%)-4.8C,870.0,798.0856870519326,8.266012982536482,-8.266012982536482,-0.03746973042073298,0.0
M0,50,1,batch1-09,5.4C(40%)-3.6C,1054.0,940.4533439587588,10.77292751814433,-10.77292751814433,-0.049503355874619626,0.0
M0,50,1,batch1-11,5.4C(50%)-3C,788.0,1003.5363499815004,27.352328677855382,27.352328677855382,0.10500689058503943,0.0
M0,50,3,batch1-14,5.4C(60%)-3C,880.0,943.8413684141964,7.25470095615868,7.25470095615868,0.03041633633067553,0.0
M0,50,3,batch1-15,5.4C(60%)-3C,719.0,924.892132702187,28.635901627564266,28.635901627564266,0.10936219489250298,0.0
M0,50,2,batch1-18,5.4C(70%)-3C,691.0,678.3666050020572,1.828277134289839,-1.828277134289839,-0.008013587282839296,0.0
M0,50,2,batch1-19,5.4C(70%)-3C,788.0,663.7174684500566,15.771894866744091,-15.771894866744091,-0.07454296945481742,0.0
M0,50,3,batch1-20,5.4C(80%)-5.4C,534.0,578.4638086793877,8.326555932469613,8.326555932469613,0.034734935675790446,0.06581077380285683
M0,50,3,batch1-21,5.4C(80%)-5.4C,559.0,571.4562504481397,2.228309561384564,2.228309561384564,0.00957117939737362,0.08271017940103276
M0,50,1,batch1-24,6C(40%)-3C,1017.0,859.8882690516832,15.44854778252869,-15.44854778252869,-0.07287892875674151,0.0
M0,50,1,batch1-25,6C(40%)-3C,854.0,918.7343275446067,7.580132030984389,7.580132030984389,0.03173207294724678,0.0
M0,50,2,batch1-26,6C(40%)-3.6C,870.0,753.4778255905427,13.393353380397391,-13.393353380397391,-0.06244877681119476,0.0
M0,50,2,batch1-27,6C(40%)-3.6C,842.0,786.0445405685217,6.645541500175568,-6.645541500175568,-0.029864935822746297,0.0
M0,50,2,batch1-28,6C(50%)-3C,860.0,780.9475492331972,9.192145438000331,-9.192145438000331,-0.04187658489959967,0.0
M0,50,2,batch1-29,6C(50%)-3C,917.0,777.3227706833617,15.231977024715192,-15.231977024715192,-0.07176794567290079,0.0
M0,50,0,batch1-34,7C(30%)-3.6C,742.0,803.8688615412458,8.338121501515605,8.338121501515605,0.03478130098905696,0.0
M0,50,0,batch1-35,7C(30%)-3.6C,703.0,764.1415638506422,8.697235256136874,8.697235256136874,0.03621849782802666,0.0
M0,50,0,batch1-36,7C(40%)-3C,704.0,713.3724085570552,1.3313080336726169,1.3313080336726169,0.005743648771425747,0.0
M0,50,0,batch1-37,7C(40%)-3C,648.0,715.4863797740236,10.414564779941912,10.414564779941912,0.04302636493619394,0.0
M0,50,4,batch1-38,7C(40%)-3.6C,617.0,603.4165780111191,2.2015270646484444,-2.2015270646484444,-0.009667926407981309,0.0
M0,50,4,batch1-39,7C(40%)-3.6C,625.0,633.6449372596663,1.3831899615466137,1.3831899615466137,0.005965951918965207,0.0
M0,50,0,batch1-40,8C(15%)-3.6C,966.0,922.597814635915,4.492979851354552,-4.492979851354552,-0.019964704858492777,0.0
M0,50,0,batch1-41,8C(15%)-3.6C,1051.0,932.680719106384,11.257781245824548,-11.257781245824548,-0.05186971714922484,0.0
M0,50,4,batch1-42,8C(25%)-3.6C,702.0,707.5433791141656,0.7896551444680407,0.7896551444680407,0.003415959250107292,0.0
M0,50,4,batch1-43,8C(25%)-3.6C,651.0,708.4745103965435,8.828649830498225,8.828649830498225,0.03674324118358108,0.0
M0,51,3,batch1-05,4.4C(80%)-4.4C,1074.0,978.627169135936,8.88015184954041,-8.88015184954041,-0.04038701267206868,0.03198144045256601
M0,51,1,batch1-06,4.8C(80%)-4.8C,636.0,764.2777887037563,20.169463632666083,20.169463632666083,0.07979412273603437,0.0
M0,51,1,batch1-07,4.8C(80%)-4.8C,870.0,790.3500507083525,9.155166585246844,-9.155166585246844,-0.0416997671260928,0.0
M0,51,0,batch1-09,5.4C(40%)-3.6C,1054.0,940.4533439587588,10.77292751814433,-10.77292751814433,-0.049503355874619626,0.0
M0,51,0,batch1-11,5.4C(50%)-3C,788.0,1003.5363499815004,27.352328677855382,27.352328677855382,0.10500689058503943,0.0
M0,51,1,batch1-14,5.4C(60%)-3C,880.0,941.406280962314,6.977986472990226,6.977986472990226,0.029294419396547422,0.0
M0,51,1,batch1-15,5.4C(60%)-3C,719.0,921.7080461525024,28.193052316064314,28.193052316064314,0.107864488345363,0.0
M0,51,4,batch1-18,5.4C(70%)-3C,691.0,687.0434513709336,0.5725830143366782,-0.5725830143366782,-0.0024938429290788378,0.0
M0,51,4,batch1-19,5.4C(70%)-3C,788.0,672.3326616654196,14.678596235352847,-14.678596235352847,-0.06894200786132254,0.0
M0,51,2,batch1-20,5.4C(80%)-5.4C,534.0,592.6015045609413,10.974064524520841,10.974064524520841,0.045221492750786574,0.2526694804336085
M0,51,2,batch1-21,5.4C(80%)-5.4C,559.0,586.1053106092535,4.84889277446395,4.84889277446395,0.020563848587919598,0.2695688860317844
M0,51,0,batch1-24,6C(40%)-3C,1017.0,859.8882690516832,15.44854778252869,-15.44854778252869,-0.07287892875674151,0.0
M0,51,0,batch1-25,6C(40%)-3C,854.0,918.7343275446067,7.580132030984389,7.580132030984389,0.03173207294724678,0.0
M0,51,1,batch1-26,6C(40%)-3.6C,870.0,779.5682033828375,10.394459381283044,-10.394459381283044,-0.04766513558631358,0.0
M0,51,1,batch1-27,6C(40%)-3.6C,842.0,814.6173423233408,3.2520971112421813,-3.2520971112421813,-0.01435843999082076,0.0
M0,51,4,batch1-28,6C(50%)-3C,860.0,789.9829693490394,8.14151519197216,-8.14151519197216,-0.036880722481557715,0.0
M0,51,4,batch1-29,6C(50%)-3C,917.0,786.3475899421711,14.247809166611654,-14.247809166611654,-0.06675477560359422,0.0
M0,51,2,batch1-34,7C(30%)-3.6C,742.0,811.1905230974869,9.324868341979368,9.324868341979368,0.038718963003985696,0.0
M0,51,2,batch1-35,7C(30%)-3.6C,703.0,771.9540815275687,9.80854644773382,9.80854644773382,0.040636142761124816,0.0
M0,51,3,batch1-36,7C(40%)-3C,704.0,708.2180858242621,0.5991599182190429,0.5991599182190429,0.0025943540359607553,0.0
M0,51,3,batch1-37,7C(40%)-3C,648.0,710.2162306666601,9.601270164608035,9.601270164608035,0.03981558719838674,0.0
M0,51,2,batch1-38,7C(40%)-3.6C,617.0,618.5929449074387,0.2581758358895727,0.2581758358895727,0.0011197985054978155,0.18685870663075166
M0,51,2,batch1-39,7C(40%)-3.6C,625.0,648.1188606634094,3.699017706145496,3.699017706145496,0.01577464253348504,0.11537318780629091
M0,51,3,batch1-40,8C(15%)-3.6C,966.0,904.730223337725,6.342626983672364,-6.342626983672364,-0.02845802785345919,0.0
M0,51,3,batch1-41,8C(15%)-3.6C,1051.0,914.1423367353497,13.021661585599462,-13.021661585599462,-0.06058889311066551,0.0
M0,51,4,batch1-42,8C(25%)-3.6C,702.0,694.8622035825243,1.0167801164495256,-1.0167801164495256,-0.004438422873682679,0.0
M0,51,4,batch1-43,8C(25%)-3.6C,651.0,695.821526207782,6.885027067247615,6.885027067247615,0.02891687155571887,0.0
M0,52,2,batch1-05,4.4C(80%)-4.4C,1074.0,986.2613817813728,8.169331305272546,-8.169331305272546,-0.037012253215695345,0.03198144045256601
M0,52,0,batch1-06,4.8C(80%)-4.8C,636.0,766.779807487771,20.56286281254261,20.56286281254261,0.08121355192210711,0.0
M0,52,0,batch1-07,4.8C(80%)-4.8C,870.0,792.961974491507,8.854945460746318,-8.854945460746318,-0.040266890855194415,0.0
M0,52,2,batch1-09,5.4C(40%)-3.6C,1054.0,912.6088933982738,13.414715996368706,-13.414715996368706,-0.0625559142078278,0.0
M0,52,1,batch1-11,5.4C(50%)-3C,788.0,1020.2486885880646,29.473183830972665,29.473183830972665,0.11217982772068025,0.0
M0,52,0,batch1-14,5.4C(60%)-3C,880.0,944.6699046094627,7.3488527965298545,7.3488527965298545,0.030797407628356144,0.0
M0,52,0,batch1-15,5.4C(60%)-3C,719.0,924.8853279733257,28.63495521186728,28.63495521186728,0.10935899963657825,0.0
M0,52,4,batch1-18,5.4C(70%)-3C,691.0,690.6915349224204,0.04464038749343362,-0.04464038749343362,-0.00019391402479129738,0.0
M0,52,4,batch1-19,5.4C(70%)-3C,788.0,675.5460195786927,14.270809698135443,-14.270809698135443,-0.06687127809401527,0.0
M0,52,3,batch1-20,5.4C(80%)-5.4C,534.0,585.3193920148592,9.610373036490488,9.610373036490488,0.03985165578464045,0.06581077380285683
M0,52,3,batch1-21,5.4C(80%)-5.4C,559.0,579.1656158865219,3.607444702418943,3.607444702418943,0.015390962716326229,0.08271017940103276
M0,52,0,batch1-24,6C(40%)-3C,1017.0,871.305474889443,14.325912006937761,-14.325912006937761,-0.06715050997003802,0.0
M0,52,0,batch1-25,6C(40%)-3C,854.0,931.8308059233105,9.113677508584374,9.113677508584374,0.037879193248215426,0.0
M0,52,3,batch1-26,6C(40%)-3.6C,870.0,764.9616781331192,12.073370329526528,-12.073370329526528,-0.0558795735332267,0.0
M0,52,3,batch1-27,6C(40%)-3.6C,842.0,793.4592227632502,5.764937914103304,-5.764937914103304,-0.025787478977095546,0.0
M0,52,1,batch1-28,6C(50%)-3C,860.0,809.0848464275717,5.920366694468403,-5.920366694468403,-0.02650438401554034,0.0
M0,52,1,batch1-29,6C(50%)-3C,917.0,805.1022650438442,12.202588326734544,-12.202588326734544,-0.05651828719853924,0.0
M0,52,1,batch1-34,7C(30%)-3.6C,742.0,811.5126612505097,9.368283187400232,9.368283187400232,0.03889139481462811,0.0
M0,52,1,batch1-35,7C(30%)-3.6C,703.0,765.5307924040281,8.89484955960571,8.89484955960571,0.037007339253118055,0.0
M0,52,4,batch1-36,7C(40%)-3C,704.0,700.6188641878339,0.4802749733190514,-0.4802749733190514,-0.0020908326086432893,0.0
M0,52,4,batch1-37,7C(40%)-3C,648.0,702.907185908979,8.473331158793062,8.473331158793062,0.035322977316091464,0.0
M0,52,4,batch1-38,7C(40%)-3.6C,617.0,588.8754292132131,4.558277275005977,-4.558277275005977,-0.020261730242927545,0.0
M0,52,4,batch1-39,7C(40%)-3.6C,625.0,620.635101458669,0.6983837666129511,-0.6983837666129511,-0.003043682868876907,0.0
M0,52,3,batch1-40,8C(15%)-3.6C,966.0,900.0316070900517,6.8290261811540685,-6.8290261811540685,-0.030719365260869935,0.0
M0,52,3,batch1-41,8C(15%)-3.6C,1051.0,909.2544214158909,13.486734403816284,-13.486734403816284,-0.06291729446002448,0.0
M0,52,2,batch1-42,8C(25%)-3.6C,702.0,706.7684689478318,0.6792690808877238,0.6792690808877238,0.0029400539632398193,0.0
M0,52,2,batch1-43,8C(25%)-3.6C,651.0,707.6519387309941,8.702294735943788,8.702294735943788,0.03623871226144226,0.0
M0,53,2,batch1-05,4.4C(80%)-4.4C,1074.0,971.5577085402716,9.538388404071544,-9.538388404071544,-0.04353567945784009,0.03198144045256601
M0,53,1,batch1-06,4.8C(80%)-4.8C,636.0,769.9331159186382,21.05866602494312,21.05866602494312,0.08299588400575741,0.0
M0,53,1,batch1-07,4.8C(80%)-4.8C,870.0,794.0634815738623,8.728335451280195,-8.728335451280195,-0.03966402903891675,0.0
M0,53,2,batch1-09,5.4C(40%)-3.6C,1054.0,900.2799391255643,14.584446003267146,-14.584446003267146,-0.06846303797752773,0.0
M0,53,0,batch1-11,5.4C(50%)-3C,788.0,1020.0755418024197,29.45121088863194,29.45121088863194,0.11210611718720198,0.0
M0,53,3,batch1-14,5.4C(60%)-3C,880.0,942.4252629516853,7.093779880873334,7.093779880873334,0.029764247285067658,0.0
M0,53,3,batch1-15,5.4C(60%)-3C,719.0,923.8119741390176,28.485670951184645,28.485670951184645,0.10885469674262538,0.0
M0,53,4,batch1-18,5.4C(70%)-3C,691.0,682.8534513386622,1.178950602219647,-1.178950602219647,-0.005150538574051122,0.0
M0,53,4,batch1-19,5.4C(70%)-3C,788.0,668.9223268350298,15.111379843270328,-15.111379843270328,-0.07115052570880165,0.0
M0,53,3,batch1-20,5.4C(80%)-5.4C,534.0,582.256734652348,9.03684169519625,9.03684169519625,0.037573263459290906,0.06581077380285683
M0,53,3,batch1-21,5.4C(80%)-5.4C,559.0,575.3183262989558,2.9191996956987034,2.9191996956987034,0.012496400458118284,0.08271017940103276
M0,53,2,batch1-24,6C(40%)-3C,1017.0,833.5791068435675,18.035486052746556,-18.035486052746556,-0.08637413215954792,0.0
M0,53,2,batch1-25,6C(40%)-3C,854.0,882.3804558343371,3.3232383880956804,3.3232383880956804,0.014198009503214148,0.0
M0,53,0,batch1-26,6C(40%)-3.6C,870.0,772.3902074916238,11.21951638027313,-11.21951638027313,-0.05168249354351273,0.0
M0,53,0,batch1-27,6C(40%)-3.6C,842.0,808.9558781584701,3.9244800286852595,-3.9244800286852595,-0.017387256407598528,0.0
M0,53,4,batch1-28,6C(50%)-3C,860.0,779.9560239910547,9.307439070807588,-9.307439070807588,-0.042428334548503255,0.0
M0,53,4,batch1-29,6C(50%)-3C,917.0,776.5375409387841,15.317607313109693,-15.317607313109693,-0.07220687956106886,0.0
M0,53,1,batch1-34,7C(30%)-3.6C,742.0,813.597826665789,9.649302785146757,9.649302785146757,0.040005874522195395,0.0
M0,53,1,batch1-35,7C(30%)-3.6C,703.0,771.9213852140114,9.803895478522243,9.803895478522243,0.04061774771714033,0.0
M0,53,3,batch1-36,7C(40%)-3C,704.0,721.4977434156991,2.485474917002716,2.485474917002716,0.010662317973274327,0.0
M0,53,3,batch1-37,7C(40%)-3C,648.0,723.7725372402474,11.693292783988797,11.693292783988797,0.048027094383636726,0.0
M0,53,0,batch1-38,7C(40%)-3.6C,617.0,580.0109396108123,5.994985476367532,-5.994985476367532,-0.026848979146502305,0.0
M0,53,0,batch1-39,7C(40%)-3.6C,625.0,613.7484120541534,1.8002540713354573,-1.8002540713354573,-0.007889635857874833,0.0
M0,53,4,batch1-40,8C(15%)-3.6C,966.0,900.5770773658724,6.772559278895201,-6.772559278895201,-0.030456237863870417,0.0
M0,53,4,batch1-41,8C(15%)-3.6C,1051.0,910.6617128999499,13.352834167464334,-13.352834167464334,-0.06224563818284734,0.0
M0,53,1,batch1-42,8C(25%)-3.6C,702.0,716.9696515808055,2.13242900011474,2.13242900011474,0.009163660790524553,0.0
M0,53,1,batch1-43,8C(25%)-3.6C,651.0,717.9242432830008,10.280221702457881,10.280221702457881,0.04249763052094391,0.0
M0,54,3,batch1-05,4.4C(80%)-4.4C,1074.0,994.2135713519249,7.428903970956714,-7.428903970956714,-0.03352459425334908,0.03198144045256601
M0,54,3,batch1-06,4.8C(80%)-4.8C,636.0,754.7432818357602,18.670327332666695,18.670327332666695,0.07434214029694575,0.0
M0,54,3,batch1-07,4.8C(80%)-4.8C,870.0,777.7151443312416,10.60745467456993,-10.60745467456993,-0.04869869662935189,0.0
M0,54,4,batch1-09,5.4C(40%)-3.6C,1054.0,912.0132947521641,13.471224406815546,-13.471224406815546,-0.06283944163208188,0.0
M0,54,0,batch1-11,5.4C(50%)-3C,788.0,1008.6240748320009,27.99797903959403,27.99797903959403,0.10720311262535764,0.0
M0,54,1,batch1-14,5.4C(60%)-3C,880.0,949.5250346526069,7.900572119614421,7.900572119614421,0.033023747442250784,0.0
M0,54,1,batch1-15,5.4C(60%)-3C,719.0,930.243756560866,29.380216489689293,29.380216489689293,0.11186787350255889,0.0
M0,54,4,batch1-18,5.4C(70%)-3C,691.0,684.2675490100926,0.9743054978158351,-0.9743054978158351,-0.004252103052338363,0.0
M0,54,4,batch1-19,5.4C(70%)-3C,788.0,669.927146656053,14.98386463755673,-14.98386463755673,-0.07049864094632197,0.0
M0,54,1,batch1-20,5.4C(80%)-5.4C,534.0,578.6657610293996,8.36437472460667,8.36437472460667,0.03488652940289594,0.06581077380285683
M0,54,1,batch1-21,5.4C(80%)-5.4C,559.0,571.5752880626465,2.249604304587916,2.249604304587916,0.009661636007824548,0.08271017940103276
M0,54,3,batch1-24,6C(40%)-3C,1017.0,845.9797615897447,16.816149302876624,-16.816149302876624,-0.07996097940503377,0.0
M0,54,3,batch1-25,6C(40%)-3C,854.0,898.267031358337,5.183493133294733,5.183493133294733,0.02194758959327503,0.0
M0,54,4,batch1-26,6C(40%)-3.6C,870.0,757.6549024796357,12.913229600041879,-12.913229600041879,-0.060047814896869056,0.0
M0,54,4,batch1-27,6C(40%)-3.6C,842.0,789.405054830489,6.246430542697268,-6.246430542697268,-0.0280121884951825,0.0
M0,54,2,batch1-28,6C(50%)-3C,860.0,794.3238575091929,7.636760754745016,-7.636760754745016,-0.03450084446782187,0.0
M0,54,2,batch1-29,6C(50%)-3C,917.0,790.7365198281069,13.769190858439813,-13.769190858439813,-0.06433753870435277,0.0
M0,54,1,batch1-34,7C(30%)-3.6C,742.0,822.140365131747,10.800588292688273,10.800588292688273,0.04454206627318724,0.0
M0,54,1,batch1-35,7C(30%)-3.6C,703.0,777.7915059117331,10.638905535097171,10.638905535097171,0.04390787098394666,0.0
M0,54,2,batch1-36,7C(40%)-3C,704.0,702.1537646045301,0.2622493459474255,-0.2622493459474255,-0.001140430478477228,0.0
M0,54,2,batch1-37,7C(40%)-3C,648.0,704.3506094071267,8.69608169863067,8.69608169863067,0.03621388882102927,0.0
M0,54,2,batch1-38,7C(40%)-3.6C,617.0,594.4888728449129,3.6484809003382717,-3.6484809003382717,-0.01614143377033672,0.0
M0,54,2,batch1-39,7C(40%)-3.6C,625.0,625.1702385154562,0.027238162472986004,0.027238162472986004,0.00011827772898298505,0.0
M0,54,0,batch1-40,8C(15%)-3.6C,966.0,942.7591843032288,2.405881542108816,-2.405881542108816,-0.010576354446524494,0.0
M0,54,0,batch1-41,8C(15%)-3.6C,1051.0,954.147096468846,9.21530956528582,-9.21530956528582,-0.04198738298013671,0.0
M0,54,0,batch1-42,8C(25%)-3.6C,702.0,707.7014521350904,0.8121726688163032,0.8121726688163032,0.0035129746067368295,0.0
M0,54,0,batch1-43,8C(25%)-3.6C,651.0,708.704732179085,8.86401415961367,8.86401415961367,0.03688434408383179,0.0
M0,55,1,batch1-05,4.4C(80%)-4.4C,1074.0,970.5814927914412,9.629283725191696,-9.629283725191696,-0.04397227550438432,0.03198144045256601
M0,55,2,batch1-06,4.8C(80%)-4.8C,636.0,770.1744368707896,21.09660957087886,21.09660957087886,0.08313198405741273,0.0
M0,55,2,batch1-07,4.8C(80%)-4.8C,870.0,796.6265306479194,8.433732109434555,-8.433732109434555,-0.0382644866711872,0.0
M0,55,1,batch1-09,5.4C(40%)-3.6C,1054.0,898.6727613554535,14.736929662670443,-14.736929662670443,-0.06923903239084561,0.0
M0,55,2,batch1-11,5.4C(50%)-3C,788.0,1025.341906508774,30.119531282839336,30.119531282839336,0.11434249019509801,0.0
M0,55,0,batch1-14,5.4C(60%)-3C,880.0,942.9507707157867,7.153496672248487,7.153496672248487,0.030006347666085897,0.0
M0,55,0,batch1-15,5.4C(60%)-3C,719.0,923.4739551903084,28.438658580015076,28.438658580015076,0.1086957611241477,0.0
M0,55,3,batch1-18,5.4C(70%)-3C,691.0,691.411209530963,0.059509338779014785,0.059509338779014785,0.00025836890534325363,0.0
M0,55,3,batch1-19,5.4C(70%)-3C,788.0,676.7097645809129,14.123126322219179,-14.123126322219179,-0.06612377431033822,0.0
M0,55,0,batch1-20,5.4C(80%)-5.4C,534.0,569.7385846299878,6.692618844567008,6.692618844567008,0.02813437531991525,0.2526694804336085
M0,55,0,batch1-21,5.4C(80%)-5.4C,559.0,562.6370324653528,0.6506319258234046,0.6506319258234046,0.0028165059115741187,0.2695688860317844
M0,55,3,batch1-24,6C(40%)-3C,1017.0,849.1941437305554,16.500084195618935,-16.500084195618935,-0.07831396242910627,0.0
M0,55,3,batch1-25,6C(40%)-3C,854.0,904.9164256434675,5.962110731085188,5.962110731085188,0.02515060071742692,0.0
M0,55,4,batch1-26,6C(40%)-3.6C,870.0,765.9158672500549,11.963693419533916,-11.963693419533916,-0.055338185852557675,0.0
M0,55,4,batch1-27,6C(40%)-3.6C,842.0,796.59264036571,5.392798056328972,-5.392798056328972,-0.02407580180812019,0.0
M0,55,1,batch1-28,6C(50%)-3C,860.0,782.6070394685003,8.999181457151133,-8.999181457151133,-0.040954701227877255,0.0
M0,55,1,batch1-29,6C(50%)-3C,917.0,779.372054770655,15.008500025010354,-15.008500025010354,-0.07062450603331394,0.0
M0,55,4,batch1-34,7C(30%)-3.6C,742.0,793.8761787456197,6.991398752778929,6.991398752778929,0.029348865308082672,0.0
M0,55,4,batch1-35,7C(30%)-3.6C,703.0,754.3731092697591,7.307696908927324,7.307696908927324,0.03063087392484576,0.0
M0,55,3,batch1-36,7C(40%)-3C,704.0,701.0420921600215,0.4201573636333061,-0.4201573636333061,-0.0018285643651543282,0.0
M0,55,3,batch1-37,7C(40%)-3C,648.0,703.2614853095534,8.528006992215039,8.528006992215039,0.03554182770156311,0.0
M0,55,0,batch1-38,7C(40%)-3.6C,617.0,598.258582407824,3.0375069031079494,-3.0375069031079494,-0.013396226466740213,0.18685870663075166
M0,55,0,batch1-39,7C(40%)-3.6C,625.0,630.8577287639896,0.9372366022383357,0.9372366022383357,0.0040514107124356435,0.11537318780629091
M0,55,4,batch1-40,8C(15%)-3.6C,966.0,912.0145970806598,5.588551026846815,-5.588551026846815,-0.024975337011583942,0.0
M0,55,4,batch1-41,8C(15%)-3.6C,1051.0,922.052497464895,12.269029736927207,-12.269029736927207,-0.05684706752313806,0.0
M0,55,2,batch1-42,8C(25%)-3.6C,702.0,712.391899766926,1.4803276021262153,1.4803276021262153,0.006381860555665142,0.0
M0,55,2,batch1-43,8C(25%)-3.6C,651.0,713.4298774722263,9.589842929681456,9.589842929681456,0.039770304476779206,0.0
M0,56,4,batch1-05,4.4C(80%)-4.4C,1074.0,1042.0957919105406,2.9705966563742474,-2.9705966563742474,-0.01309663918887205,0.03198144045256601
M0,56,1,batch1-06,4.8C(80%)-4.8C,636.0,764.6907735076967,20.234398350266776,20.234398350266776,0.08002873452630377,0.0
M0,56,1,batch1-07,4.8C(80%)-4.8C,870.0,791.829252020619,8.985143445905857,-8.985143445905857,-0.04088771105431599,0.0
M0,56,3,batch1-09,5.4C(40%)-3.6C,1054.0,915.5716599544257,13.13361860014936,-13.13361860014936,-0.06114826955193209,0.0
M0,56,1,batch1-11,5.4C(50%)-3C,788.0,1027.6217349620827,30.408849614477496,30.408849614477496,0.11530706385238965,0.0
M0,56,4,batch1-14,5.4C(60%)-3C,880.0,940.9625603890136,6.927563680569723,6.927563680569723,0.029089671638480752,0.0
M0,56,4,batch1-15,5.4C(60%)-3C,719.0,920.8413760722515,28.072514057336782,28.072514057336782,0.10745593478723148,0.0
M0,56,4,batch1-18,5.4C(70%)-3C,691.0,694.0319680657991,0.43877974903026135,0.43877974903026135,0.0019014277417817027,0.0
M0,56,4,batch1-19,5.4C(70%)-3C,788.0,678.1201213893083,13.944147031813664,-13.944147031813664,-0.06521958640159431,0.0
M0,56,2,batch1-20,5.4C(80%)-5.4C,534.0,585.3193920148592,9.610373036490488,9.610373036490488,0.03985165578464045,0.06581077380285683
M0,56,2,batch1-21,5.4C(80%)-5.4C,559.0,579.1656158865219,3.607444702418943,3.607444702418943,0.015390962716326229,0.08271017940103276
M0,56,0,batch1-24,6C(40%)-3C,1017.0,854.7686244131406,15.95195433499109,-15.95195433499109,-0.07547238057989691,0.0
M0,56,0,batch1-25,6C(40%)-3C,854.0,908.3349318635595,6.3624041994800375,6.3624041994800375,0.026788145496374316,0.0
M0,56,2,batch1-26,6C(40%)-3.6C,870.0,764.9616781331192,12.073370329526528,-12.073370329526528,-0.0558795735332267,0.0
M0,56,2,batch1-27,6C(40%)-3.6C,842.0,793.4592227632502,5.764937914103304,-5.764937914103304,-0.025787478977095546,0.0
M0,56,3,batch1-28,6C(50%)-3C,860.0,791.8562685923267,7.923689698566659,-7.923689698566659,-0.03585209215664342,0.0
M0,56,3,batch1-29,6C(50%)-3C,917.0,788.4205474356837,14.021750552270044,-14.021750552270044,-0.06561140154200151,0.0
M0,56,3,batch1-34,7C(30%)-3.6C,742.0,793.9497267241062,7.001310879259595,7.001310879259595,0.02938909828466363,0.0
M0,56,3,batch1-35,7C(30%)-3.6C,703.0,754.17116288673,7.278970538652921,7.278970538652921,0.03051459732371109,0.0
M0,56,0,batch1-36,7C(40%)-3C,704.0,711.5702568193693,1.075320570933142,1.075320570933142,0.00464512741819334,0.0
M0,56,0,batch1-37,7C(40%)-3C,648.0,713.7245631972605,10.142679505750081,10.142679505750081,0.041955637611093,0.0
M0,56,1,batch1-38,7C(40%)-3.6C,617.0,588.1156123980162,4.681424246674847,-4.681424246674847,-0.020822455489375447,0.0
M0,56,1,batch1-39,7C(40%)-3.6C,625.0,621.9191775138472,0.4929315977844453,-0.4929315977844453,-0.0021460684095884197,0.0
M0,56,2,batch1-40,8C(15%)-3.6C,966.0,900.0316070900517,6.8290261811540685,-6.8290261811540685,-0.030719365260869935,0.0
M0,56,2,batch1-41,8C(15%)-3.6C,1051.0,909.2544214158909,13.486734403816284,-13.486734403816284,-0.06291729446002448,0.0
M0,56,0,batch1-42,8C(25%)-3.6C,702.0,709.8053505673676,1.1118733001948082,1.1118733001948082,0.004802156639340804,0.0
M0,56,0,batch1-43,8C(25%)-3.6C,651.0,710.7359410441263,9.176027810157652,9.176027810157652,0.03812728916840635,0.0
M0,57,1,batch1-05,4.4C(80%)-4.4C,1074.0,1022.3519789632451,4.808940506215542,-4.808940506215542,-0.021403839376547662,0.11949435672945175
M0,57,2,batch1-06,4.8C(80%)-4.8C,636.0,747.3132315181658,17.502080427384563,17.502080427384563,0.07004555605570806,0.0
M0,57,2,batch1-07,4.8C(80%)-4.8C,870.0,770.8394631402625,11.397762857441089,-11.397762857441089,-0.05255531235219735,0.0
M0,57,3,batch1-09,5.4C(40%)-3.6C,1054.0,913.3712824589278,13.342383068412921,-13.342383068412921,-0.06219325815523424,0.0
M0,57,1,batch1-11,5.4C(50%)-3C,788.0,998.8688885584593,26.760011238383157,26.760011238383157,0.10298226902226704,0.08751291627688573
M0,57,0,batch1-14,5.4C(60%)-3C,880.0,956.3780913270554,8.679328559892655,8.679328559892655,0.036146946606045116,0.0
M0,57,0,batch1-15,5.4C(60%)-3C,719.0,936.3702649648897,30.232303889414418,30.232303889414418,0.11471872356234947,0.0
M0,57,4,batch1-18,5.4C(70%)-3C,691.0,701.7892728039064,1.5613998269039715,1.5613998269039715,0.006728678149994671,0.0
M0,57,4,batch1-19,5.4C(70%)-3C,788.0,687.4981770297962,12.7540384479954,-12.7540384479954,-0.05925466656100031,0.0
M0,57,4,batch1-20,5.4C(80%)-5.4C,534.0,578.6949864521223,8.369847650210167,8.369847650210167,0.034908462823136865,0.06581077380285683
M0,57,4,batch1-21,5.4C(80%)-5.4C,559.0,572.0650004007892,2.3372093740231206,2.3372093740231206,0.010033570052680574,0.08271017940103276
M0,57,3,batch1-24,6C(40%)-3C,1017.0,841.5510549256657,17.251617018125305,-17.251617018125305,-0.08224048418560326,0.0
M0,57,3,batch1-25,6C(40%)-3C,854.0,894.063506031102,4.691277052822242,4.691277052822242,0.019910497479760814,0.0
M0,57,2,batch1-26,6C(40%)-3.6C,870.0,761.1177575643081,12.515200279964583,-12.515200279964583,-0.058067398076744325,0.0
M0,57,2,batch1-27,6C(40%)-3.6C,842.0,792.684009445368,5.857006004113062,-5.857006004113062,-0.02621199409808117,0.0
M0,57,2,batch1-28,6C(50%)-3C,860.0,787.7470768773273,8.401502688682868,-8.401502688682868,-0.03811165094739044,0.0
M0,57,2,batch1-29,6C(50%)-3C,917.0,784.2353490462989,14.478151685245486,-14.478151685245486,-0.06792292164136837,0.0
M0,57,0,batch1-34,7C(30%)-3.6C,742.0,824.4357801943852,11.10994342242388,11.10994342242388,0.04575292644991169,0.0
M0,57,0,batch1-35,7C(30%)-3.6C,703.0,778.6421280019815,10.759904409954697,10.759904409954697,0.04438257226090503,0.0
M0,57,0,batch1-36,7C(40%)-3C,704.0,720.5631653988175,2.352722357786583,2.352722357786583,0.010099398432242168,0.0
M0,57,0,batch1-37,7C(40%)-3C,648.0,722.971254823228,11.569638090004327,11.569638090004327,0.0475460243149084,0.0
M0,57,3,batch1-38,7C(40%)-3.6C,617.0,597.1951270151518,3.209865961887877,-3.209865961887877,-0.014168908716128303,0.0
M0,57,3,batch1-39,7C(40%)-3.6C,625.0,626.8697807575078,0.2991649212012453,0.2991649212012453,0.0012973171517836057,0.0
M0,57,1,batch1-40,8C(15%)-3.6C,966.0,934.4951671296336,3.261369862356769,-3.261369862356769,-0.014400066708517567,0.0
M0,57,1,batch1-41,8C(15%)-3.6C,1051.0,945.62949898769,10.02573748927783,-10.02573748927783,-0.04588170442872119,0.01213032919585011
M0,57,4,batch1-42,8C(25%)-3.6C,702.0,709.3787815946056,1.0511084892600548,1.0511084892600548,0.004541081909991362,0.0
M0,57,4,batch1-43,8C(25%)-3.6C,651.0,710.3096853955161,9.110550751999401,9.110550751999401,0.037866747946957435,0.0
M0,58,4,batch1-05,4.4C(80%)-4.4C,1074.0,1034.6562625625045,3.6632902641988383,-3.6632902641988383,-0.016208190572832404,0.10736402753360164
M0,58,2,batch1-06,4.8C(80%)-4.8C,636.0,773.3695557917695,21.59898675971218,21.59898675971218,0.08492995613326881,0.0
M0,58,2,batch1-07,4.8C(80%)-4.8C,870.0,799.4599349420326,8.108053454938776,-8.108053454938776,-0.03672254872596836,0.0
M0,58,1,batch1-09,5.4C(40%)-3.6C,1054.0,908.675779113374,13.78787674446167,-13.78787674446167,-0.06443165885306223,0.0
M0,58,4,batch1-11,5.4C(50%)-3C,788.0,1009.8741613661014,28.15661946270322,28.15661946270322,0.10774104299689435,0.07538258708103562
M0,58,2,batch1-14,5.4C(60%)-3C,880.0,950.4456881796358,8.005191838594977,8.005191838594977,0.03344463264118813,0.0
M0,58,2,batch1-15,5.4C(60%)-3C,719.0,930.7725819687179,29.453766615955196,29.453766615955196,0.11211469128480722,0.0
M0,58,3,batch1-18,5.4C(70%)-3C,691.0,687.0434513709336,0.5725830143366782,-0.5725830143366782,-0.0024938429290788378,0.0
M0,58,3,batch1-19,5.4C(70%)-3C,788.0,672.3326616654196,14.678596235352847,-14.678596235352847,-0.06894200786132254,0.0
M0,58,0,batch1-20,5.4C(80%)-5.4C,534.0,581.4648577554584,8.888550141471613,8.888550141471613,0.03698221518453115,0.2526694804336085
M0,58,0,batch1-21,5.4C(80%)-5.4C,559.0,574.9838519608123,2.85936528815963,2.85936528815963,0.01224384010270363,0.2695688860317844
M0,58,0,batch1-24,6C(40%)-3C,1017.0,849.4167219662077,16.478198430068076,-16.478198430068076,-0.0782001464845119,0.0
M0,58,0,batch1-25,6C(40%)-3C,854.0,901.2021254203765,5.527180962573366,5.527180962573366,0.023364336616286785,0.0
M0,58,4,batch1-26,6C(40%)-3.6C,870.0,773.5518180643966,11.085997923632577,-11.085997923632577,-0.05102984144081013,0.0
M0,58,4,batch1-27,6C(40%)-3.6C,842.0,808.6173375386168,3.9646867531334005,-3.9646867531334005,-0.017569042707992644,0.0
M0,58,3,batch1-28,6C(50%)-3C,860.0,789.9829693490394,8.14151519197216,-8.14151519197216,-0.036880722481557715,0.0
M0,58,3,batch1-29,6C(50%)-3C,917.0,786.3475899421711,14.247809166611654,-14.247809166611654,-0.06675477560359422,0.0
M0,58,1,batch1-34,7C(30%)-3.6C,742.0,793.5076366827344,6.941730011150191,6.941730011150191,0.029147205463021297,0.0
M0,58,1,batch1-35,7C(30%)-3.6C,703.0,755.6573314577215,7.490374318310315,7.490374318310315,0.0313695752505847,0.0
M0,58,2,batch1-36,7C(40%)-3C,704.0,718.2668912903193,2.0265470582839966,2.0265470582839966,0.008713188829106322,0.0
M0,58,2,batch1-37,7C(40%)-3C,648.0,720.6415708502793,11.21011895837644,11.21011895837644,0.046144305302223465,0.0
M0,58,0,batch1-38,7C(40%)-3.6C,617.0,607.4073916366575,1.5547177250149906,-1.5547177250149906,-0.006805091420570175,0.18685870663075166
M0,58,0,batch1-39,7C(40%)-3.6C,625.0,636.9000260871468,1.9040041739434854,1.9040041739434854,0.008191249330098405,0.11537318780629091
M0,58,1,batch1-40,8C(15%)-3.6C,966.0,906.2420633344608,6.186121808026833,-6.186121808026833,-0.02773291027384106,0.0
M0,58,1,batch1-41,8C(15%)-3.6C,1051.0,915.7910707419453,12.864788702003302,-12.864788702003302,-0.05980631132707037,0.0
M0,58,3,batch1-42,8C(25%)-3.6C,702.0,694.8622035825243,1.0167801164495256,-1.0167801164495256,-0.004438422873682679,0.0
M0,58,3,batch1-43,8C(25%)-3.6C,651.0,695.821526207782,6.885027067247615,6.885027067247615,0.02891687155571887,0.0
M0,59,2,batch1-05,4.4C(80%)-4.4C,1074.0,1022.3519789632451,4.808940506215542,-4.808940506215542,-0.021403839376547662,0.11949435672945175
M0,59,4,batch1-06,4.8C(80%)-4.8C,636.0,758.5569500723108,19.26996070319352,19.26996070319352,0.07653107616343702,0.0
M0,59,4,batch1-07,4.8C(80%)-4.8C,870.0,782.3582468731136,10.073764727228326,-10.073764727228326,-0.04611358777729979,0.0
M0,59,0,batch1-09,5.4C(40%)-3.6C,1054.0,928.2663717294582,11.929186742935652,-11.929186742935652,-0.05516799330791722,0.0
M0,59,2,batch1-11,5.4C(50%)-3C,788.0,998.8688885584593,26.760011238383157,26.760011238383157,0.10298226902226704,0.08751291627688573
M0,59,1,batch1-14,5.4C(60%)-3C,880.0,937.9789114580387,6.5885126656862205,6.5885126656862205,0.02771040211337228,0.0
M0,59,1,batch1-15,5.4C(60%)-3C,719.0,918.9270517544112,27.80626589073869,27.80626589073869,0.10655214627202536,0.0
M0,59,3,batch1-18,5.4C(70%)-3C,691.0,679.1192750511519,1.71935238044111,-1.71935238044111,-0.007531990402435795,0.0
M0,59,3,batch1-19,5.4C(70%)-3C,788.0,663.9516598940982,15.742175140342873,-15.742175140342873,-0.0743897565032774,0.0
M0,59,1,batch1-20,5.4C(80%)-5.4C,534.0,571.5535704759135,7.032503834440728,7.032503834440728,0.02951568508986968,0.06581077380285683
M0,59,1,batch1-21,5.4C(80%)-5.4C,559.0,564.5483834364327,0.992555176463808,0.992555176463808,0.004289360268291631,0.08271017940103276
M0,59,1,batch1-24,6C(40%)-3C,1017.0,867.2683161867981,14.722879430993308,-14.722879430993308,-0.06916747227275,0.0
M0,59,1,batch1-25,6C(40%)-3C,854.0,925.6167070385263,8.386031269148281,8.386031269148281,0.03497331417988114,0.0
M0,59,4,batch1-26,6C(40%)-3.6C,870.0,772.5231672859217,11.204233645296362,-11.204233645296362,-0.05160774021939263,0.0
M0,59,4,batch1-27,6C(40%)-3.6C,842.0,804.4560785888015,4.458898029833556,-4.458898029833556,-0.01980975387533057,0.0
M0,59,3,batch1-28,6C(50%)-3C,860.0,785.6365210851642,8.646916152887885,-8.646916152887885,-0.03927678738995555,0.0
M0,59,3,batch1-29,6C(50%)-3C,917.0,781.8639834988774,14.736752072096253,-14.736752072096253,-0.06923812781954863,0.0
M0,59,0,batch1-34,7C(30%)-3.6C,742.0,805.1508171550219,8.510891799868174,8.510891799868174,0.03547333275757181,0.0
M0,59,0,batch1-35,7C(30%)-3.6C,703.0,764.8770810429245,8.801860745792958,8.801860745792958,0.03663632279524798,0.0
M0,59,4,batch1-36,7C(40%)-3C,704.0,708.1043491520536,0.5830041409167047,0.5830041409167047,0.002524602674241816,0.0
M0,59,4,batch1-37,7C(40%)-3C,648.0,710.2839897569572,9.61172681434525,9.61172681434525,0.039857019643963376,0.0
M0,59,3,batch1-38,7C(40%)-3.6C,617.0,577.2816659039247,6.43733129596034,-6.43733129596034,-0.02889739923025436,0.0
M0,59,3,batch1-39,7C(40%)-3.6C,625.0,609.0151032097777,2.5575834864355604,-2.5575834864355604,-0.011251954334628333,0.0
M0,59,2,batch1-40,8C(15%)-3.6C,966.0,934.4951671296336,3.261369862356769,-3.261369862356769,-0.014400066708517567,0.0
M0,59,2,batch1-41,8C(15%)-3.6C,1051.0,945.62949898769,10.02573748927783,-10.02573748927783,-0.04588170442872119,0.01213032919585011
M0,59,0,batch1-42,8C(25%)-3.6C,702.0,711.6940693963069,1.3809215664254804,1.3809215664254804,0.005956234701490537,0.0
M0,59,0,batch1-43,8C(25%)-3.6C,651.0,712.6187546127333,9.465246484290821,9.465246484290821,0.039276259305967454,0.0
M0,60,1,batch1-05,4.4C(80%)-4.4C,1074.0,1030.968908903143,4.006619282761353,-4.006619282761353,-0.017758712971776447,0.03198144045256601
M0,60,4,batch1-06,4.8C(80%)-4.8C,636.0,761.5143838705303,19.73496601737898,19.73496601737898,0.0782209952759163,0.0
M0,60,4,batch1-07,4.8C(80%)-4.8C,870.0,782.6750245349292,10.037353501732275,-10.037353501732275,-0.04593777708380342,0.0
M0,60,2,batch1-09,5.4C(40%)-3.6C,1054.0,910.9012940414034,13.576727320549963,-13.576727320549963,-0.06336929183507811,0.0
M0,60,3,batch1-11,5.4C(50%)-3C,788.0,1028.9350776412753,30.57551746716691,30.57551746716691,0.11586175560947032,0.0
M0,60,1,batch1-14,5.4C(60%)-3C,880.0,934.0404222505554,6.140957073926747,6.140957073926747,0.025882999348116886,0.0
M0,60,1,batch1-15,5.4C(60%)-3C,719.0,914.7160897925216,27.220596633174083,27.220596633174083,0.10455742797913681,0.0
M0,60,0,batch1-18,5.4C(70%)-3C,691.0,690.6915349224204,0.04464038749343362,-0.04464038749343362,-0.00019391402479129738,0.0
M0,60,0,batch1-19,5.4C(70%)-3C,788.0,675.5460195786927,14.270809698135443,-14.270809698135443,-0.06687127809401527,0.0
M0,60,4,batch1-20,5.4C(80%)-5.4C,534.0,594.9815215683562,11.419760593325138,11.419760593325138,0.04696222095963387,0.06581077380285683
M0,60,4,batch1-21,5.4C(80%)-5.4C,559.0,588.8355246070538,5.337303149741287,5.337303149741287,0.022582195337404354,0.08271017940103276
M0,60,3,batch1-24,6C(40%)-3C,1017.0,875.5358001908883,13.909950817021802,-13.909950817021802,-0.06504704407098005,0.0
M0,60,3,batch1-25,6C(40%)-3C,854.0,938.2469210615425,9.864979047019027,9.864979047019027,0.04085927722353189,0.0
M0,60,1,batch1-26,6C(40%)-3.6C,870.0,775.1283721195318,10.904784813846916,-10.904784813846916,-0.05014561890419289,0.0
M0,60,1,batch1-27,6C(40%)-3.6C,842.0,809.5732122176829,3.8511624444557113,-3.8511624444557113,-0.017055962036675698,0.0
M0,60,2,batch1-28,6C(50%)-3C,860.0,789.3101214239748,8.219753322793627,-8.219753322793627,-0.037250779389174316,0.0
M0,60,2,batch1-29,6C(50%)-3C,917.0,785.9300212070217,14.293345560848234,-14.293345560848234,-0.0669854572598978,0.0
M0,60,3,batch1-34,7C(30%)-3.6C,742.0,816.4969546633492,10.04002084411715,10.04002084411715,0.0415506639830423,0.0
M0,60,3,batch1-35,7C(30%)-3.6C,703.0,769.7706202790854,9.497954520495789,9.497954520495789,0.03940600640208425,0.0
M0,60,0,batch1-36,7C(40%)-3C,704.0,700.6188641878339,0.4802749733190514,-0.4802749733190514,-0.0020908326086432893,0.0
M0,60,0,batch1-37,7C(40%)-3C,648.0,702.907185908979,8.473331158793062,8.473331158793062,0.035322977316091464,0.0
M0,60,0,batch1-38,7C(40%)-3.6C,617.0,588.8754292132131,4.558277275005977,-4.558277275005977,-0.020261730242927545,0.0
M0,60,0,batch1-39,7C(40%)-3.6C,625.0,620.635101458669,0.6983837666129511,-0.6983837666129511,-0.003043682868876907,0.0
M0,60,4,batch1-40,8C(15%)-3.6C,966.0,907.9968707525269,6.004464725411295,-6.004464725411295,-0.026892774609443393,0.0
M0,60,4,batch1-41,8C(15%)-3.6C,1051.0,917.1369698538555,12.736729795066083,-12.736729795066083,-0.0591685157894295,0.0
M0,60,2,batch1-42,8C(25%)-3.6C,702.0,700.4956097236212,0.21430060917076715,-0.21430060917076715,-0.000931694390638782,0.0
M0,60,2,batch1-43,8C(25%)-3.6C,651.0,701.395378300289,7.741225545359301,7.741225545359301,0.03238191129309653,0.0
M0,61,3,batch1-05,4.4C(80%)-4.4C,1074.0,1005.2899472945546,6.397584050786348,-6.397584050786348,-0.028712941647886403,0.03198144045256601
M0,61,3,batch1-06,4.8C(80%)-4.8C,636.0,762.4528470619015,19.882523122940484,19.882523122940484,0.07875587480446233,0.0
M0,61,3,batch1-07,4.8C(80%)-4.8C,870.0,785.7376872503353,9.685323304559162,-9.685323304559162,-0.04424166840292232,0.0
M0,61,4,batch1-09,5.4C(40%)-3.6C,1054.0,930.4147178916364,11.725358833810585,-11.725358833810585,-0.05416403915552648,0.0
M0,61,4,batch1-11,5.4C(50%)-3C,788.0,990.2338296307802,25.664191577510177,25.664191577510177,0.09921154168123403,0.0
M0,61,1,batch1-14,5.4C(60%)-3C,880.0,942.1996540270052,7.068142503068771,7.068142503068771,0.029660268280394586,0.0
M0,61,1,batch1-15,5.4C(60%)-3C,719.0,923.5689831595853,28.451875265589056,28.451875265589056,0.1087404489025019,0.0
M0,61,2,batch1-18,5.4C(70%)-3C,691.0,682.4266881192617,1.2407108365757291,-1.2407108365757291,-0.005422044636352652,0.0
M0,61,2,batch1-19,5.4C(70%)-3C,788.0,667.7966438153755,15.254233018353357,-15.254233018353357,-0.07188198542488022,0.0
M0,61,1,batch1-20,5.4C(80%)-5.4C,534.0,581.7851775764257,8.948535126671473,8.948535126671473,0.03722139529195623,0.06581077380285683
M0,61,1,batch1-21,5.4C(80%)-5.4C,559.0,574.8442201198234,2.8343864257286895,2.8343864257286895,0.012138361136221576,0.08271017940103276
M0,61,2,batch1-24,6C(40%)-3C,1017.0,839.5965333501689,17.443802030465204,-17.443802030465204,-0.08325031618770407,0.0
M0,61,2,batch1-25,6C(40%)-3C,854.0,895.1631023840683,4.820035407970531,4.820035407970531,0.020444302070291798,0.0
M0,61,2,batch1-26,6C(40%)-3.6C,870.0,757.404699103028,12.941988608847362,-12.941988608847362,-0.06019125736829212,0.0
M0,61,2,batch1-27,6C(40%)-3.6C,842.0,789.8963052357316,6.188087264164896,-6.188087264164896,-0.027742009094967823,0.0
M0,61,0,batch1-28,6C(50%)-3C,860.0,796.7511085949787,7.3545222563978205,-7.3545222563978205,-0.03317577482249545,0.0
M0,61,0,batch1-29,6C(50%)-3C,917.0,793.1092653237642,13.510439986503354,-13.510439986503354,-0.06303631221339856,0.0
M0,61,0,batch1-34,7C(30%)-3.6C,742.0,798.9705768873115,7.677975321740094,7.677975321740094,0.03212688088006255,0.0
M0,61,0,batch1-35,7C(30%)-3.6C,703.0,756.8522182970762,7.6603439967391465,7.6603439967391465,0.032055763141260574,0.0
M0,61,3,batch1-36,7C(40%)-3C,704.0,713.0306379727981,1.2827610756815488,1.2827610756815488,0.005535532163681189,0.0
M0,61,3,batch1-37,7C(40%)-3C,648.0,715.1676326353753,10.365375406693719,10.365375406693719,0.04283284487540051,0.0
M0,61,0,batch1-38,7C(40%)-3.6C,617.0,594.2132450458492,3.6931531530228123,-3.6931531530228123,-0.01634283600986519,0.0
M0,61,0,batch1-39,7C(40%)-3.6C,625.0,625.261898800243,0.04190380803887819,0.04190380803887819,0.00018194780715186099,0.0
M0,61,4,batch1-40,8C(15%)-3.6C,966.0,927.6557347349944,3.9693856381993333,-3.9693856381993333,-0.01759029270148238,0.0
M0,61,4,batch1-41,8C(15%)-3.6C,1051.0,938.4855142871712,10.705469620630712,-10.705469620630712,-0.04917514244189425,0.0
M0,61,1,batch1-42,8C(25%)-3.6C,702.0,719.2320926382326,2.454714051030291,2.454714051030291,0.010531945550783739,0.0
M0,61,1,batch1-43,8C(25%)-3.6C,651.0,720.2152096610812,10.632136660688355,10.632136660688355,0.043881300089027686,0.0
M1,42,0,batch1-05,4.4C(80%)-4.4C,1074.0,1020.3030749849164,4.9997136885552695,-4.9997136885552695,-0.02227508583438187,0.03198144045256601
M1,42,2,batch1-06,4.8C(80%)-4.8C,636.0,770.54660792481,21.155127032202834,21.155127032202834,0.08334179729878421,0.0
M1,42,2,batch1-07,4.8C(80%)-4.8C,870.0,943.8294005171102,8.486137990472441,8.486137990472441,0.0353742489785569,0.0
M1,42,2,batch1-09,5.4C(40%)-3.6C,1054.0,1011.978253493896,3.986882970218598,-3.986882970218598,-0.017669430871835257,0.0
M1,42,4,batch1-11,5.4C(50%)-3C,788.0,811.4589488605296,2.977023967072288,2.977023967072288,0.012740336574974531,0.0
M1,42,3,batch1-14,5.4C(60%)-3C,880.0,906.2051156036155,2.977854045865394,2.977854045865394,0.012743837328565544,0.0
M1,42,3,batch1-15,5.4C(60%)-3C,719.0,827.4530265398516,15.083870172441117,15.083870172441117,0.061014458417046225,0.0
M1,42,1,batch1-18,5.4C(70%)-3C,691.0,610.9914523544304,11.578661019619334,-11.578661019619334,-0.05344291278020474,0.0
M1,42,1,batch1-19,5.4C(70%)-3C,788.0,723.1051797955214,8.235383274680027,-8.235383274680027,-0.03732474497717542,0.0
M1,42,4,batch1-20,5.4C(80%)-5.4C,534.0,573.2150376425477,7.343640007967736,7.343640007967736,0.030776318066455755,0.06581077380285683
M1,42,4,batch1-21,5.4C(80%)-5.4C,559.0,616.1639067215777,10.226101381319811,10.226101381319811,0.042284446998836156,0.08271017940103276
M1,42,1,batch1-24,6C(40%)-3C,1017.0,833.0482398978844,18.087685359106747,-18.087685359106747,-0.08665080179824436,0.0
M1,42,1,batch1-25,6C(40%)-3C,854.0,905.1144843078266,5.9853026121576836,5.9853026121576836,0.025245644161044023,0.0
M1,42,3,batch1-26,6C(40%)-3.6C,870.0,856.7089708264289,1.5277045027093257,-1.5277045027093257,-0.006685938081472109,0.0
M1,42,3,batch1-27,6C(40%)-3.6C,842.0,835.4498261404186,0.777930387123679,-0.777930387123679,-0.0033917185205769584,0.0
M1,42,0,batch1-28,6C(50%)-3C,860.0,811.556499502511,5.632965174126631,-5.632965174126631,-0.025179691014749928,0.0
M1,42,0,batch1-29,6C(50%)-3C,917.0,819.4034855385023,10.643022296782737,-10.643022296782737,-0.048871528668325226,0.0
M1,42,3,batch1-34,7C(30%)-3.6C,742.0,804.2750901949953,8.392869298516887,8.392869298516887,0.03500071277278005,0.0
M1,42,3,batch1-35,7C(30%)-3.6C,703.0,745.1577017774005,5.996828133342882,5.996828133342882,0.025292869559138786,0.0
M1,42,4,batch1-36,7C(40%)-3C,704.0,738.0298737706861,4.833788887881547,4.833788887881547,0.020501282289574263,0.0
M1,42,4,batch1-37,7C(40%)-3C,648.0,712.9719422196415,10.026534293154553,10.026534293154553,0.04149743340771339,0.0
M1,42,0,batch1-38,7C(40%)-3.6C,617.0,557.9877367507908,9.564386264053363,-9.564386264053363,-0.043660509755136356,0.0
M1,42,0,batch1-39,7C(40%)-3.6C,625.0,646.6046516605717,3.456744265691468,3.456744265691468,0.014758807248274941,0.0
M1,42,1,batch1-40,8C(15%)-3.6C,966.0,983.8809366220872,1.8510286358268357,1.8510286358268357,0.007965419478623836,0.0
M1,42,1,batch1-41,8C(15%)-3.6C,1051.0,965.488961309274,8.136159723189913,-8.136159723189913,-0.03685540328815273,0.0
M1,42,2,batch1-42,8C(25%)-3.6C,702.0,739.4267378158745,5.331444133315457,5.331444133315457,0.02255803856487315,0.0
M1,42,2,batch1-43,8C(25%)-3.6C,651.0,642.6480733238155,1.282938045496845,-1.282938045496845,-0.005607778715358336,0.0
M1,43,4,batch1-05,4.4C(80%)-4.4C,1074.0,1050.7567115707116,2.1641795557996684,-2.1641795557996684,-0.009502108678147714,0.03198144045256601
M1,43,4,batch1-06,4.8C(80%)-4.8C,636.0,772.6964012965417,21.49314485794681,21.49314485794681,0.0845517739478594,0.0
M1,43,4,batch1-07,4.8C(80%)-4.8C,870.0,929.354573662707,6.822364788816899,6.822364788816899,0.028662187969068054,0.0
M1,43,1,batch1-09,5.4C(40%)-3.6C,1054.0,990.6626700247695,6.009234343001,-6.009234343001,-0.026914812583382908,0.0
M1,43,2,batch1-11,5.4C(50%)-3C,788.0,806.5307483509459,2.3516178110337487,2.3516178110337487,0.01009471168686682,0.0
M1,43,4,batch1-14,5.4C(60%)-3C,880.0,902.4675981551488,2.5531361539941857,2.5531361539941857,0.010948945967653056,0.0
M1,43,4,batch1-15,5.4C(60%)-3C,719.0,816.7392105597927,13.593770592460736,13.593770592460736,0.05535451560475746,0.0
M1,43,3,batch1-18,5.4C(70%)-3C,691.0,614.1777462280302,11.11754757915627,-11.11754757915627,-0.05118397096473615,0.0
M1,43,3,batch1-19,5.4C(70%)-3C,788.0,727.8725600980335,7.630385774361226,-7.630385774361226,-0.03447087016978001,0.0
M1,43,1,batch1-20,5.4C(80%)-5.4C,534.0,542.4413980700123,1.5807861554330092,1.5807861554330092,0.006811569603479839,0.06581077380285683
M1,43,1,batch1-21,5.4C(80%)-5.4C,559.0,591.603094995695,5.83239624252146,5.83239624252146,0.024618629473651232,0.08271017940103276
M1,43,2,batch1-24,6C(40%)-3C,1017.0,848.2584619288152,16.592088305917873,-16.592088305917873,-0.07879275221459547,0.0
M1,43,2,batch1-25,6C(40%)-3C,854.0,922.4817371680302,8.018938778457873,8.018938778457873,0.03349990628229982,0.0
M1,43,0,batch1-26,6C(40%)-3.6C,870.0,847.731662601197,2.5595790113566728,-2.5595790113566728,-0.011260848349851749,0.0
M1,43,0,batch1-27,6C(40%)-3.6C,842.0,818.8092191388453,2.7542495084506813,-2.7542495084506813,-0.01212936767211703,0.0
M1,43,0,batch1-28,6C(50%)-3C,860.0,810.2488210564514,5.785020807389367,-5.785020807389367,-0.025880043454223234,0.0
M1,43,0,batch1-29,6C(50%)-3C,917.0,817.5039293774386,10.850171278360026,-10.850171278360026,-0.04987948687245236,0.0
M1,43,3,batch1-34,7C(30%)-3.6C,742.0,789.8535802341138,6.4492695733307,6.4492695733307,0.027142685770957353,0.0
M1,43,3,batch1-35,7C(30%)-3.6C,703.0,730.6213737610334,3.929071658752972,3.929071658752972,0.01673704798979525,0.0
M1,43,2,batch1-36,7C(40%)-3C,704.0,720.946108112899,2.407117629673149,2.407117629673149,0.010330142576007173,0.0
M1,43,2,batch1-37,7C(40%)-3C,648.0,692.3903430674661,6.850361584485512,6.850361584485512,0.028775996166733986,0.0
M1,43,0,batch1-38,7C(40%)-3.6C,617.0,560.6951216865448,9.125588057286098,-9.125588057286098,-0.041558386486256094,0.0
M1,43,0,batch1-39,7C(40%)-3.6C,625.0,646.2259837169423,3.396157394710772,3.396157394710772,0.014504398977625232,0.0
M1,43,3,batch1-40,8C(15%)-3.6C,966.0,1002.4175445803861,3.769932151178686,3.769932151178686,0.01607153277547768,0.0
M1,43,3,batch1-41,8C(15%)-3.6C,1051.0,983.7766536531016,6.3961319074118395,-6.3961319074118395,-0.028706204076466513,0.0
M1,43,1,batch1-42,8C(25%)-3.6C,702.0,733.1270299218393,4.43404984641585,4.43404984641585,0.018842119829554527,0.0
M1,43,1,batch1-43,8C(25%)-3.6C,651.0,645.4714830281905,0.8492345578816429,-0.8492345578816429,-0.0037039287001809917,0.0
M1,44,3,batch1-05,4.4C(80%)-4.4C,1074.0,1023.171743469711,4.73261233987793,-4.73261233987793,-0.02105574346666028,0.03198144045256601
M1,44,4,batch1-06,4.8C(80%)-4.8C,636.0,775.8423882486559,21.98779689444275,21.98779689444275,0.08631638799870078,0.0
M1,44,4,batch1-07,4.8C(80%)-4.8C,870.0,903.7725278971604,3.881899758294304,3.881899758294304,0.01653988326569733,0.0
M1,44,2,batch1-09,5.4C(40%)-3.6C,1054.0,998.1042036176748,5.3032064878866425,-5.3032064878866425,-0.023664726208676434,0.0
M1,44,4,batch1-11,5.4C(50%)-3C,788.0,883.2870986365909,12.092271400582606,12.092271400582606,0.04957566965304938,0.0
M1,44,4,batch1-14,5.4C(60%)-3C,880.0,926.7214333877387,5.309253794061212,5.309253794061212,0.02246653543162136,0.0
M1,44,4,batch1-15,5.4C(60%)-3C,719.0,852.6124056640775,18.583088409468363,18.583088409468363,0.07402275703714123,0.0
M1,44,0,batch1-18,5.4C(70%)-3C,691.0,599.2423647690337,13.278963130385868,-13.278963130385868,-0.06187553818507219,0.0
M1,44,0,batch1-19,5.4C(70%)-3C,788.0,722.9250564684953,8.258241564911764,-8.258241564911764,-0.03743293990343943,0.0
M1,44,0,batch1-20,5.4C(80%)-5.4C,534.0,515.3676677888611,3.489200788602785,-3.489200788602785,-0.015424087946261711,0.06581077380285683
M1,44,0,batch1-21,5.4C(80%)-5.4C,559.0,567.8537406404405,1.5838534240501776,1.5838534240501776,0.006824683084623029,0.08271017940103276
M1,44,0,batch1-24,6C(40%)-3C,1017.0,840.0051513289073,17.40362327149387,-17.40362327149387,-0.08303900354317362,0.0
M1,44,0,batch1-25,6C(40%)-3C,854.0,919.231244802097,7.638319063477396,7.638319063477396,0.03196690697395077,0.0
M1,44,1,batch1-26,6C(40%)-3.6C,870.0,845.7391138993023,2.788607597781344,-2.788607597781344,-0.012282836231186423,0.0
M1,44,1,batch1-27,6C(40%)-3.6C,842.0,819.8506456799994,2.630564646080833,-2.630564646080833,-0.011577348463329695,0.0
M1,44,1,batch1-28,6C(50%)-3C,860.0,811.8647761568081,5.597119051533936,-5.597119051533936,-0.025014751878522645,0.0
M1,44,1,batch1-29,6C(50%)-3C,917.0,818.4713058419395,10.744677661729606,-10.744677661729606,-0.04936587725248076,0.0
M1,44,2,batch1-34,7C(30%)-3.6C,742.0,796.192788864216,7.303610359058764,7.303610359058764,0.030614334572089952,0.0
M1,44,2,batch1-35,7C(30%)-3.6C,703.0,737.7737273722438,4.946476155368961,4.946476155368961,0.020967860622360668,0.0
M1,44,1,batch1-36,7C(40%)-3C,704.0,719.1797068000776,2.1562083522837514,2.1562083522837514,0.009264765204462844,0.0
M1,44,1,batch1-37,7C(40%)-3C,648.0,693.6529413048206,7.045206991484664,7.045206991484664,0.029567226289484605,0.0
M1,44,3,batch1-38,7C(40%)-3.6C,617.0,562.4661300348042,8.838552668589267,-8.838552668589267,-0.04018878832870243,0.0
M1,44,3,batch1-39,7C(40%)-3.6C,625.0,652.8224272152879,4.451588354446066,4.451588354446066,0.018915048512845534,0.0
M1,44,3,batch1-40,8C(15%)-3.6C,966.0,1001.4935593334262,3.6742815044954678,3.6742815044954678,0.015671034248602833,0.0
M1,44,3,batch1-41,8C(15%)-3.6C,1051.0,982.1719523560238,6.54881518972181,-6.54881518972181,-0.029415188096769906,0.0
M1,44,2,batch1-42,8C(25%)-3.6C,702.0,731.5146001212573,4.204358991632098,4.204358991632098,0.017885886395530015,0.0
M1,44,2,batch1-43,8C(25%)-3.6C,651.0,645.4272479439716,0.856029501694076,-0.856029501694076,-0.0037336925422692957,0.0
M1,45,3,batch1-05,4.4C(80%)-4.4C,1074.0,1022.5189314167693,4.79339558503079,-4.79339558503079,-0.02133292386877761,0.03198144045256601
M1,45,2,batch1-06,4.8C(80%)-4.8C,636.0,775.2697104772046,21.897753219686262,21.897753219686262,0.08599570091547193,0.0
M1,45,2,batch1-07,4.8C(80%)-4.8C,870.0,934.9834944706229,7.469367180531365,7.469367180531365,0.03128469159764169,0.0
M1,45,1,batch1-09,5.4C(40%)-3.6C,1054.0,979.7206193613896,7.047379567230588,-7.047379567230588,-0.03173836249831696,0.0
M1,45,4,batch1-11,5.4C(50%)-3C,788.0,810.6695131180985,2.876841766256156,2.876841766256156,0.01231762330428321,0.0
M1,45,2,batch1-14,5.4C(60%)-3C,880.0,905.1186082596597,2.854387302234058,2.854387302234058,0.012222821461103983,0.0
M1,45,2,batch1-15,5.4C(60%)-3C,719.0,817.9738659160845,13.765489000846243,13.765489000846243,0.056010537897553725,0.0
M1,45,3,batch1-18,5.4C(70%)-3C,691.0,606.4331988306168,12.238321442747209,-12.238321442747209,-0.05669507890211278,0.0
M1,45,3,batch1-19,5.4C(70%)-3C,788.0,725.0489127721434,7.988716653281299,-7.988716653281299,-0.036158911842016916,0.0
M1,45,0,batch1-20,5.4C(80%)-5.4C,534.0,533.5944115677643,0.07595288993178492,-0.07595288993178492,-0.00032998454208721384,0.06581077380285683
M1,45,0,batch1-21,5.4C(80%)-5.4C,559.0,581.5306961844421,4.030535990061208,4.030535990061208,0.017160836082030784,0.08271017940103276
M1,45,0,batch1-24,6C(40%)-3C,1017.0,837.9862508157852,17.602138562852982,-17.602138562852982,-0.08408405988175316,0.0
M1,45,0,batch1-25,6C(40%)-3C,854.0,910.3513772030507,6.598521920731929,6.598521920731929,0.027751182869537594,0.0
M1,45,1,batch1-26,6C(40%)-3.6C,870.0,850.4827063762871,2.2433670831853942,-2.2433670831853942,-0.009853765477449095,0.0
M1,45,1,batch1-27,6C(40%)-3.6C,842.0,824.2200406754727,2.1116341240531282,-2.1116341240531282,-0.009268921436100364,0.0
M1,45,0,batch1-28,6C(50%)-3C,860.0,811.0705998850459,5.689465129645824,-5.689465129645824,-0.02543979209282421,0.0
M1,45,0,batch1-29,6C(50%)-3C,917.0,818.8541587814128,10.70292706854822,-10.70292706854822,-0.04916277661596524,0.0
M1,45,1,batch1-34,7C(30%)-3.6C,742.0,792.9414425198152,6.865423520190722,6.865423520190722,0.028837211257338513,0.0
M1,45,1,batch1-35,7C(30%)-3.6C,703.0,738.2292090325668,5.0112672877050946,5.0112672877050946,0.02123589962565342,0.0
M1,45,4,batch1-36,7C(40%)-3C,704.0,720.4826768393069,2.3412893237651873,2.3412893237651873,0.01005088403212584,0.0
M1,45,4,batch1-37,7C(40%)-3C,648.0,691.1959983267868,6.6660491245041396,6.6660491245041396,0.028026209263400936,0.0
M1,45,4,batch1-38,7C(40%)-3.6C,617.0,562.7790319860626,8.787839224301038,-8.787839224301038,-0.03994725590732884,0.0
M1,45,4,batch1-39,7C(40%)-3.6C,625.0,652.5578365050917,4.409253840814672,4.409253840814672,0.01873899209439278,0.0
M1,45,3,batch1-40,8C(15%)-3.6C,966.0,1000.9893403114204,3.6220849183665,3.6220849183665,0.015452326220090296,0.0
M1,45,3,batch1-41,8C(15%)-3.6C,1051.0,981.0545150685149,6.655136530112761,-6.655136530112761,-0.02990957517670978,0.0
M1,45,2,batch1-42,8C(25%)-3.6C,702.0,739.4198083253352,5.33045702640103,5.33045702640103,0.02255396858274894,0.0
M1,45,2,batch1-43,8C(25%)-3.6C,651.0,651.6850129890585,0.1052247295020682,0.1052247295020682,0.0004567449316366101,0.0
M1,46,1,batch1-05,4.4C(80%)-4.4C,1074.0,1028.273665671669,4.257573028708655,-4.257573028708655,-0.018895567799544377,0.03198144045256601
M1,46,0,batch1-06,4.8C(80%)-4.8C,636.0,780.0176155058768,22.6442791675907,22.6442791675907,0.08864729503003099,0.0
M1,46,0,batch1-07,4.8C(80%)-4.8C,870.0,954.1406560286038,9.67133977340273,9.67133977340273,0.04009314895580873,0.0
M1,46,2,batch1-09,5.4C(40%)-3.6C,1054.0,981.1872528659071,6.908230278376934,-6.908230278376934,-0.031088713459951123,0.0
M1,46,3,batch1-11,5.4C(50%)-3C,788.0,911.5223615455025,15.675426592068842,15.675426592068842,0.06324110978196185,0.0
M1,46,3,batch1-14,5.4C(60%)-3C,880.0,934.3725461998848,6.178698431805094,6.178698431805094,0.026037397334489842,0.0
M1,46,3,batch1-15,5.4C(60%)-3C,719.0,868.7002458322335,20.820618335498395,20.820618335498395,0.08214105403049254,0.0
M1,46,4,batch1-18,5.4C(70%)-3C,691.0,610.9914523544304,11.578661019619334,-11.578661019619334,-0.05344291278020474,0.0
M1,46,4,batch1-19,5.4C(70%)-3C,788.0,723.1051797955214,8.235383274680027,-8.235383274680027,-0.03732474497717542,0.0
M1,46,0,batch1-20,5.4C(80%)-5.4C,534.0,553.5957604555989,3.6696180628462374,3.6696180628462374,0.01565149852095926,0.06581077380285683
M1,46,0,batch1-21,5.4C(80%)-5.4C,559.0,610.1718740045752,9.154181396167301,9.154181396167301,0.03804037698972529,0.08271017940103276
M1,46,4,batch1-24,6C(40%)-3C,1017.0,833.0482398978844,18.087685359106747,-18.087685359106747,-0.08665080179824436,0.0
M1,46,4,batch1-25,6C(40%)-3C,854.0,905.1144843078266,5.9853026121576836,5.9853026121576836,0.025245644161044023,0.0
M1,46,1,batch1-26,6C(40%)-3.6C,870.0,860.0473457280566,1.1439832496486668,-1.1439832496486668,-0.004996892744288051,0.0
M1,46,1,batch1-27,6C(40%)-3.6C,842.0,825.9264681779572,1.9089705251832316,-1.9089705251832316,-0.00837070747959423,0.0
M1,46,2,batch1-28,6C(50%)-3C,860.0,811.2708362326658,5.66618183341095,-5.66618183341095,-0.02533258711198183,0.0
M1,46,2,batch1-29,6C(50%)-3C,917.0,818.5284190365525,10.738449396232012,-10.738449396232012,-0.0493355730992211,0.0
M1,46,3,batch1-34,7C(30%)-3.6C,742.0,816.3245207431883,10.016781771319172,10.016781771319172,0.04145893674718071,0.0
M1,46,3,batch1-35,7C(30%)-3.6C,703.0,758.0506703683037,7.830820820526845,7.830820820526845,0.03274291112128669,0.0
M1,46,0,batch1-36,7C(40%)-3C,704.0,742.1611538547559,5.420618445277822,5.420618445277822,0.02292555965529708,0.0
M1,46,0,batch1-37,7C(40%)-3C,648.0,708.7638090920888,9.377131032729748,9.377131032729748,0.0389265276234152,0.0
M1,46,1,batch1-38,7C(40%)-3.6C,617.0,559.5001588235535,9.31926113070445,-9.31926113070445,-0.0424849498870441,0.0
M1,46,1,batch1-39,7C(40%)-3.6C,625.0,650.2177496056598,4.034839936905573,4.034839936905573,0.017178803322921432,0.0
M1,46,4,batch1-40,8C(15%)-3.6C,966.0,983.8809366220872,1.8510286358268357,1.8510286358268357,0.007965419478623836,0.0
M1,46,4,batch1-41,8C(15%)-3.6C,1051.0,965.488961309274,8.136159723189913,-8.136159723189913,-0.03685540328815273,0.0
M1,46,2,batch1-42,8C(25%)-3.6C,702.0,722.934559255105,2.982130948020655,2.982130948020655,0.012761874181753452,0.0
M1,46,2,batch1-43,8C(25%)-3.6C,651.0,640.5992162672331,1.5976626317614213,-1.5976626317614213,-0.006994585571991063,0.0
M1,47,2,batch1-05,4.4C(80%)-4.4C,1074.0,1014.049451768024,5.581987731096459,-5.581987731096459,-0.024945146774214333,0.03198144045256601
M1,47,1,batch1-06,4.8C(80%)-4.8C,636.0,775.398409120272,21.917988855388685,21.917988855388685,0.08606778998460873,0.0
M1,47,1,batch1-07,4.8C(80%)-4.8C,870.0,952.3117061150565,9.461115645408793,9.461115645408793,0.03925987022870103,0.0
M1,47,0,batch1-09,5.4C(40%)-3.6C,1054.0,996.0783122611804,5.495416294005658,-5.495416294005658,-0.024547126623617466,0.0
M1,47,3,batch1-11,5.4C(50%)-3C,788.0,796.5730906027367,1.0879556602457703,1.0879556602457703,0.004699413732466073,0.0
M1,47,0,batch1-14,5.4C(60%)-3C,880.0,890.1265855047669,1.1507483528144231,1.1507483528144231,0.004969100199216481,0.0
M1,47,0,batch1-15,5.4C(60%)-3C,719.0,808.4680424289287,12.443399503328052,12.443399503328052,0.05093396716680276,0.0
M1,47,0,batch1-18,5.4C(70%)-3C,691.0,618.0909221711763,10.551241364518622,-10.551241364518622,-0.048425682167613004,0.0
M1,47,0,batch1-19,5.4C(70%)-3C,788.0,719.6162682281768,8.678138549723762,-8.678138549723762,-0.039425244692270045,0.0
M1,47,4,batch1-20,5.4C(80%)-5.4C,534.0,559.0426809899543,4.689640634822903,4.689640634822903,0.019903709016752202,0.06581077380285683
M1,47,4,batch1-21,5.4C(80%)-5.4C,559.0,604.7257603964999,8.179921358944533,8.179921358944533,0.034146661397145284,0.08271017940103276
M1,47,3,batch1-24,6C(40%)-3C,1017.0,845.6219760565385,16.85132978795098,-16.85132978795098,-0.08014469201496466,0.0
M1,47,3,batch1-25,6C(40%)-3C,854.0,923.4951269494729,8.137602687291913,8.137602687291913,0.03397673743101537,0.0
M1,47,4,batch1-26,6C(40%)-3.6C,870.0,857.6257552623165,1.4223269813429325,-1.4223269813429325,-0.006221437825487008,0.0
M1,47,4,batch1-27,6C(40%)-3.6C,842.0,827.8382037713304,1.6819235425973367,-1.6819235425973367,-0.007366626786651231,0.0
M1,47,2,batch1-28,6C(50%)-3C,860.0,814.0220634163245,5.346271695776221,-5.346271695776221,-0.02386227499060256,0.0
M1,47,2,batch1-29,6C(50%)-3C,917.0,821.4375653680089,10.421203340457044,-10.421203340457044,-0.04779477586800507,0.0
M1,47,1,batch1-34,7C(30%)-3.6C,742.0,806.2314540327077,8.656530193087288,8.656530193087288,0.03605583228194709,0.0
M1,47,1,batch1-35,7C(30%)-3.6C,703.0,744.0132467436242,5.834032253716106,5.834032253716106,0.02462534296751251,0.0
M1,47,2,batch1-36,7C(40%)-3C,704.0,718.3356236245086,2.0363101739358767,2.0363101739358767,0.008754745311403411,0.0
M1,47,2,batch1-37,7C(40%)-3C,648.0,690.519891869071,6.561711708189967,6.561711708189967,0.02760118798473732,0.0
M1,47,3,batch1-38,7C(40%)-3.6C,617.0,555.6630513353275,9.941158616640598,-9.941158616640598,-0.045473644582172845,0.0
M1,47,3,batch1-39,7C(40%)-3.6C,625.0,647.5201281386868,3.603220502189888,3.603220502189888,0.015373255646582429,0.0
M1,47,1,batch1-40,8C(15%)-3.6C,966.0,1032.3745560959192,6.87107205961896,6.87107205961896,0.028860165966110962,0.0
M1,47,1,batch1-41,8C(15%)-3.6C,1051.0,1010.2814890765964,3.8742636463752276,-3.8742636463752276,-0.017160320344311142,0.0
M1,47,4,batch1-42,8C(25%)-3.6C,702.0,738.4955983412211,5.198803182510132,5.198803182510132,0.022010798998439718,0.0
M1,47,4,batch1-43,8C(25%)-3.6C,651.0,657.8395972570307,1.050629378960174,1.050629378960174,0.004539022798954573,0.0
M1,48,4,batch1-05,4.4C(80%)-4.4C,1074.0,1037.4143109772785,3.4064887358213642,-3.4064887358213642,-0.01505204663637949,0.10736402753360164
M1,48,4,batch1-06,4.8C(80%)-4.8C,636.0,769.5478097368205,20.998083291952902,20.998083291952902,0.08277849079313349,0.0
M1,48,4,batch1-07,4.8C(80%)-4.8C,870.0,938.7877294648316,7.906635570670301,7.906635570670301,0.03304815184805099,0.0
M1,48,2,batch1-09,5.4C(40%)-3.6C,1054.0,983.411147615751,6.6972345715606245,-6.6972345715606245,-0.03010548387930312,0.0
M1,48,4,batch1-11,5.4C(50%)-3C,788.0,798.5969598031846,1.3447918531960192,1.3447918531960192,0.005801435046431713,0.07538258708103562
M1,48,3,batch1-14,5.4C(60%)-3C,880.0,907.3012707408102,3.1024171296375225,3.1024171296375225,0.013268846988253813,0.0
M1,48,3,batch1-15,5.4C(60%)-3C,719.0,827.48703996424,15.088600829518779,15.088600829518779,0.061032310232738585,0.0
M1,48,1,batch1-18,5.4C(70%)-3C,691.0,610.4750904028424,11.653387785406311,-11.653387785406311,-0.053810099521303556,0.0
M1,48,1,batch1-19,5.4C(70%)-3C,788.0,716.9728926876031,9.013592298527524,-9.013592298527524,-0.04102348131790423,0.0
M1,48,2,batch1-20,5.4C(80%)-5.4C,534.0,539.489953575712,1.0280811939535541,1.0280811939535541,0.004442104599722718,0.06581077380285683
M1,48,2,batch1-21,5.4C(80%)-5.4C,559.0,588.3188263156889,5.244870539479223,5.244870539479223,0.022200938230408696,0.08271017940103276
M1,48,2,batch1-24,6C(40%)-3C,1017.0,840.2972727828903,17.37489943137755,-17.37489943137755,-0.08288799889666709,0.0
M1,48,2,batch1-25,6C(40%)-3C,854.0,911.7313565386951,6.76011200687296,6.76011200687296,0.028409020753736858,0.0
M1,48,0,batch1-26,6C(40%)-3.6C,870.0,861.0321229416472,1.0307904664773297,-1.0307904664773297,-0.004499898428539151,0.0
M1,48,0,batch1-27,6C(40%)-3.6C,842.0,829.1298025768306,1.5285270098776045,-1.5285270098776045,-0.006689565617669313,0.0
M1,48,1,batch1-28,6C(50%)-3C,860.0,804.6098480757945,6.440715340023894,-6.440715340023894,-0.028913107399574756,0.0
M1,48,1,batch1-29,6C(50%)-3C,917.0,811.9230684831971,11.458771157775672,-11.458771157775672,-0.052854454847641286,0.0
M1,48,3,batch1-34,7C(30%)-3.6C,742.0,806.3344902085618,8.670416470156571,8.670416470156571,0.03611133146054568,0.0
M1,48,3,batch1-35,7C(30%)-3.6C,703.0,747.0355719094223,6.263950484981834,6.263950484981834,0.02638595727235371,0.0
M1,48,0,batch1-36,7C(40%)-3C,704.0,722.2728487843989,2.5955751114202967,2.5955751114202967,0.011128630306659115,0.0
M1,48,0,batch1-37,7C(40%)-3C,648.0,693.4172859229956,7.008840420215366,7.008840420215366,0.029419657938678512,0.0
M1,48,1,batch1-38,7C(40%)-3.6C,617.0,557.1296803282969,9.703455376288996,-9.703455376288996,-0.044328868507840014,0.0
M1,48,1,batch1-39,7C(40%)-3.6C,625.0,642.4741679251636,2.795866868026169,2.795866868026169,0.011975653253667229,0.0
M1,48,0,batch1-40,8C(15%)-3.6C,966.0,1002.2964314873051,3.757394563903218,3.757394563903218,0.016019057710502604,0.0
M1,48,0,batch1-41,8C(15%)-3.6C,1051.0,984.199307201598,6.355917487954519,-6.355917487954519,-0.028519661039008604,0.0
M1,48,3,batch1-42,8C(25%)-3.6C,702.0,732.6749643118577,4.369653035877167,4.369653035877167,0.018574239710861473,0.0
M1,48,3,batch1-43,8C(25%)-3.6C,651.0,655.3889263570445,0.6741822361051476,0.6741822361051476,0.00291811057358915,0.0
M1,49,0,batch1-05,4.4C(80%)-4.4C,1074.0,1007.2151661822901,6.21832717110893,-6.21832717110893,-0.027882024808119965,0.10736402753360164
M1,49,1,batch1-06,4.8C(80%)-4.8C,636.0,772.5798611114557,21.474820929474163,21.474820929474163,0.08448626752595922,0.0
M1,49,1,batch1-07,4.8C(80%)-4.8C,870.0,952.9840998003514,9.538402275902456,9.538402275902456,0.039566402031696146,0.0
M1,49,2,batch1-09,5.4C(40%)-3.6C,1054.0,987.3456998755923,6.323937393207557,-6.323937393207557,-0.02837137182211258,0.0
M1,49,0,batch1-11,5.4C(50%)-3C,788.0,809.5010559927667,2.7285604051734436,2.7285604051734436,0.01169120213662822,0.07538258708103562
M1,49,3,batch1-14,5.4C(60%)-3C,880.0,893.9598246725509,1.5863437127898745,1.5863437127898745,0.006835329514791155,0.0
M1,49,3,batch1-15,5.4C(60%)-3C,719.0,808.1722446795052,12.402259343463864,12.402259343463864,0.05077504086415896,0.0
M1,49,3,batch1-18,5.4C(70%)-3C,691.0,613.4317351263884,11.225508664777367,-11.225508664777367,-0.051711807462718085,0.0
M1,49,3,batch1-19,5.4C(70%)-3C,788.0,720.5538455929168,8.559156650645077,-8.559156650645077,-0.03885977714162259,0.0
M1,49,3,batch1-20,5.4C(80%)-5.4C,534.0,520.5873335512497,2.511735290028149,-2.511735290028149,-0.011047659977811985,0.06581077380285683
M1,49,3,batch1-21,5.4C(80%)-5.4C,559.0,565.6634253467992,1.1920260012163075,1.1920260012163075,0.005146291158792948,0.08271017940103276
M1,49,4,batch1-24,6C(40%)-3C,1017.0,847.0616589475652,16.709768048420333,-16.709768048420333,-0.07940592846446703,0.0
M1,49,4,batch1-25,6C(40%)-3C,854.0,921.7898955730459,7.937926882089684,7.937926882089684,0.03317407249966964,0.0
M1,49,1,batch1-26,6C(40%)-3.6C,870.0,885.4289521983846,1.7734427814235227,1.7734427814235227,0.007634466034401655,0.0
M1,49,1,batch1-27,6C(40%)-3.6C,842.0,842.6338454776374,0.07527856028947161,0.07527856028947161,0.0003268076407771936,0.0
M1,49,2,batch1-28,6C(50%)-3C,860.0,810.5502389321113,5.749972217196365,-5.749972217196365,-0.02571851310183515,0.0
M1,49,2,batch1-29,6C(50%)-3C,917.0,818.0902782879698,10.786229194332629,-10.786229194332629,-0.049568103882675185,0.0
M1,49,4,batch1-34,7C(30%)-3.6C,742.0,792.4196194417935,6.795096959810451,6.795096959810451,0.02855131437626035,0.0
M1,49,4,batch1-35,7C(30%)-3.6C,703.0,733.7306649723163,4.3713605935016036,4.3713605935016036,0.018581345002159466,0.0
M1,49,0,batch1-36,7C(40%)-3C,704.0,726.4246483208411,3.1853193637558426,3.1853193637558426,0.01361791267063861,0.0
M1,49,0,batch1-37,7C(40%)-3C,648.0,700.40559447039,8.087283097282413,8.087283097282413,0.0337746004698789,0.0
M1,49,2,batch1-38,7C(40%)-3.6C,617.0,557.9088267247813,9.577175571348247,-9.577175571348247,-0.04372193155719506,0.0
M1,49,2,batch1-39,7C(40%)-3.6C,625.0,645.0826046753576,3.213216748057221,3.213216748057221,0.013735313504613433,0.0
M1,49,4,batch1-40,8C(15%)-3.6C,966.0,1002.7458159552673,3.803914695162245,3.803914695162245,0.016213732110212487,0.0
M1,49,4,batch1-41,8C(15%)-3.6C,1051.0,984.1372777981649,6.361819429289738,-6.361819429289738,-0.028547033418144352,0.0
M1,49,1,batch1-42,8C(25%)-3.6C,702.0,741.684094723271,5.653004946334895,5.653004946334895,0.023881853617890858,0.0
M1,49,1,batch1-43,8C(25%)-3.6C,651.0,641.0778825537832,1.5241347843651025,-1.5241347843651025,-0.006670194761266401,0.0
M1,50,4,batch1-05,4.4C(80%)-4.4C,1074.0,1030.5110949529824,4.049246279983019,-4.049246279983019,-0.017951609410441716,0.03198144045256601
M1,50,3,batch1-06,4.8C(80%)-4.8C,636.0,776.4082096174157,22.076762518461578,22.076762518461578,0.08663300325324386,0.0
M1,50,3,batch1-07,4.8C(80%)-4.8C,870.0,934.3107527924656,7.39204055085811,7.39204055085811,0.03097209446467364,0.0
M1,50,1,batch1-09,5.4C(40%)-3.6C,1054.0,986.8266733179079,6.373180899629234,-6.373180899629234,-0.028599731187503252,0.0
M1,50,1,batch1-11,5.4C(50%)-3C,788.0,801.6380818631761,1.730721048626412,1.730721048626412,0.007452122708009767,0.0
M1,50,3,batch1-14,5.4C(60%)-3C,880.0,900.9880195083928,2.3850022168628144,2.3850022168628144,0.010236344027575672,0.0
M1,50,3,batch1-15,5.4C(60%)-3C,719.0,815.2616576605187,13.388269493813452,13.388269493813452,0.054568127241002795,0.0
M1,50,2,batch1-18,5.4C(70%)-3C,691.0,608.2199020353925,11.979753685181988,-11.979753685181988,-0.05541742044682296,0.0
M1,50,2,batch1-19,5.4C(70%)-3C,788.0,715.562506688223,9.19257529337271,-9.19257529337271,-0.04187864071579517,0.0
M1,50,3,batch1-20,5.4C(80%)-5.4C,534.0,544.9378108016446,2.0482791763379327,2.0482791763379327,0.008805685676078756,0.06581077380285683
M1,50,3,batch1-21,5.4C(80%)-5.4C,559.0,593.1669329617273,6.112152587071073,6.112152587071073,0.025765124705034115,0.08271017940103276
M1,50,1,batch1-24,6C(40%)-3C,1017.0,842.293238659596,17.178639266509734,-17.178639266509734,-0.08185763842925198,0.0
M1,50,1,batch1-25,6C(40%)-3C,854.0,915.4589039449618,7.1965929677941185,7.1965929677941185,0.03018098238286715,0.0
M1,50,2,batch1-26,6C(40%)-3.6C,870.0,843.7364317050456,3.018800953443039,-3.018800953443039,-0.013312450700138978,0.0
M1,50,2,batch1-27,6C(40%)-3.6C,842.0,814.3082824925846,3.288802554324873,-3.288802554324873,-0.014523239388216425,0.0
M1,50,2,batch1-28,6C(50%)-3C,860.0,805.6261362399068,6.322542297685254,-6.322542297685254,-0.028364904024912097,0.0
M1,50,2,batch1-29,6C(50%)-3C,917.0,812.9967660345624,11.341683093286546,-11.341683093286546,-0.05228051762347752,0.0
M1,50,0,batch1-34,7C(30%)-3.6C,742.0,799.7514157344825,7.783209667720016,7.783209667720016,0.03255111227377849,0.0
M1,50,0,batch1-35,7C(30%)-3.6C,703.0,741.0795153022741,5.416716259213955,5.416716259213955,0.02290948377502211,0.0
M1,50,0,batch1-36,7C(40%)-3C,704.0,726.8547318525955,3.2464107745164035,3.2464107745164035,0.013874962915208844,0.0
M1,50,0,batch1-37,7C(40%)-3C,648.0,697.9175086917202,7.7033192425494095,7.7033192425494095,0.03222908775954414,0.0
M1,50,4,batch1-38,7C(40%)-3.6C,617.0,559.2983062228847,9.351976300991142,-9.351976300991142,-0.042641659918954744,0.0
M1,50,4,batch1-39,7C(40%)-3.6C,625.0,652.2361177087558,4.357778833400935,4.357778833400935,0.018524826937735828,0.0
M1,50,0,batch1-40,8C(15%)-3.6C,966.0,1009.3433129899122,4.486885402682422,4.486885402682422,0.019061783703801183,0.0
M1,50,0,batch1-41,8C(15%)-3.6C,1051.0,991.2456177391416,5.685478806932292,-5.685478806932292,-0.02542143569846189,0.0
M1,50,4,batch1-42,8C(25%)-3.6C,702.0,726.9936843732136,3.560353899318172,3.560353899318172,0.015193525890474735,0.0
M1,50,4,batch1-43,8C(25%)-3.6C,651.0,633.9508435195876,2.6189180461463013,-2.6189180461463013,-0.011525404528490046,0.0
M1,51,3,batch1-05,4.4C(80%)-4.4C,1074.0,1009.3614734346551,6.018484782620571,-6.018484782620571,-0.02695755734198757,0.03198144045256601
M1,51,1,batch1-06,4.8C(80%)-4.8C,636.0,773.4682764301803,21.61450887266985,21.61450887266985,0.08498539029407981,0.0
M1,51,1,batch1-07,4.8C(80%)-4.8C,870.0,931.1164138064148,7.0248751501626225,7.0248751501626225,0.029484729880539184,0.0
M1,51,0,batch1-09,5.4C(40%)-3.6C,1054.0,986.8266733179079,6.373180899629234,-6.373180899629234,-0.028599731187503252,0.0
M1,51,0,batch1-11,5.4C(50%)-3C,788.0,801.6380818631761,1.730721048626412,1.730721048626412,0.007452122708009767,0.0
M1,51,1,batch1-14,5.4C(60%)-3C,880.0,904.8872090450211,2.828091936934217,2.828091936934217,0.012111777174261373,0.0
M1,51,1,batch1-15,5.4C(60%)-3C,719.0,818.5198883386611,13.841430923318649,13.841430923318649,0.0563003459500484,0.0
M1,51,4,batch1-18,5.4C(70%)-3C,691.0,618.2792314514813,10.523989659698794,-10.523989659698794,-0.04829338896768354,0.0
M1,51,4,batch1-19,5.4C(70%)-3C,788.0,722.3517548258478,8.330995580476165,-8.330995580476165,-0.03777748532336345,0.0
M1,51,2,batch1-20,5.4C(80%)-5.4C,534.0,533.5208465550479,0.08972910954158982,-0.08972910954158982,-0.0003898635080963331,0.2526694804336085
M1,51,2,batch1-21,5.4C(80%)-5.4C,559.0,584.2294660123906,4.51332129023088,4.51332129023088,0.01917164924249537,0.2695688860317844
M1,51,0,batch1-24,6C(40%)-3C,1017.0,842.293238659596,17.178639266509734,-17.178639266509734,-0.08185763842925198,0.0
M1,51,0,batch1-25,6C(40%)-3C,854.0,915.4589039449618,7.1965929677941185,7.1965929677941185,0.03018098238286715,0.0
M1,51,1,batch1-26,6C(40%)-3.6C,870.0,872.2304281745538,0.25637105454641634,0.25637105454641634,0.0011119805532286975,0.0
M1,51,1,batch1-27,6C(40%)-3.6C,842.0,842.3297010245982,0.039156891282445816,0.039156891282445816,0.0001700229324490543,0.0
M1,51,4,batch1-28,6C(50%)-3C,860.0,806.0528790652291,6.272921038926843,-6.272921038926843,-0.028134917710266993,0.0
M1,51,4,batch1-29,6C(50%)-3C,917.0,813.1701287846035,11.322777667982164,-11.322777667982164,-0.05218791890407726,0.0
M1,51,2,batch1-34,7C(30%)-3.6C,742.0,796.927059227494,7.402568629042326,7.402568629042326,0.031014668030943326,0.0
M1,51,2,batch1-35,7C(30%)-3.6C,703.0,736.7069853463423,4.7947347576589365,4.7947347576589365,0.020339462770431638,0.0
M1,51,3,batch1-36,7C(40%)-3C,704.0,723.6049957885193,2.7848005381419485,2.7848005381419485,0.01192889743689829,0.0
M1,51,3,batch1-37,7C(40%)-3C,648.0,695.8421589387455,7.3830492189422,7.3830492189422,0.03093573190659038,0.0
M1,51,2,batch1-38,7C(40%)-3.6C,617.0,565.8295099008,8.293434375883313,-8.293434375883313,-0.03759957041231399,0.18685870663075166
M1,51,2,batch1-39,7C(40%)-3.6C,625.0,657.8427208660288,5.254835338564607,5.254835338564607,0.022242056171559277,0.11537318780629091
M1,51,3,batch1-40,8C(15%)-3.6C,966.0,987.826272300857,2.259448478349586,2.259448478349586,0.009703446091913204,0.0
M1,51,3,batch1-41,8C(15%)-3.6C,1051.0,970.6016133481264,7.649703772775792,-7.649703772775792,-0.03456170715776752,0.0
M1,51,4,batch1-42,8C(25%)-3.6C,702.0,720.3402662535843,2.6125735403966286,2.6125735403966286,0.011200579924360188,0.0
M1,51,4,batch1-43,8C(25%)-3.6C,651.0,639.5838882055432,1.7536270037568067,-1.7536270037568067,-0.007683473693431697,0.0
M1,52,2,batch1-05,4.4C(80%)-4.4C,1074.0,1014.9388333531488,5.49917752763978,-5.49917752763978,-0.024564411663719365,0.03198144045256601
M1,52,0,batch1-06,4.8C(80%)-4.8C,636.0,771.1566948985509,21.251052657004855,21.251052657004855,0.0836855176754896,0.0
M1,52,0,batch1-07,4.8C(80%)-4.8C,870.0,931.2755470831223,7.043166331393371,7.043166331393371,0.02955894702234474,0.0
M1,52,2,batch1-09,5.4C(40%)-3.6C,1054.0,986.4620702833913,6.407773217894562,-6.407773217894562,-0.028760219700186607,0.0
M1,52,1,batch1-11,5.4C(50%)-3C,788.0,825.9448402462243,4.815335056627451,4.815335056627451,0.020424826953596043,0.0
M1,52,0,batch1-14,5.4C(60%)-3C,880.0,900.7506214719549,2.358025167267602,2.358025167267602,0.010121898285567088,0.0
M1,52,0,batch1-15,5.4C(60%)-3C,719.0,813.4431741392824,13.135351062487121,13.135351062487121,0.05359832882024396,0.0
M1,52,4,batch1-18,5.4C(70%)-3C,691.0,597.9943364139938,13.459575048626082,-13.459575048626082,-0.06278097655601833,0.0
M1,52,4,batch1-19,5.4C(70%)-3C,788.0,722.6105162430166,8.298157837180634,-8.298157837180634,-0.03762193986856888,0.0
M1,52,3,batch1-20,5.4C(80%)-5.4C,534.0,558.6964642118486,4.624806032181385,4.624806032181385,0.019634665847372723,0.06581077380285683
M1,52,3,batch1-21,5.4C(80%)-5.4C,559.0,602.236302007927,7.734579965639885,7.734579965639885,0.032355122776444034,0.08271017940103276
M1,52,0,batch1-24,6C(40%)-3C,1017.0,861.949726318665,15.245847952933634,-15.245847952933634,-0.0718390168185703,0.0
M1,52,0,batch1-25,6C(40%)-3C,854.0,940.1923484650747,10.092780850711323,10.092780850711323,0.041758841773824606,0.0
M1,52,3,batch1-26,6C(40%)-3.6C,870.0,848.8279342624095,2.4335707744356916,-2.4335707744356916,-0.010699589198948978,0.0
M1,52,3,batch1-27,6C(40%)-3.6C,842.0,821.3952592137794,2.4471188582209793,-2.4471188582209793,-0.010759899560098596,0.0
M1,52,1,batch1-28,6C(50%)-3C,860.0,818.4001235607066,4.837194934801563,-4.837194934801563,-0.021532764970391582,0.0
M1,52,1,batch1-29,6C(50%)-3C,917.0,824.9462954575894,10.038571923927005,-10.038571923927005,-0.04594365905415154,0.0
M1,52,1,batch1-34,7C(30%)-3.6C,742.0,795.0203567441821,7.145600639377641,7.145600639377641,0.02997434376546959,0.0
M1,52,1,batch1-35,7C(30%)-3.6C,703.0,737.1034790252586,4.851134996480597,4.851134996480597,0.02057313599392918,0.0
M1,52,4,batch1-36,7C(40%)-3C,704.0,709.3680477351631,0.7625067805629467,0.7625067805629467,0.003298963385658382,0.0
M1,52,4,batch1-37,7C(40%)-3C,648.0,677.0569861519168,4.484102801221731,4.484102801221731,0.019050217806829917,0.0
M1,52,4,batch1-38,7C(40%)-3.6C,617.0,544.3919145176674,11.767923092760556,-11.767923092760556,-0.0543734977341952,0.0
M1,52,4,batch1-39,7C(40%)-3.6C,625.0,640.1428395959156,2.422854335346492,2.422854335346492,0.010396874650274501,0.0
M1,52,3,batch1-40,8C(15%)-3.6C,966.0,972.0765099646396,0.6290382986169385,0.6290382986169385,0.0027233222019069636,0.0
M1,52,3,batch1-41,8C(15%)-3.6C,1051.0,956.7082468314998,8.971622565984799,-8.971622565984799,-0.04082319842814064,0.0
M1,52,2,batch1-42,8C(25%)-3.6C,702.0,728.1530611157694,3.725507281448639,3.725507281448639,0.015885567473005846,0.0
M1,52,2,batch1-43,8C(25%)-3.6C,651.0,642.0708064554865,1.3716119115996175,-1.3716119115996175,-0.005998064615751364,0.0
M1,53,2,batch1-05,4.4C(80%)-4.4C,1074.0,1003.8249591268926,6.533988908110556,-6.533988908110556,-0.029346291575255812,0.03198144045256601
M1,53,1,batch1-06,4.8C(80%)-4.8C,636.0,776.4687163955209,22.086276162817754,22.086276162817754,0.08666684722300344,0.0
M1,53,1,batch1-07,4.8C(80%)-4.8C,870.0,952.4660443716181,9.478855674898629,9.478855674898629,0.039330249309200926,0.0
M1,53,2,batch1-09,5.4C(40%)-3.6C,1054.0,976.6745536545395,7.336380108677465,-7.336380108677465,-0.03309073814841357,0.0
M1,53,0,batch1-11,5.4C(50%)-3C,788.0,810.2862104565133,2.828199296511846,2.828199296511846,0.012112230607237873,0.0
M1,53,3,batch1-14,5.4C(60%)-3C,880.0,898.359023252512,2.0862526423309062,2.0862526423309062,0.008967262130417541,0.0
M1,53,3,batch1-15,5.4C(60%)-3C,719.0,819.0762540507047,13.91881141178091,13.91881141178091,0.05659544504280145,0.0
M1,53,4,batch1-18,5.4C(70%)-3C,691.0,620.5770013654337,10.19146145218036,-10.19146145218036,-0.04668237081693549,0.0
M1,53,4,batch1-19,5.4C(70%)-3C,788.0,718.2133810740958,8.856169914454853,-8.856169914454853,-0.04027272525908643,0.0
M1,53,3,batch1-20,5.4C(80%)-5.4C,534.0,545.9307720768506,2.234226980683641,2.234226980683641,0.00959631752382828,0.06581077380285683
M1,53,3,batch1-21,5.4C(80%)-5.4C,559.0,588.9395450757637,5.355911462569535,5.355911462569535,0.022658908653632626,0.08271017940103276
M1,53,2,batch1-24,6C(40%)-3C,1017.0,835.6813753371806,17.828773319844583,-17.828773319844583,-0.08528022968152937,0.0
M1,53,2,batch1-25,6C(40%)-3C,854.0,906.3084053637364,6.125106014489036,6.125106014489036,0.025818137094031357,0.0
M1,53,0,batch1-26,6C(40%)-3.6C,870.0,858.9241703844377,1.2730838638577322,-1.2730838638577322,-0.005564428528085141,0.0
M1,53,0,batch1-27,6C(40%)-3.6C,842.0,827.9725928365854,1.6659628460112395,-1.6659628460112395,-0.007296130290655345,0.0
M1,53,4,batch1-28,6C(50%)-3C,860.0,800.7917309942824,6.884682442525306,-6.884682442525306,-0.030978871290406662,0.0
M1,53,4,batch1-29,6C(50%)-3C,917.0,807.3401608412914,11.958542983501479,-11.958542983501479,-0.05531277882894203,0.0
M1,53,1,batch1-34,7C(30%)-3.6C,742.0,806.7905815982737,8.731884312435803,8.731884312435803,0.03635691437601274,0.0
M1,53,1,batch1-35,7C(30%)-3.6C,703.0,745.1621775193821,5.997464796498167,5.997464796498167,0.025295478113278147,0.0
M1,53,3,batch1-36,7C(40%)-3C,704.0,728.6609778362365,3.502979806283593,3.502979806283593,0.014952853124313048,0.0
M1,53,3,batch1-37,7C(40%)-3C,648.0,702.5514310711543,8.418430720857145,8.418430720857145,0.0351031168884548,0.0
M1,53,0,batch1-38,7C(40%)-3.6C,617.0,557.5846713539944,9.629712908590859,-9.629712908590859,-0.043974338035614124,0.0
M1,53,0,batch1-39,7C(40%)-3.6C,625.0,646.9382450881898,3.510119214110364,3.510119214110364,0.014982808769043565,0.0
M1,53,4,batch1-40,8C(15%)-3.6C,966.0,964.8939682173109,0.11449604375663718,-0.11449604375663718,-0.000497534883295625,0.0
M1,53,4,batch1-41,8C(15%)-3.6C,1051.0,949.9353164134994,9.616049817935354,-9.616049817935354,-0.04390868198264153,0.0
M1,53,1,batch1-42,8C(25%)-3.6C,702.0,744.6765179260791,6.079276057846025,6.079276057846025,0.025630547211192845,0.0
M1,53,1,batch1-43,8C(25%)-3.6C,651.0,646.6253759785584,0.6719852567498624,-0.6719852567498624,-0.0029282446316396538,0.0
M1,54,3,batch1-05,4.4C(80%)-4.4C,1074.0,1029.6044405437453,4.133664753841216,-4.133664753841216,-0.018333874410207063,0.03198144045256601
M1,54,3,batch1-06,4.8C(80%)-4.8C,636.0,766.4548874623905,20.5117747582375,20.5117747582375,0.0810294822859845,0.0
M1,54,3,batch1-07,4.8C(80%)-4.8C,870.0,939.4706468271385,7.985131819211317,7.985131819211317,0.0333639627704021,0.0
M1,54,4,batch1-09,5.4C(40%)-3.6C,1054.0,983.3634437547192,6.7017605545807175,-6.7017605545807175,-0.030126551391265632,0.0
M1,54,0,batch1-11,5.4C(50%)-3C,788.0,807.7830066678519,2.5105338410979505,2.5105338410979505,0.01076849518693912,0.0
M1,54,1,batch1-14,5.4C(60%)-3C,880.0,903.9895931464947,2.72609013028349,2.72609013028349,0.01168075869569618,0.0
M1,54,1,batch1-15,5.4C(60%)-3C,719.0,824.841911392705,14.720710903018777,14.720710903018777,0.05964182957461084,0.0
M1,54,4,batch1-18,5.4C(70%)-3C,691.0,612.9762120574113,11.291430961300822,-11.291430961300822,-0.05203442631852084,0.0
M1,54,4,batch1-19,5.4C(70%)-3C,788.0,721.432842276053,8.44760884821663,-8.44760884821663,-0.038330308375244204,0.0
M1,54,1,batch1-20,5.4C(80%)-5.4C,534.0,542.6360059417248,1.6172295771020153,1.6172295771020153,0.00696735042688168,0.06581077380285683
M1,54,1,batch1-21,5.4C(80%)-5.4C,559.0,584.2885051624718,4.523882855540569,4.523882855540569,0.019215534536090928,0.08271017940103276
M1,54,3,batch1-24,6C(40%)-3C,1017.0,850.1050628019599,16.41051496539234,-16.41051496539234,-0.07784835029612358,0.0
M1,54,3,batch1-25,6C(40%)-3C,854.0,926.3024151434003,8.46632495824359,8.46632495824359,0.035294925697560764,0.0
M1,54,4,batch1-26,6C(40%)-3.6C,870.0,848.2411586811944,2.5010162435408727,-2.5010162435408727,-0.010999910981075445,0.0
M1,54,4,batch1-27,6C(40%)-3.6C,842.0,817.9214250753531,2.859688233330984,-2.859688233330984,-0.012600507015682716,0.0
M1,54,2,batch1-28,6C(50%)-3C,860.0,816.0587716824728,5.109445153200843,-5.109445153200843,-0.022777013937924195,0.0
M1,54,2,batch1-29,6C(50%)-3C,917.0,823.920251631663,10.150463289894988,-10.150463289894988,-0.046484157895726685,0.0
M1,54,1,batch1-34,7C(30%)-3.6C,742.0,805.8785795699334,8.608972987861648,8.608972987861648,0.035865707003596814,0.0
M1,54,1,batch1-35,7C(30%)-3.6C,703.0,747.5066879683072,6.3309655715942,6.3309655715942,0.026659757641843917,0.0
M1,54,2,batch1-36,7C(40%)-3C,704.0,715.581612132201,1.6451153596876464,1.6451153596876464,0.0070865130940274135,0.0
M1,54,2,batch1-37,7C(40%)-3C,648.0,686.3698193663507,5.921268420733137,5.921268420733137,0.024983172858717317,0.0
M1,54,2,batch1-38,7C(40%)-3.6C,617.0,559.7840659994179,9.273247001715095,-9.273247001715095,-0.04226463172341699,0.0
M1,54,2,batch1-39,7C(40%)-3.6C,625.0,648.950792166802,3.8321267466883184,3.8321267466883184,0.01633174956316763,0.0
M1,54,0,batch1-40,8C(15%)-3.6C,966.0,1005.8528657343031,4.1255554590375905,4.1255554590375905,0.01755733117020064,0.0
M1,54,0,batch1-41,8C(15%)-3.6C,1051.0,987.7864652438914,6.014608444919946,-6.014608444919946,-0.026939644911522898,0.0
M1,54,0,batch1-42,8C(25%)-3.6C,702.0,728.7550254641967,3.811257188632009,3.811257188632009,0.016244450524187215,0.0
M1,54,0,batch1-43,8C(25%)-3.6C,651.0,642.1559300447763,1.3585360914322189,-1.3585360914322189,-0.005940491129525327,0.0
M1,55,1,batch1-05,4.4C(80%)-4.4C,1074.0,1002.1400266277311,6.690872753470101,-6.690872753470101,-0.030075872663714698,0.03198144045256601
M1,55,2,batch1-06,4.8C(80%)-4.8C,636.0,771.9696107677281,21.378869617567315,21.378869617567315,0.08414308865668207,0.0
M1,55,2,batch1-07,4.8C(80%)-4.8C,870.0,947.1629755857193,8.869307538588428,8.869307538588428,0.03690546060620781,0.0
M1,55,1,batch1-09,5.4C(40%)-3.6C,1054.0,971.740349300636,7.804520939218594,-7.804520939218594,-0.03529037468492202,0.0
M1,55,2,batch1-11,5.4C(50%)-3C,788.0,796.574579962464,1.0881446652873077,1.0881446652873077,0.004700225735926988,0.0
M1,55,0,batch1-14,5.4C(60%)-3C,880.0,898.0612704291901,2.0524170942261515,2.0524170942261515,0.008823295365202544,0.0
M1,55,0,batch1-15,5.4C(60%)-3C,719.0,813.110687302794,13.089108108872596,13.089108108872596,0.05342077896613029,0.0
M1,55,3,batch1-18,5.4C(70%)-3C,691.0,613.9166161290661,11.155337752667707,-11.155337752667707,-0.05136865931804868,0.0
M1,55,3,batch1-19,5.4C(70%)-3C,788.0,727.3613200053359,7.6952639587137215,-7.6952639587137215,-0.03477601529230112,0.0
M1,55,0,batch1-20,5.4C(80%)-5.4C,534.0,527.226040275937,1.2685317835324057,-1.2685317835324057,-0.005544404629142186,0.2526694804336085
M1,55,0,batch1-21,5.4C(80%)-5.4C,559.0,572.1621968093177,2.3545969247437784,2.3545969247437784,0.010107352364601141,0.2695688860317844
M1,55,3,batch1-24,6C(40%)-3C,1017.0,838.5085194622235,17.550784713645676,-17.550784713645676,-0.08381347341458634,0.0
M1,55,3,batch1-25,6C(40%)-3C,854.0,911.4676029118242,6.729227507239368,6.729227507239368,0.02828336606867099,0.0
M1,55,4,batch1-26,6C(40%)-3.6C,870.0,861.8111919799766,0.9412423011521183,-0.9412423011521183,-0.004107122829621002,0.0
M1,55,4,batch1-27,6C(40%)-3.6C,842.0,830.6173187296524,1.3518623836517312,-1.3518623836517312,-0.005911109403964332,0.0
M1,55,1,batch1-28,6C(50%)-3C,860.0,807.1582914340562,6.14438471697021,-6.14438471697021,-0.02753973888194583,0.0
M1,55,1,batch1-29,6C(50%)-3C,917.0,814.1876838001268,11.21181201743437,-11.21181201743437,-0.051644807140394544,0.0
M1,55,4,batch1-34,7C(30%)-3.6C,742.0,795.7805978223047,7.248059005701441,7.248059005701441,0.030389440989710526,0.0
M1,55,4,batch1-35,7C(30%)-3.6C,703.0,736.8699455214386,4.817915436904492,4.817915436904492,0.02043551843419822,0.0
M1,55,3,batch1-36,7C(40%)-3C,704.0,715.5692553947168,1.6433601412950047,1.6433601412950047,0.007079013587126148,0.0
M1,55,3,batch1-37,7C(40%)-3C,648.0,686.2918110322382,5.909230097567628,5.909230097567628,0.024933810964520298,0.0
M1,55,0,batch1-38,7C(40%)-3.6C,617.0,559.9873211009001,9.240304521734183,-9.240304521734183,-0.04210696995248986,0.18685870663075166
M1,55,0,batch1-39,7C(40%)-3.6C,625.0,647.5133570346385,3.6021371255421584,3.6021371255421584,0.015368714214784251,0.11537318780629091
M1,55,4,batch1-40,8C(15%)-3.6C,966.0,1006.3070707255828,4.172574609273579,4.172574609273579,0.017753397815939653,0.0
M1,55,4,batch1-41,8C(15%)-3.6C,1051.0,988.4025931474612,5.955985428405216,-5.955985428405216,-0.026668839892943552,0.0
M1,55,2,batch1-42,8C(25%)-3.6C,702.0,740.187073124662,5.439754006362108,5.439754006362108,0.023004384031003244,0.0
M1,55,2,batch1-43,8C(25%)-3.6C,651.0,642.6682447140726,1.2798395216478406,-1.2798395216478406,-0.005594147326168475,0.0
M1,56,4,batch1-05,4.4C(80%)-4.4C,1074.0,1034.9685411716432,3.63421404360864,-3.63421404360864,-0.016077132153403006,0.03198144045256601
M1,56,1,batch1-06,4.8C(80%)-4.8C,636.0,769.4402344507916,20.98116893880372,20.98116893880372,0.08271777641219469,0.0
M1,56,1,batch1-07,4.8C(80%)-4.8C,870.0,950.670828294784,9.272508999400458,9.272508999400458,0.03851091500021209,0.0
M1,56,3,batch1-09,5.4C(40%)-3.6C,1054.0,985.1269587770289,6.534444138801812,-6.534444138801812,-0.029348406832517604,0.0
M1,56,1,batch1-11,5.4C(50%)-3C,788.0,791.5823409857967,0.4546118002280064,0.4546118002280064,0.0019698796946667763,0.0
M1,56,4,batch1-14,5.4C(60%)-3C,880.0,889.1914894553812,1.0444874381115001,1.0444874381115001,0.004512625218829225,0.0
M1,56,4,batch1-15,5.4C(60%)-3C,719.0,806.4684245802467,12.165288536891062,12.165288536891062,0.04985847787153341,0.0
M1,56,4,batch1-18,5.4C(70%)-3C,691.0,617.466706416962,10.641576495374531,-10.641576495374531,-0.04886450181368085,0.0
M1,56,4,batch1-19,5.4C(70%)-3C,788.0,721.5228086115693,8.436191800562272,-8.436191800562272,-0.0382761530266742,0.0
M1,56,2,batch1-20,5.4C(80%)-5.4C,534.0,558.6964642118486,4.624806032181385,4.624806032181385,0.019634665847372723,0.06581077380285683
M1,56,2,batch1-21,5.4C(80%)-5.4C,559.0,602.236302007927,7.734579965639885,7.734579965639885,0.032355122776444034,0.08271017940103276
M1,56,0,batch1-24,6C(40%)-3C,1017.0,846.7332197146494,16.742062958244897,-16.742062958244897,-0.0795743542285079,0.0
M1,56,0,batch1-25,6C(40%)-3C,854.0,920.672496075406,7.807083849579158,7.807083849579158,0.03264729865874605,0.0
M1,56,2,batch1-26,6C(40%)-3.6C,870.0,848.8279342624095,2.4335707744356916,-2.4335707744356916,-0.010699589198948978,0.0
M1,56,2,batch1-27,6C(40%)-3.6C,842.0,821.3952592137794,2.4471188582209793,-2.4471188582209793,-0.010759899560098596,0.0
M1,56,3,batch1-28,6C(50%)-3C,860.0,814.1458422054609,5.3318788133185,-5.3318788133185,-0.02379624194202501,0.0
M1,56,3,batch1-29,6C(50%)-3C,917.0,821.1586598387631,10.45161833819377,-10.45161833819377,-0.047942258410128336,0.0
M1,56,3,batch1-34,7C(30%)-3.6C,742.0,789.8970987494804,6.455134602355848,6.455134602355848,0.02716661340883153,0.0
M1,56,3,batch1-35,7C(30%)-3.6C,703.0,733.0866450938646,4.279750368970783,4.279750368970783,0.018199982857738828,0.0
M1,56,0,batch1-36,7C(40%)-3C,704.0,722.7283516931158,2.6602772291357626,2.6602772291357626,0.011402432717665612,0.0
M1,56,0,batch1-37,7C(40%)-3C,648.0,692.8053175987677,6.914400864007364,6.914400864007364,0.02903620656095285,0.0
M1,56,1,batch1-38,7C(40%)-3.6C,617.0,563.0325026391827,8.746758081169746,-8.746758081169746,-0.03975169758437902,0.0
M1,56,1,batch1-39,7C(40%)-3.6C,625.0,661.4568486524795,5.833095784396719,5.833095784396719,0.024621500108569894,0.0
M1,56,2,batch1-40,8C(15%)-3.6C,966.0,972.0765099646396,0.6290382986169385,0.6290382986169385,0.0027233222019069636,0.0
M1,56,2,batch1-41,8C(15%)-3.6C,1051.0,956.7082468314998,8.971622565984799,-8.971622565984799,-0.04082319842814064,0.0
M1,56,0,batch1-42,8C(25%)-3.6C,702.0,731.2197917664823,4.162363499498908,4.162363499498908,0.017710825708994626,0.0
M1,56,0,batch1-43,8C(25%)-3.6C,651.0,641.9192898108788,1.3948863577759125,-1.3948863577759125,-0.00610056204648135,0.0
M1,57,1,batch1-05,4.4C(80%)-4.4C,1074.0,997.8554113420336,7.089812724205441,-7.089812724205441,-0.031936664530566095,0.11949435672945175
M1,57,2,batch1-06,4.8C(80%)-4.8C,636.0,765.2694384541911,20.32538340474703,20.32538340474703,0.08035725418734074,0.0
M1,57,2,batch1-07,4.8C(80%)-4.8C,870.0,930.438460594128,6.946949493577925,6.946949493577925,0.029168401464814586,0.0
M1,57,3,batch1-09,5.4C(40%)-3.6C,1054.0,993.1476362791362,5.773469043725215,-5.773469043725215,-0.025826797572061633,0.0
M1,57,1,batch1-11,5.4C(50%)-3C,788.0,802.0103706052631,1.7779658128506497,1.7779658128506497,0.007653766589521105,0.08751291627688573
M1,57,0,batch1-14,5.4C(60%)-3C,880.0,909.6174869371097,3.365623515580645,3.365623515580645,0.014376128701993895,0.0
M1,57,0,batch1-15,5.4C(60%)-3C,719.0,831.0101604659873,15.578603680943987,15.578603680943987,0.06287744339802259,0.0
M1,57,4,batch1-18,5.4C(70%)-3C,691.0,611.6046094039847,11.48992628017588,-11.48992628017588,-0.0530072975286644,0.0
M1,57,4,batch1-19,5.4C(70%)-3C,788.0,729.5584158795548,7.416444685335686,-7.416444685335686,-0.03346614582699248,0.0
M1,57,4,batch1-20,5.4C(80%)-5.4C,534.0,529.2309291936182,0.8930844206707527,-0.8930844206707527,-0.0038960398320564416,0.06581077380285683
M1,57,4,batch1-21,5.4C(80%)-5.4C,559.0,579.7299626336029,3.708401186691037,3.708401186691037,0.01581393904319084,0.08271017940103276
M1,57,3,batch1-24,6C(40%)-3C,1017.0,841.4145651532691,17.2650378413698,-17.2650378413698,-0.08231092740133006,0.0
M1,57,3,batch1-25,6C(40%)-3C,854.0,917.2551933842805,7.406931309634714,7.406931309634714,0.031032308667026776,0.0
M1,57,2,batch1-26,6C(40%)-3.6C,870.0,868.73525310426,0.1453732064068986,-0.1453732064068986,-0.0006318071641069345,0.0
M1,57,2,batch1-27,6C(40%)-3.6C,842.0,832.805505693634,1.0919826967180501,-1.0919826967180501,-0.004768503858288309,0.0
M1,57,2,batch1-28,6C(50%)-3C,860.0,823.7969564502996,4.209656226709348,-4.209656226709348,-0.0186782681379567,0.0
M1,57,2,batch1-29,6C(50%)-3C,917.0,832.2690923420698,9.240011740232298,-9.240011740232298,-0.042105568965136175,0.0
M1,57,0,batch1-34,7C(30%)-3.6C,742.0,808.6942874975633,8.988448449806377,8.988448449806377,0.03738047004743139,0.0
M1,57,0,batch1-35,7C(30%)-3.6C,703.0,749.836893804047,6.662431551073543,6.662431551073543,0.028011479939177963,0.0
M1,57,0,batch1-36,7C(40%)-3C,704.0,728.0915850901546,3.422100154851503,3.422100154851503,0.014613352585175043,0.0
M1,57,0,batch1-37,7C(40%)-3C,648.0,703.1813909647591,8.515646753820848,8.515646753820848,0.03549236315152671,0.0
M1,57,3,batch1-38,7C(40%)-3.6C,617.0,557.955662164295,9.569584738363865,-9.569584738363865,-0.04368547484913998,0.0
M1,57,3,batch1-39,7C(40%)-3.6C,625.0,648.551801911393,3.7682883058228795,3.7682883058228795,0.016064652953866165,0.0
M1,57,1,batch1-40,8C(15%)-3.6C,966.0,974.805904227576,0.911584288568942,0.911584288568942,0.00394102455030243,0.0
M1,57,1,batch1-41,8C(15%)-3.6C,1051.0,959.2860014069379,8.72635571770334,-8.72635571770334,-0.039654609050272516,0.01213032919585011
M1,57,4,batch1-42,8C(25%)-3.6C,702.0,725.5722942680096,3.3578766763546457,3.3578766763546457,0.01434357885133375,0.0
M1,57,4,batch1-43,8C(25%)-3.6C,651.0,634.7620832874278,2.494303642484209,-2.494303642484209,-0.010970011743810293,0.0
M1,58,4,batch1-05,4.4C(80%)-4.4C,1074.0,1018.0480249840159,5.2096811001847385,-5.2096811001847385,-0.023236015648067543,0.10736402753360164
M1,58,2,batch1-06,4.8C(80%)-4.8C,636.0,777.6874093824562,22.277894556989963,22.277894556989963,0.08734795221504799,0.0
M1,58,2,batch1-07,4.8C(80%)-4.8C,870.0,934.0847441138886,7.366062541826279,7.366062541826279,0.030867026428907707,0.0
M1,58,1,batch1-09,5.4C(40%)-3.6C,1054.0,983.247924523217,6.712720633470876,-6.712720633470876,-0.03017757251893949,0.0
M1,58,4,batch1-11,5.4C(50%)-3C,788.0,810.073833026663,2.8012478460232244,2.8012478460232244,0.011998386345570378,0.07538258708103562
M1,58,2,batch1-14,5.4C(60%)-3C,880.0,907.6027967013353,3.1366814433335515,3.1366814433335515,0.013413153306544245,0.0
M1,58,2,batch1-15,5.4C(60%)-3C,719.0,821.9863060787922,14.323547437940496,14.323547437940496,0.05813569206719871,0.0
M1,58,3,batch1-18,5.4C(70%)-3C,691.0,618.2792314514813,10.523989659698794,-10.523989659698794,-0.04829338896768354,0.0
M1,58,3,batch1-19,5.4C(70%)-3C,788.0,722.3517548258478,8.330995580476165,-8.330995580476165,-0.03777748532336345,0.0
M1,58,0,batch1-20,5.4C(80%)-5.4C,534.0,536.8375803464697,0.5313820873538831,0.5313820873538831,0.0023016531983772737,0.2526694804336085
M1,58,0,batch1-21,5.4C(80%)-5.4C,559.0,586.4320757600233,4.907348078716151,4.907348078716151,0.0208059087681427,0.2695688860317844
M1,58,0,batch1-24,6C(40%)-3C,1017.0,842.5893559357356,17.149522523526485,-17.149522523526485,-0.0817049843502553,0.0
M1,58,0,batch1-25,6C(40%)-3C,854.0,915.5323688581582,7.2051954166461565,7.2051954166461565,0.030215832801769427,0.0
M1,58,4,batch1-26,6C(40%)-3.6C,870.0,851.8558218159034,2.0855377223099576,-2.0855377223099576,-0.009153156781947391,0.0
M1,58,4,batch1-27,6C(40%)-3.6C,842.0,824.0139100155486,2.136115200053608,-2.136115200053608,-0.009377548501554589,0.0
M1,58,3,batch1-28,6C(50%)-3C,860.0,806.0528790652291,6.272921038926843,-6.272921038926843,-0.028134917710266993,0.0
M1,58,3,batch1-29,6C(50%)-3C,917.0,813.1701287846035,11.322777667982164,-11.322777667982164,-0.05218791890407726,0.0
M1,58,1,batch1-34,7C(30%)-3.6C,742.0,792.6813771050153,6.830374272913107,6.830374272913107,0.028694749917609563,0.0
M1,58,1,batch1-35,7C(30%)-3.6C,703.0,737.0722298021926,4.846689872289136,4.846689872289136,0.02055472385341961,0.0
M1,58,2,batch1-36,7C(40%)-3C,704.0,733.6716617678121,4.214724682927857,4.214724682927857,0.01792908553502537,0.0
M1,58,2,batch1-37,7C(40%)-3C,648.0,705.1031796182161,8.812219076885205,8.812219076885205,0.0366776672343776,0.0
M1,58,0,batch1-38,7C(40%)-3.6C,617.0,568.0804001938336,7.928622334872997,-7.928622334872997,-0.03587535844636136,0.18685870663075166
M1,58,0,batch1-39,7C(40%)-3.6C,625.0,657.2418888414741,5.15870221463585,5.15870221463585,0.021845217749081325,0.11537318780629091
M1,58,1,batch1-40,8C(15%)-3.6C,966.0,989.3449061251135,2.4166569487695173,2.4166569487695173,0.01037059563040632,0.0
M1,58,1,batch1-41,8C(15%)-3.6C,1051.0,973.1484400378519,7.4073796348380725,-7.4073796348380725,-0.0334236252230542,0.0
M1,58,3,batch1-42,8C(25%)-3.6C,702.0,720.3402662535843,2.6125735403966286,2.6125735403966286,0.011200579924360188,0.0
M1,58,3,batch1-43,8C(25%)-3.6C,651.0,639.5838882055432,1.7536270037568067,-1.7536270037568067,-0.007683473693431697,0.0
M1,59,2,batch1-05,4.4C(80%)-4.4C,1074.0,997.8554113420336,7.089812724205441,-7.089812724205441,-0.031936664530566095,0.11949435672945175
M1,59,4,batch1-06,4.8C(80%)-4.8C,636.0,775.0940475530942,21.870133263065135,21.870133263065135,0.08589728602600166,0.0
M1,59,4,batch1-07,4.8C(80%)-4.8C,870.0,951.2546377612697,9.339613535778126,9.339613535778126,0.03877753453106747,0.0
M1,59,0,batch1-09,5.4C(40%)-3.6C,1054.0,998.1042036176748,5.3032064878866425,-5.3032064878866425,-0.023664726208676434,0.0
M1,59,2,batch1-11,5.4C(50%)-3C,788.0,802.0103706052631,1.7779658128506497,1.7779658128506497,0.007653766589521105,0.08751291627688573
M1,59,1,batch1-14,5.4C(60%)-3C,880.0,888.4336180351477,0.9583656858122357,0.9583656858122357,0.004142311597183479,0.0
M1,59,1,batch1-15,5.4C(60%)-3C,719.0,809.3662138685106,12.568319035954186,12.568319035954186,0.05141618088995781,0.0
M1,59,3,batch1-18,5.4C(70%)-3C,691.0,610.4750904028424,11.653387785406311,-11.653387785406311,-0.053810099521303556,0.0
M1,59,3,batch1-19,5.4C(70%)-3C,788.0,716.9728926876031,9.013592298527524,-9.013592298527524,-0.04102348131790423,0.0
M1,59,1,batch1-20,5.4C(80%)-5.4C,534.0,541.5574737774436,1.415257261693567,1.415257261693567,0.006103296674905501,0.06581077380285683
M1,59,1,batch1-21,5.4C(80%)-5.4C,559.0,584.9440585319488,4.64115537244165,4.64115537244165,0.019702526174246504,0.08271017940103276
M1,59,1,batch1-24,6C(40%)-3C,1017.0,850.5347121605594,16.36826822413379,-16.36826822413379,-0.07762891011565731,0.0
M1,59,1,batch1-25,6C(40%)-3C,854.0,922.9625737965615,8.07524283332102,8.07524283332102,0.03372622001927139,0.0
M1,59,4,batch1-26,6C(40%)-3.6C,870.0,885.3661838363232,1.766228027163588,1.766228027163588,0.0076036776583348065,0.0
M1,59,4,batch1-27,6C(40%)-3.6C,842.0,844.2257508897221,0.26434096077459873,0.26434096077459873,0.0011465035335556095,0.0
M1,59,3,batch1-28,6C(50%)-3C,860.0,804.6098480757945,6.440715340023894,-6.440715340023894,-0.028913107399574756,0.0
M1,59,3,batch1-29,6C(50%)-3C,917.0,811.9230684831971,11.458771157775672,-11.458771157775672,-0.052854454847641286,0.0
M1,59,0,batch1-34,7C(30%)-3.6C,742.0,796.192788864216,7.303610359058764,7.303610359058764,0.030614334572089952,0.0
M1,59,0,batch1-35,7C(30%)-3.6C,703.0,737.7737273722438,4.946476155368961,4.946476155368961,0.020967860622360668,0.0
M1,59,4,batch1-36,7C(40%)-3C,704.0,734.5109314134872,4.333939121233983,4.333939121233983,0.01842560445214092,0.0
M1,59,4,batch1-37,7C(40%)-3C,648.0,701.3017404426902,8.225577228810211,8.225577228810211,0.034329910831865984,0.0
M1,59,3,batch1-38,7C(40%)-3.6C,617.0,557.1296803282969,9.703455376288996,-9.703455376288996,-0.044328868507840014,0.0
M1,59,3,batch1-39,7C(40%)-3.6C,625.0,642.4741679251636,2.795866868026169,2.795866868026169,0.011975653253667229,0.0
M1,59,2,batch1-40,8C(15%)-3.6C,966.0,974.805904227576,0.911584288568942,0.911584288568942,0.00394102455030243,0.0
M1,59,2,batch1-41,8C(15%)-3.6C,1051.0,959.2860014069379,8.72635571770334,-8.72635571770334,-0.039654609050272516,0.01213032919585011
M1,59,0,batch1-42,8C(25%)-3.6C,702.0,731.5146001212573,4.204358991632098,4.204358991632098,0.017885886395530015,0.0
M1,59,0,batch1-43,8C(25%)-3.6C,651.0,645.4272479439716,0.856029501694076,-0.856029501694076,-0.0037336925422692957,0.0
M1,60,1,batch1-05,4.4C(80%)-4.4C,1074.0,1021.4151205617412,4.896171269856497,-4.896171269856497,-0.02180199869978061,0.03198144045256601
M1,60,4,batch1-06,4.8C(80%)-4.8C,636.0,774.1087416784766,21.715210955735312,21.715210955735312,0.08534485613753828,0.0
M1,60,4,batch1-07,4.8C(80%)-4.8C,870.0,951.4515669414559,9.362249073730561,9.362249073730561,0.038867433072812485,0.0
M1,60,2,batch1-09,5.4C(40%)-3.6C,1054.0,981.1872528659071,6.908230278376934,-6.908230278376934,-0.031088713459951123,0.0
M1,60,3,batch1-11,5.4C(50%)-3C,788.0,814.5014084345946,3.3631228977911958,3.3631228977911958,0.014365622136978562,0.0
M1,60,1,batch1-14,5.4C(60%)-3C,880.0,888.3618204296437,0.9502068670049627,0.9502068670049627,0.004107213236138385,0.0
M1,60,1,batch1-15,5.4C(60%)-3C,719.0,813.9469476003432,13.20541691242603,13.20541691242603,0.05386720846788817,0.0
M1,60,0,batch1-18,5.4C(70%)-3C,691.0,597.9943364139938,13.459575048626082,-13.459575048626082,-0.06278097655601833,0.0
M1,60,0,batch1-19,5.4C(70%)-3C,788.0,722.6105162430166,8.298157837180634,-8.298157837180634,-0.03762193986856888,0.0
M1,60,4,batch1-20,5.4C(80%)-5.4C,534.0,542.7720083179738,1.642698186886482,1.642698186886482,0.00707618522644804,0.06581077380285683
M1,60,4,batch1-21,5.4C(80%)-5.4C,559.0,599.3417637784105,7.216773484509928,7.216773484509928,0.030262733695507027,0.08271017940103276
M1,60,3,batch1-24,6C(40%)-3C,1017.0,850.4731297423596,16.37432352582502,-16.37432352582502,-0.07766035606641575,0.0
M1,60,3,batch1-25,6C(40%)-3C,854.0,924.8061786792966,8.29112162521038,8.29112162521038,0.03459285194168782,0.0
M1,60,1,batch1-26,6C(40%)-3.6C,870.0,846.8064504407282,2.6659252366979067,-2.6659252366979067,-0.011735095075513957,0.0
M1,60,1,batch1-27,6C(40%)-3.6C,842.0,825.1367790689771,2.0027578302877496,-2.0027578302877496,-0.008786146014941654,0.0
M1,60,2,batch1-28,6C(50%)-3C,860.0,811.2708362326658,5.66618183341095,-5.66618183341095,-0.02533258711198183,0.0
M1,60,2,batch1-29,6C(50%)-3C,917.0,818.5284190365525,10.738449396232012,-10.738449396232012,-0.0493355730992211,0.0
M1,60,3,batch1-34,7C(30%)-3.6C,742.0,795.3753918356393,7.193449034452741,7.193449034452741,0.030168244917180953,0.0
M1,60,3,batch1-35,7C(30%)-3.6C,703.0,737.1454624354993,4.857107032076717,4.857107032076717,0.020597871522497258,0.0
M1,60,0,batch1-36,7C(40%)-3C,704.0,709.3680477351631,0.7625067805629467,0.7625067805629467,0.003298963385658382,0.0
M1,60,0,batch1-37,7C(40%)-3C,648.0,677.0569861519168,4.484102801221731,4.484102801221731,0.019050217806829917,0.0
M1,60,0,batch1-38,7C(40%)-3.6C,617.0,544.3919145176674,11.767923092760556,-11.767923092760556,-0.0543734977341952,0.0
M1,60,0,batch1-39,7C(40%)-3.6C,625.0,640.1428395959156,2.422854335346492,2.422854335346492,0.010396874650274501,0.0
M1,60,4,batch1-40,8C(15%)-3.6C,966.0,1022.0252990869584,5.7997204023766455,5.7997204023766455,0.024484519987773457,0.0
M1,60,4,batch1-41,8C(15%)-3.6C,1051.0,999.1870099416265,4.929875362357141,-4.929875362357141,-0.021955936726357095,0.0
M1,60,2,batch1-42,8C(25%)-3.6C,702.0,722.934559255105,2.982130948020655,2.982130948020655,0.012761874181753452,0.0
M1,60,2,batch1-43,8C(25%)-3.6C,651.0,640.5992162672331,1.5976626317614213,-1.5976626317614213,-0.006994585571991063,0.0
M1,61,3,batch1-05,4.4C(80%)-4.4C,1074.0,1027.9440044781907,4.2882677394608315,-4.2882677394608315,-0.019034823521864475,0.03198144045256601
M1,61,3,batch1-06,4.8C(80%)-4.8C,636.0,773.3605303501113,21.597567665111836,21.597567665111836,0.08492488776414087,0.0
M1,61,3,batch1-07,4.8C(80%)-4.8C,870.0,938.519487214789,7.87580312813667,7.87580312813667,0.03292404202866228,0.0
M1,61,4,batch1-09,5.4C(40%)-3.6C,1054.0,966.0343604832173,8.34588610216155,-8.34588610216155,-0.037848036942539576,0.0
M1,61,4,batch1-11,5.4C(50%)-3C,788.0,809.6147446302598,2.74298789724109,2.74298789724109,0.01175219140988526,0.0
M1,61,1,batch1-14,5.4C(60%)-3C,880.0,896.8000385004202,1.9090952841386608,1.9090952841386608,0.008212946081395334,0.0
M1,61,1,batch1-15,5.4C(60%)-3C,719.0,815.8353468310489,13.46805936454088,13.46805936454088,0.054873627221294186,0.0
M1,61,2,batch1-18,5.4C(70%)-3C,691.0,602.3036292320087,12.835943671199901,-12.835943671199901,-0.05966256731720554,0.0
M1,61,2,batch1-19,5.4C(70%)-3C,788.0,721.2070797986154,8.476258908805155,-8.476258908805155,-0.03846623612474298,0.0
M1,61,1,batch1-20,5.4C(80%)-5.4C,534.0,540.5241824409318,1.221757011410446,1.221757011410446,0.005273871539628772,0.06581077380285683
M1,61,1,batch1-21,5.4C(80%)-5.4C,559.0,584.342239418224,4.533495423653674,4.533495423653674,0.019255472713119115,0.08271017940103276
M1,61,2,batch1-24,6C(40%)-3C,1017.0,838.4913225643711,17.552475657387305,-17.552475657387305,-0.08382238041344969,0.0
M1,61,2,batch1-25,6C(40%)-3C,854.0,916.1006939487295,7.271744022099472,7.271744022099472,0.03048534143174031,0.0
M1,61,2,batch1-26,6C(40%)-3.6C,870.0,854.9600278161641,1.728732434923662,-1.728732434923662,-0.007573442106439732,0.0
M1,61,2,batch1-27,6C(40%)-3.6C,842.0,819.3796018876204,2.686508089356244,-2.686508089356244,-0.011826943327381656,0.0
M1,61,0,batch1-28,6C(50%)-3C,860.0,816.7520448596154,5.028831993067982,-5.028831993067982,-0.022408220774225107,0.0
M1,61,0,batch1-29,6C(50%)-3C,917.0,824.4102879126343,10.097024218905744,-10.097024218905744,-0.04622593291727428,0.0
M1,61,0,batch1-34,7C(30%)-3.6C,742.0,790.6703885415816,6.559351555469217,6.559351555469217,0.027591569026503837,0.0
M1,61,0,batch1-35,7C(30%)-3.6C,703.0,731.2906407161846,4.024273217095962,4.024273217095962,0.017134690204880343,0.0
M1,61,3,batch1-36,7C(40%)-3C,704.0,734.3020071078503,4.304262373274186,4.304262373274186,0.018302056148193024,0.0
M1,61,3,batch1-37,7C(40%)-3C,648.0,703.0007039044881,8.487762948223471,8.487762948223471,0.03538075400226326,0.0
M1,61,0,batch1-38,7C(40%)-3.6C,617.0,560.4788498919285,9.160640212005111,-9.160640212005111,-0.04172593523522661,0.0
M1,61,0,batch1-39,7C(40%)-3.6C,625.0,648.8113585678752,3.809817370860037,3.809817370860037,0.016238427003552935,0.0
M1,61,4,batch1-40,8C(15%)-3.6C,966.0,971.4149729731715,0.5605562084028498,0.5605562084028498,0.0024276668017289005,0.0
M1,61,4,batch1-41,8C(15%)-3.6C,1051.0,957.2502595315303,8.920051424212147,-8.920051424212147,-0.04057722326174629,0.0
M1,61,1,batch1-42,8C(25%)-3.6C,702.0,732.7474847521772,4.37998358293123,4.37998358293123,0.01861722421284151,0.0
M1,61,1,batch1-43,8C(25%)-3.6C,651.0,652.1272693356086,0.1731596521672222,0.1731596521672222,0.0007513724648537945,0.0
M1_huber,42,0,batch1-05,4.4C(80%)-4.4C,1074.0,1011.079970833452,5.858475713831289,-5.858475713831289,-0.026218774122551025,0.03198144045256601
M1_huber,42,2,batch1-06,4.8C(80%)-4.8C,636.0,764.5184218409906,20.207299031602304,20.207299031602304,0.07993083898873854,0.0
M1_huber,42,2,batch1-07,4.8C(80%)-4.8C,870.0,941.6080258232598,8.230807565891933,8.230807565891933,0.034350898954121245,0.0
M1_huber,42,2,batch1-09,5.4C(40%)-3.6C,1054.0,1008.1636588215235,4.348798973289987,-4.348798973289987,-0.019309572463678926,0.0
M1_huber,42,4,batch1-11,5.4C(50%)-3C,788.0,813.5832380863964,3.2466038180706045,3.2466038180706045,0.013875774930574014,0.0
M1_huber,42,3,batch1-14,5.4C(60%)-3C,880.0,903.5649936393917,2.6778401862945085,2.6778401862945085,0.011476724773076707,0.0
M1_huber,42,3,batch1-15,5.4C(60%)-3C,719.0,823.9169946895935,14.592071584088107,14.592071584088107,0.05915457062967233,0.0
M1_huber,42,1,batch1-18,5.4C(70%)-3C,691.0,601.6656471871067,12.928271029362264,-12.928271029362264,-0.06012283173260924,0.0
M1_huber,42,1,batch1-19,5.4C(70%)-3C,788.0,721.3104857271395,8.46313632904321,-8.46313632904321,-0.03840397189267497,0.0
M1_huber,42,4,batch1-20,5.4C(80%)-5.4C,534.0,549.2930345478403,2.863864147535638,2.863864147535638,0.012262834844401382,0.06581077380285683
M1_huber,42,4,batch1-21,5.4C(80%)-5.4C,559.0,595.5730437439576,6.542583854017452,6.542583854017452,0.027523225018123654,0.08271017940103276
M1_huber,42,1,batch1-24,6C(40%)-3C,1017.0,843.3678470552646,17.07297472416277,-17.07297472416277,-0.08130391317140084,0.0
M1_huber,42,1,batch1-25,6C(40%)-3C,854.0,923.2709973731012,8.111358006217936,8.111358006217936,0.03387132263328274,0.0
M1_huber,42,3,batch1-26,6C(40%)-3.6C,870.0,858.6904609914498,1.2999470124770398,-1.2999470124770398,-0.005682614177550338,0.0
M1_huber,42,3,batch1-27,6C(40%)-3.6C,842.0,835.6253943661325,0.7570790539035074,-0.7570790539035074,-0.003300461932040477,0.0
M1_huber,42,0,batch1-28,6C(50%)-3C,860.0,805.9687234868642,6.282706571294863,-6.282706571294863,-0.028180262392100808,0.0
M1_huber,42,0,batch1-29,6C(50%)-3C,917.0,813.8978614291915,11.243417510448038,-11.243417510448038,-0.05179942832492346,0.0
M1_huber,42,3,batch1-34,7C(30%)-3.6C,742.0,803.8453935901701,8.334958704874683,8.334958704874683,0.034768622117022474,0.0
M1_huber,42,3,batch1-35,7C(30%)-3.6C,703.0,744.920660164799,5.963109554025457,5.963109554025457,0.025154694456631432,0.0
M1_huber,42,4,batch1-36,7C(40%)-3C,704.0,730.0557877763673,3.7011062182339933,3.7011062182339933,0.015783389194367725,0.0
M1_huber,42,4,batch1-37,7C(40%)-3C,648.0,702.3505164152575,8.387425372724925,8.387425372724925,0.03497890020964611,0.0
M1_huber,42,0,batch1-38,7C(40%)-3.6C,617.0,555.1698354780002,10.021096356888135,-10.021096356888135,-0.04585930284246231,0.0
M1_huber,42,0,batch1-39,7C(40%)-3.6C,625.0,643.6071837450129,2.9771493992020623,2.9771493992020623,0.012740865571118754,0.0
M1_huber,42,1,batch1-40,8C(15%)-3.6C,966.0,1010.5402376898169,4.61079065111976,4.61079065111976,0.01957648451721239,0.0
M1_huber,42,1,batch1-41,8C(15%)-3.6C,1051.0,990.3658893081601,5.769182748985713,-5.769182748985713,-0.02580704228874442,0.0
M1_huber,42,2,batch1-42,8C(25%)-3.6C,702.0,733.8118066731291,4.531596392183636,4.531596392183636,0.019247582932178098,0.0
M1_huber,42,2,batch1-43,8C(25%)-3.6C,651.0,635.0490792676391,2.450218238457902,-2.450218238457902,-0.010773697872374921,0.0
M1_huber,43,4,batch1-05,4.4C(80%)-4.4C,1074.0,1042.4297215074323,2.9395045151366572,-2.9395045151366572,-0.012957495981862799,0.03198144045256601
M1_huber,43,4,batch1-06,4.8C(80%)-4.8C,636.0,767.2954923454661,20.64394533733743,20.64394533733743,0.08150553119660309,0.0
M1_huber,43,4,batch1-07,4.8C(80%)-4.8C,870.0,930.1076905227154,6.908929945139702,6.908929945139702,0.02901398270103339,0.0
M1_huber,43,1,batch1-09,5.4C(40%)-3.6C,1054.0,986.9917626395413,6.3575177761346,-6.3575177761346,-0.028527082781482083,0.0
M1_huber,43,2,batch1-11,5.4C(50%)-3C,788.0,828.3800970163693,5.124377793955494,5.124377793955494,0.02170343832842825,0.0
M1_huber,43,4,batch1-14,5.4C(60%)-3C,880.0,893.1237163071495,1.4913313985397152,1.4913313985397152,0.0064289497708842624,0.0
M1_huber,43,4,batch1-15,5.4C(60%)-3C,719.0,805.0047694822122,11.961720373047589,11.961720373047589,0.049069563095135216,0.0
M1_huber,43,3,batch1-18,5.4C(70%)-3C,691.0,607.7083086130311,12.053790359908662,-12.053790359908662,-0.05578287329424336,0.0
M1_huber,43,3,batch1-19,5.4C(70%)-3C,788.0,724.207039610272,8.095553348950258,-8.095553348950258,-0.036663475455073424,0.0
M1_huber,43,1,batch1-20,5.4C(80%)-5.4C,534.0,544.4928172018979,1.9649470415539099,1.9649470415539099,0.008450898008773411,0.06581077380285683
M1_huber,43,1,batch1-21,5.4C(80%)-5.4C,559.0,594.265205363444,6.308623499721648,6.308623499721648,0.02656849487552071,0.08271017940103276
M1_huber,43,2,batch1-24,6C(40%)-3C,1017.0,856.2527786038138,15.806019802968162,-15.806019802968162,-0.07471895910215087,0.0
M1_huber,43,2,batch1-25,6C(40%)-3C,854.0,932.6068166763527,9.204545278261435,9.204545278261435,0.038240714817314725,0.0
M1_huber,43,0,batch1-26,6C(40%)-3.6C,870.0,848.0443250810251,2.523640795284467,-2.523640795284467,-0.011100700320616053,0.0
M1_huber,43,0,batch1-27,6C(40%)-3.6C,842.0,816.7131186599827,3.0031925581968313,-3.0031925581968313,-0.013242559890720429,0.0
M1_huber,43,0,batch1-28,6C(50%)-3C,860.0,807.8152011773649,6.067999863097107,-6.067999863097107,-0.027186429934564327,0.0
M1_huber,43,0,batch1-29,6C(50%)-3C,917.0,815.5462373999055,11.063660043630804,-11.063660043630804,-0.05092074726688445,0.0
M1_huber,43,3,batch1-34,7C(30%)-3.6C,742.0,789.6900569890558,6.427231400142297,6.427231400142297,0.027052764553750386,0.0
M1_huber,43,3,batch1-35,7C(30%)-3.6C,703.0,728.0294710870169,3.560379955478929,3.560379955478929,0.015193635160528185,0.0
M1_huber,43,2,batch1-36,7C(40%)-3C,704.0,720.7239427711273,2.3755600527169496,2.3755600527169496,0.010196290613547099,0.0
M1_huber,43,2,batch1-37,7C(40%)-3C,648.0,693.9576274090999,7.092226452021594,7.092226452021594,0.02975794766176465,0.0
M1_huber,43,0,batch1-38,7C(40%)-3.6C,617.0,551.2507012421012,10.65628829139365,-10.65628829139365,-0.04893600909406981,0.0
M1_huber,43,0,batch1-39,7C(40%)-3.6C,625.0,639.7003564892182,2.3520570382749066,2.3520570382749066,0.010096575395149188,0.0
M1_huber,43,3,batch1-40,8C(15%)-3.6C,966.0,1012.2838307986183,4.791286832155102,4.791286832155102,0.020325173506203775,0.0
M1_huber,43,3,batch1-41,8C(15%)-3.6C,1051.0,992.9664553684981,5.521745445433098,-5.521745445433098,-0.024668138725640443,0.0
M1_huber,43,1,batch1-42,8C(25%)-3.6C,702.0,733.6855755556152,4.513614751512133,4.513614751512133,0.01917286868930468,0.0
M1_huber,43,1,batch1-43,8C(25%)-3.6C,651.0,645.5128074392446,0.8428867220822388,-0.8428867220822388,-0.0036761251648051996,0.0
M1_huber,44,3,batch1-05,4.4C(80%)-4.4C,1074.0,1019.3867917307437,5.085028702910274,-5.085028702910274,-0.02266527925977435,0.03198144045256601
M1_huber,44,4,batch1-06,4.8C(80%)-4.8C,636.0,773.0533928859192,21.549275610993575,21.549275610993575,0.08475237495158261,0.0
M1_huber,44,4,batch1-07,4.8C(80%)-4.8C,870.0,901.279236721207,3.595314565655975,3.595314565655975,0.015340113475847517,0.0
M1_huber,44,2,batch1-09,5.4C(40%)-3.6C,1054.0,996.07809725239,5.4954366933216345,-5.4954366933216345,-0.024547220368396516,0.0
M1_huber,44,4,batch1-11,5.4C(50%)-3C,788.0,881.5892111776855,11.876803448944855,11.876803448944855,0.048740049187542045,0.0
M1_huber,44,4,batch1-14,5.4C(60%)-3C,880.0,924.8827779399169,5.100315674990554,5.100315674990554,0.021604020459265794,0.0
M1_huber,44,4,batch1-15,5.4C(60%)-3C,719.0,850.5220811089879,18.292361767592197,18.292361767592197,0.0729567027912239,0.0
M1_huber,44,0,batch1-18,5.4C(70%)-3C,691.0,595.6279135885268,13.802038554482376,-13.802038554482376,-0.06450300498075823,0.0
M1_huber,44,0,batch1-19,5.4C(70%)-3C,788.0,717.902683326898,8.895598562576396,-8.895598562576396,-0.0404606408776047,0.0
M1_huber,44,0,batch1-20,5.4C(80%)-5.4C,534.0,507.17071972956404,5.024209788471153,-5.024209788471153,-0.02238708436888448,0.06581077380285683
M1_huber,44,0,batch1-21,5.4C(80%)-5.4C,559.0,558.5304510990659,0.08399801447837468,-0.08399801447837468,-0.0003649520394883865,0.08271017940103276
M1_huber,44,0,batch1-24,6C(40%)-3C,1017.0,843.5953905424217,17.05060073329187,-17.05060073329187,-0.08118675486081983,0.0
M1_huber,44,0,batch1-25,6C(40%)-3C,854.0,926.0996812936716,8.442585631577465,8.442585631577465,0.035199864055433405,0.0
M1_huber,44,1,batch1-26,6C(40%)-3.6C,870.0,851.1056360292181,2.171765973653093,-2.171765973653093,-0.009535786191595452,0.0
M1_huber,44,1,batch1-27,6C(40%)-3.6C,842.0,821.5302183208855,2.431090460702432,-2.431090460702432,-0.010688548794123953,0.0
M1_huber,44,1,batch1-28,6C(50%)-3C,860.0,812.9890502634299,5.466389504252334,-5.466389504252334,-0.024413754901891682,0.0
M1_huber,44,1,batch1-29,6C(50%)-3C,917.0,820.3388016173022,10.541024905419603,-10.541024905419603,-0.048376081720235664,0.0
M1_huber,44,2,batch1-34,7C(30%)-3.6C,742.0,795.4828503757207,7.2079313174825685,7.2079313174825685,0.03022691595376159,0.0
M1_huber,44,2,batch1-35,7C(30%)-3.6C,703.0,737.4106314029524,4.89482665760347,4.89482665760347,0.020754069609581816,0.0
M1_huber,44,1,batch1-36,7C(40%)-3C,704.0,715.4295579106648,1.623516748673979,1.623516748673979,0.006994219880676944,0.0
M1_huber,44,1,batch1-37,7C(40%)-3C,648.0,687.7029054411895,6.126991580430478,6.126991580430478,0.025825853304075164,0.0
M1_huber,44,3,batch1-38,7C(40%)-3.6C,617.0,558.1401621653,9.539681982933548,-9.539681982933548,-0.043541889806832934,0.0
M1_huber,44,3,batch1-39,7C(40%)-3.6C,625.0,649.8844007591049,3.9815041214567826,3.9815041214567826,0.016956095333799936,0.0
M1_huber,44,3,batch1-40,8C(15%)-3.6C,966.0,999.5196169443537,3.4699396422726445,3.4699396422726445,0.014814195747577141,0.0
M1_huber,44,3,batch1-41,8C(15%)-3.6C,1051.0,979.3383892225742,6.81842157730027,-6.81842157730027,-0.03066993721831235,0.0
M1_huber,44,2,batch1-42,8C(25%)-3.6C,702.0,731.4115500036751,4.1896794877030015,4.1896794877030015,0.017824702039100693,0.0
M1_huber,44,2,batch1-43,8C(25%)-3.6C,651.0,645.504800967299,0.8441165948849391,-0.8441165948849391,-0.003681511871481913,0.0
M1_huber,45,3,batch1-05,4.4C(80%)-4.4C,1074.0,1013.0007097705485,5.679635961773883,-5.679635961773883,-0.02539453170974726,0.03198144045256601
M1_huber,45,2,batch1-06,4.8C(80%)-4.8C,636.0,770.3089852950831,21.117764983503626,21.117764983503626,0.08320784808493453,0.0
M1_huber,45,2,batch1-07,4.8C(80%)-4.8C,870.0,937.8888675679895,7.803318111263155,7.803318111263155,0.03263212833898166,0.0
M1_huber,45,1,batch1-09,5.4C(40%)-3.6C,1054.0,990.7873525371674,5.997404882621688,-5.997404882621688,-0.02686015672370523,0.0
M1_huber,45,4,batch1-11,5.4C(50%)-3C,788.0,810.1235708658337,2.8075597545474236,2.8075597545474236,0.012025050836018902,0.0
M1_huber,45,2,batch1-14,5.4C(60%)-3C,880.0,897.1850319649515,1.952844541471757,1.952844541471757,0.00839934734251413,0.0
M1_huber,45,2,batch1-15,5.4C(60%)-3C,719.0,806.7805361963424,12.20869766291271,12.20869766291271,0.050026521809691804,0.0
M1_huber,45,3,batch1-18,5.4C(70%)-3C,691.0,605.08414107663,12.433554113367586,-12.433554113367586,-0.05766227691271064,0.0
M1_huber,45,3,batch1-19,5.4C(70%)-3C,788.0,719.8265674973197,8.651450825213232,-8.651450825213232,-0.039298345852635475,0.0
M1_huber,45,0,batch1-20,5.4C(80%)-5.4C,534.0,523.2953068877874,2.00462417831696,-2.00462417831696,-0.008794417190240988,0.06581077380285683
M1_huber,45,0,batch1-21,5.4C(80%)-5.4C,559.0,572.0296529332074,2.330886034563049,2.330886034563049,0.010006734493087421,0.08271017940103276
M1_huber,45,0,batch1-24,6C(40%)-3C,1017.0,841.3158695417432,17.27474242460736,-17.27474242460736,-0.08236187193604483,0.0
M1_huber,45,0,batch1-25,6C(40%)-3C,854.0,917.745207739881,7.4643100397987165,7.4643100397987165,0.03126425470433425,0.0
M1_huber,45,1,batch1-26,6C(40%)-3.6C,870.0,855.5921235071562,1.6560777577981376,-1.6560777577981376,-0.007252474770933048,0.0
M1_huber,45,1,batch1-27,6C(40%)-3.6C,842.0,826.5036503413951,1.8404215746561654,-1.8404215746561654,-0.008067315480115411,0.0
M1_huber,45,0,batch1-28,6C(50%)-3C,860.0,812.4189979114866,5.532674661455047,-5.532674661455047,-0.024718380686504116,0.0
M1_huber,45,0,batch1-29,6C(50%)-3C,917.0,820.4471261920302,10.52921197469682,-10.52921197469682,-0.04831873753617133,0.0
M1_huber,45,1,batch1-34,7C(30%)-3.6C,742.0,793.0610777509296,6.881546866702102,6.881546866702102,0.02890273059939341,0.0
M1_huber,45,1,batch1-35,7C(30%)-3.6C,703.0,735.6419176397735,4.643231527706047,4.643231527706047,0.019711142801490222,0.0
M1_huber,45,4,batch1-36,7C(40%)-3C,704.0,719.6646882663405,2.2250977651051813,2.2250977651051813,0.009557534573161774,0.0
M1_huber,45,4,batch1-37,7C(40%)-3C,648.0,690.3743277285829,6.539248106262793,6.539248106262793,0.027509627454880725,0.0
M1_huber,45,4,batch1-38,7C(40%)-3.6C,617.0,561.8675752928044,8.93556316162003,-8.93556316162003,-0.04065119383143401,0.0
M1_huber,45,4,batch1-39,7C(40%)-3.6C,625.0,651.6613236150308,4.265811778404932,4.265811778404932,0.01814192884867749,0.0
M1_huber,45,3,batch1-40,8C(15%)-3.6C,966.0,990.7284717003755,2.559883198796636,2.559883198796636,0.010977517575025075,0.0
M1_huber,45,3,batch1-41,8C(15%)-3.6C,1051.0,971.6974619486015,7.5454365415222195,-7.5454365415222195,-0.03407164766410897,0.0
M1_huber,45,2,batch1-42,8C(25%)-3.6C,702.0,735.7979339267854,4.8145205023910815,4.8145205023910815,0.02042145189607769,0.0
M1_huber,45,2,batch1-43,8C(25%)-3.6C,651.0,643.463213610905,1.1577244837319551,-1.1577244837319551,-0.005057264961752406,0.0
M1_huber,46,1,batch1-05,4.4C(80%)-4.4C,1074.0,1022.1334742521157,4.8292854513858785,-4.8292854513858785,-0.0214966699618917,0.03198144045256601
M1_huber,46,0,batch1-06,4.8C(80%)-4.8C,636.0,777.1576368973757,22.194596996442723,22.194596996442723,0.087052003398298,0.0
M1_huber,46,0,batch1-07,4.8C(80%)-4.8C,870.0,950.8034981116597,9.287758403639042,9.287758403639042,0.03857151825809213,0.0
M1_huber,46,2,batch1-09,5.4C(40%)-3.6C,1054.0,979.6508129408511,7.054002567281679,-7.054002567281679,-0.03176930767058428,0.0
M1_huber,46,3,batch1-11,5.4C(50%)-3C,788.0,933.1970951510791,18.426027303436435,18.426027303436435,0.0734471607656566,0.0
M1_huber,46,3,batch1-14,5.4C(60%)-3C,880.0,946.0893740062739,7.510156137076585,7.510156137076585,0.031449492586027805,0.0
M1_huber,46,3,batch1-15,5.4C(60%)-3C,719.0,882.8559337532104,22.789420549820637,22.789420549820637,0.0891609499096897,0.0
M1_huber,46,4,batch1-18,5.4C(70%)-3C,691.0,601.6656471871067,12.928271029362264,-12.928271029362264,-0.06012283173260924,0.0
M1_huber,46,4,batch1-19,5.4C(70%)-3C,788.0,721.3104857271395,8.46313632904321,-8.46313632904321,-0.03840397189267497,0.0
M1_huber,46,0,batch1-20,5.4C(80%)-5.4C,534.0,551.4262752333609,3.263347421977699,3.263347421977699,0.013946199186221975,0.06581077380285683
M1_huber,46,0,batch1-21,5.4C(80%)-5.4C,559.0,607.8329910575303,8.735776575586819,8.735776575586819,0.03637246048895548,0.08271017940103276
M1_huber,46,4,batch1-24,6C(40%)-3C,1017.0,843.3678470552646,17.07297472416277,-17.07297472416277,-0.08130391317140084,0.0
M1_huber,46,4,batch1-25,6C(40%)-3C,854.0,923.2709973731012,8.111358006217936,8.111358006217936,0.03387132263328274,0.0
M1_huber,46,1,batch1-26,6C(40%)-3.6C,870.0,858.1617726943388,1.360715782259912,-1.360715782259912,-0.005950087886509969,0.0
M1_huber,46,1,batch1-27,6C(40%)-3.6C,842.0,822.5025167401134,2.315615589060169,-2.315615589060169,-0.010174855996578192,0.0
M1_huber,46,2,batch1-28,6C(50%)-3C,860.0,807.0876774467029,6.152595645732227,-6.152595645732227,-0.027577734659124165,0.0
M1_huber,46,2,batch1-29,6C(50%)-3C,917.0,814.682900791128,11.157807983519307,-11.157807983519307,-0.05138073457969217,0.0
M1_huber,46,3,batch1-34,7C(30%)-3.6C,742.0,821.602430292761,10.72809033595162,10.72809033595162,0.044257809951351756,0.0
M1_huber,46,3,batch1-35,7C(30%)-3.6C,703.0,762.6156702975569,8.480180696665277,8.480180696665277,0.035350399932826626,0.0
M1_huber,46,0,batch1-36,7C(40%)-3C,704.0,739.4160978544598,5.030695717963047,5.030695717963047,0.021316242238685668,0.0
M1_huber,46,0,batch1-37,7C(40%)-3C,648.0,706.1137923644203,8.96817783401548,8.96817783401548,0.037299688685026755,0.0
M1_huber,46,1,batch1-38,7C(40%)-3.6C,617.0,557.2990137653921,9.676010734944548,-9.676010734944548,-0.044196889533702155,0.0
M1_huber,46,1,batch1-39,7C(40%)-3.6C,625.0,648.747816392985,3.7996506228775977,3.7996506228775977,0.016195891731979106,0.0
M1_huber,46,4,batch1-40,8C(15%)-3.6C,966.0,1010.5402376898169,4.61079065111976,4.61079065111976,0.01957648451721239,0.0
M1_huber,46,4,batch1-41,8C(15%)-3.6C,1051.0,990.3658893081601,5.769182748985713,-5.769182748985713,-0.02580704228874442,0.0
M1_huber,46,2,batch1-42,8C(25%)-3.6C,702.0,718.2568822914858,2.3157951982173497,2.3157951982173497,0.009942683936052799,0.0
M1_huber,46,2,batch1-43,8C(25%)-3.6C,651.0,633.4441913498467,2.696744800330763,-2.696744800330763,-0.011872630527062,0.0
M1_huber,47,2,batch1-05,4.4C(80%)-4.4C,1074.0,1007.4820623623349,6.193476502575895,-6.193476502575895,-0.02776695884458924,0.03198144045256601
M1_huber,47,1,batch1-06,4.8C(80%)-4.8C,636.0,770.6066705019404,21.16457083363842,21.16457083363842,0.0833756483714776,0.0
M1_huber,47,1,batch1-07,4.8C(80%)-4.8C,870.0,950.2568063143023,9.224920266011754,9.224920266011754,0.0383217363475592,0.0
M1_huber,47,0,batch1-09,5.4C(40%)-3.6C,1054.0,993.5777125946088,5.732664839221178,-5.732664839221178,-0.025638769796978877,0.0
M1_huber,47,3,batch1-11,5.4C(50%)-3C,788.0,807.0902121451675,2.422615754462877,2.422615754462877,0.010395863015883133,0.0
M1_huber,47,0,batch1-14,5.4C(60%)-3C,880.0,884.435244328412,0.5040050373195403,0.5040050373195403,0.0021833685321372975,0.0
M1_huber,47,0,batch1-15,5.4C(60%)-3C,719.0,800.9683014205594,11.400320086308685,11.400320086308685,0.046886438696937205,0.0
M1_huber,47,0,batch1-18,5.4C(70%)-3C,691.0,611.9700941076443,11.437034137822824,-11.437034137822824,-0.0527478479106156,0.0
M1_huber,47,0,batch1-19,5.4C(70%)-3C,788.0,717.150265233716,8.991083092168017,-8.991083092168017,-0.04091605411685073,0.0
M1_huber,47,4,batch1-20,5.4C(80%)-5.4C,534.0,540.1903834208777,1.1592478316250285,1.1592478316250285,0.0050055914929569845,0.06581077380285683
M1_huber,47,4,batch1-21,5.4C(80%)-5.4C,559.0,591.3949751746961,5.795165505312366,5.795165505312366,0.024465822308456175,0.08271017940103276
M1_huber,47,3,batch1-24,6C(40%)-3C,1017.0,849.5585392664572,16.46425375944374,-16.46425375944374,-0.07812764340281886,0.0
M1_huber,47,3,batch1-25,6C(40%)-3C,854.0,929.1207620682084,8.796342162553671,8.796342162553671,0.036614294210294496,0.0
M1_huber,47,4,batch1-26,6C(40%)-3.6C,870.0,866.4806576030987,0.40452211458635234,-0.40452211458635234,-0.0017603801907255523,0.0
M1_huber,47,4,batch1-27,6C(40%)-3.6C,842.0,830.1789365142716,1.4039267797777149,-1.4039267797777149,-0.006140381334130307,0.0
M1_huber,47,2,batch1-28,6C(50%)-3C,860.0,809.8514461996318,5.831227186089323,-5.831227186089323,-0.026093089170605932,0.0
M1_huber,47,2,batch1-29,6C(50%)-3C,917.0,817.3598415931161,10.865884231939352,-10.865884231939352,-0.049956039464679414,0.0
M1_huber,47,1,batch1-34,7C(30%)-3.6C,742.0,802.0744635756691,8.096288891599615,8.096288891599615,0.03381078422559547,0.0
M1_huber,47,1,batch1-35,7C(30%)-3.6C,703.0,738.8499512320082,5.099566320342554,5.099566320342554,0.02160092397238378,0.0
M1_huber,47,2,batch1-36,7C(40%)-3C,704.0,715.0944008590056,1.5759092129269383,1.5759092129269383,0.006790718415528474,0.0
M1_huber,47,2,batch1-37,7C(40%)-3C,648.0,687.0981088172556,6.033658768094999,6.033658768094999,0.02544374731103627,0.0
M1_huber,47,3,batch1-38,7C(40%)-3.6C,617.0,552.8988447978692,10.389166159178416,-10.389166159178416,-0.047639481489034186,0.0
M1_huber,47,3,batch1-39,7C(40%)-3.6C,625.0,644.0084684063866,3.041354945021849,3.041354945021849,0.013011560820058943,0.0
M1_huber,47,1,batch1-40,8C(15%)-3.6C,966.0,1032.6369071354404,6.898230552323026,6.898230552323026,0.02897051654907612,0.0
M1_huber,47,1,batch1-41,8C(15%)-3.6C,1051.0,1010.1870318465013,3.8832510136535365,-3.8832510136535365,-0.017200927018863332,0.0
M1_huber,47,4,batch1-42,8C(25%)-3.6C,702.0,733.9920877109637,4.557277451704229,4.557277451704229,0.019354266203174486,0.0
M1_huber,47,4,batch1-43,8C(25%)-3.6C,651.0,642.956923763266,1.2354955816795714,-1.2354955816795714,-0.005399111131658696,0.0
M1_huber,48,4,batch1-05,4.4C(80%)-4.4C,1074.0,1028.3770177924575,4.247949926214382,-4.247949926214382,-0.018851918913372234,0.10736402753360164
M1_huber,48,4,batch1-06,4.8C(80%)-4.8C,636.0,763.5118121910881,20.049027074070455,20.049027074070455,0.0793586447089587,0.0
M1_huber,48,4,batch1-07,4.8C(80%)-4.8C,870.0,941.278846381662,8.192970848466896,8.192970848466896,0.03419904615976721,0.0
M1_huber,48,2,batch1-09,5.4C(40%)-3.6C,1054.0,989.4008159947251,6.128954839210141,-6.128954839210141,-0.027468346669812682,0.0
M1_huber,48,4,batch1-11,5.4C(50%)-3C,788.0,779.7353319456446,1.0488157429385039,-1.0488157429385039,-0.004579003749356048,0.07538258708103562
M1_huber,48,3,batch1-14,5.4C(60%)-3C,880.0,905.7823933331784,2.9298174242248236,2.9298174242248236,0.01254120242975576,0.0
M1_huber,48,3,batch1-15,5.4C(60%)-3C,719.0,825.2686221267844,14.780058710262086,14.780058710262086,0.059866442553615506,0.0
M1_huber,48,1,batch1-18,5.4C(70%)-3C,691.0,597.2042120516453,13.573920108300246,-13.573920108300246,-0.06335518525299877,0.0
M1_huber,48,1,batch1-19,5.4C(70%)-3C,788.0,713.4364600389548,9.462378167645328,-9.462378167645328,-0.04317091738052792,0.0
M1_huber,48,2,batch1-20,5.4C(80%)-5.4C,534.0,536.2849873850002,0.4279002593633426,0.4279002593633426,0.0018543825839421046,0.06581077380285683
M1_huber,48,2,batch1-21,5.4C(80%)-5.4C,559.0,585.4051945382339,4.723648396821807,4.723648396821807,0.02004476389990817,0.08271017940103276
M1_huber,48,2,batch1-24,6C(40%)-3C,1017.0,843.079929064848,17.101285244361065,-17.101285244361065,-0.08145220260848163,0.0
M1_huber,48,2,batch1-25,6C(40%)-3C,854.0,916.219148549171,7.285614584212061,7.285614584212061,0.03054149339626777,0.0
M1_huber,48,0,batch1-26,6C(40%)-3.6C,870.0,859.7673376215611,1.1761680894757391,-1.1761680894757391,-0.005138310279317881,0.0
M1_huber,48,0,batch1-27,6C(40%)-3.6C,842.0,827.553224020837,1.715769118665442,-1.715769118665442,-0.00751615653802995,0.0
M1_huber,48,1,batch1-28,6C(50%)-3C,860.0,806.2953451422519,6.244727309040476,-6.244727309040476,-0.028004298680813555,0.0
M1_huber,48,1,batch1-29,6C(50%)-3C,917.0,814.4850827560819,11.179380288322589,-11.179380288322589,-0.05148620102923118,0.0
M1_huber,48,3,batch1-34,7C(30%)-3.6C,742.0,806.7687039247033,8.728935838908807,8.728935838908807,0.036345137488737134,0.0
M1_huber,48,3,batch1-35,7C(30%)-3.6C,703.0,747.6676285857387,6.353858973789292,6.353858973789292,0.0267532525896379,0.0
M1_huber,48,0,batch1-36,7C(40%)-3C,704.0,721.9664759194168,2.55205623855352,2.55205623855352,0.010944372691751969,0.0
M1_huber,48,0,batch1-37,7C(40%)-3C,648.0,693.1120532914915,6.9617366190573335,6.9617366190573335,0.029228445468878927,0.0
M1_huber,48,1,batch1-38,7C(40%)-3.6C,617.0,542.4275532246215,12.086296073805263,-12.086296073805263,-0.05594342213166836,0.0
M1_huber,48,1,batch1-39,7C(40%)-3.6C,625.0,633.7262756744515,1.3962041079122354,1.3962041079122354,0.006021696951511224,0.0
M1_huber,48,0,batch1-40,8C(15%)-3.6C,966.0,998.7560473910144,3.390895175053247,3.390895175053247,0.01448229553418523,0.0
M1_huber,48,0,batch1-41,8C(15%)-3.6C,1051.0,980.6077656175449,6.697643613934829,-6.697643613934829,-0.030107387844684474,0.0
M1_huber,48,3,batch1-42,8C(25%)-3.6C,702.0,734.7463623629616,4.6647239833278595,4.6647239833278595,0.01980033248268631,0.0
M1_huber,48,3,batch1-43,8C(25%)-3.6C,651.0,655.9267881822987,0.7568031001994856,0.7568031001994856,0.0032743793702549873,0.0
M1_huber,49,0,batch1-05,4.4C(80%)-4.4C,1074.0,1024.5531587894454,4.60398893953022,-4.60398893953022,-0.020469784736631524,0.10736402753360164
M1_huber,49,1,batch1-06,4.8C(80%)-4.8C,636.0,767.0174253492911,20.600224111523758,20.600224111523758,0.08134811485477655,0.0
M1_huber,49,1,batch1-07,4.8C(80%)-4.8C,870.0,952.0142224377825,9.426922119285338,9.426922119285338,0.03912418387521477,0.0
M1_huber,49,2,batch1-09,5.4C(40%)-3.6C,1054.0,981.8770555358627,6.842784104756857,-6.842784104756857,-0.030783499306536122,0.0
M1_huber,49,0,batch1-11,5.4C(50%)-3C,788.0,810.7984243461557,2.8932010591568127,2.8932010591568127,0.012386678552092967,0.07538258708103562
M1_huber,49,3,batch1-14,5.4C(60%)-3C,880.0,890.4847403970654,1.1914477723937917,1.1914477723937917,0.005143809517557774,0.0
M1_huber,49,3,batch1-15,5.4C(60%)-3C,719.0,801.8300811822647,11.520178189466582,11.520178189466582,0.04735345468004848,0.0
M1_huber,49,3,batch1-18,5.4C(70%)-3C,691.0,605.4773087210523,12.376655756721812,-12.376655756721812,-0.0573801755051897,0.0
M1_huber,49,3,batch1-19,5.4C(70%)-3C,788.0,716.7999388649737,9.035540753175928,-9.035540753175928,-0.0411282578759522,0.0
M1_huber,49,3,batch1-20,5.4C(80%)-5.4C,534.0,512.8996957606145,3.9513678350909243,-3.9513678350909243,-0.01750881557544748,0.06581077380285683
M1_huber,49,3,batch1-21,5.4C(80%)-5.4C,559.0,559.5803344337619,0.1038165355566889,0.1038165355566889,0.00045063560854075035,0.08271017940103276
M1_huber,49,4,batch1-24,6C(40%)-3C,1017.0,852.8241623945863,16.143150207021996,-16.143150207021996,-0.07646145654279968,0.0
M1_huber,49,4,batch1-25,6C(40%)-3C,854.0,930.9329738254326,9.008544944430042,9.008544944430042,0.03746054268154886,0.0
M1_huber,49,1,batch1-26,6C(40%)-3.6C,870.0,882.6454577706749,1.4535008931810174,1.4535008931810174,0.006267037986980473,0.0
M1_huber,49,1,batch1-27,6C(40%)-3.6C,842.0,837.7792337809658,0.5012786483413544,-0.5012786483413544,-0.002182500294345413,0.0
M1_huber,49,2,batch1-28,6C(50%)-3C,860.0,805.841005995891,6.297557442338254,-6.297557442338254,-0.028249088135826828,0.0
M1_huber,49,2,batch1-29,6C(50%)-3C,917.0,813.4388276366591,11.29347572119312,-11.29347572119312,-0.05204443705572981,0.0
M1_huber,49,4,batch1-34,7C(30%)-3.6C,742.0,795.5916928344177,7.222600112455216,7.222600112455216,0.03028633451398477,0.0
M1_huber,49,4,batch1-35,7C(30%)-3.6C,703.0,734.6663757170159,4.504463117640946,4.504463117640946,0.019134838446813518,0.0
M1_huber,49,0,batch1-36,7C(40%)-3C,704.0,723.0346242741429,2.7037818571225647,2.7037818571225647,0.011586435899513692,0.0
M1_huber,49,0,batch1-37,7C(40%)-3C,648.0,695.3192776709742,7.302357665273797,7.302357665273797,0.03060926446147416,0.0
M1_huber,49,2,batch1-38,7C(40%)-3.6C,617.0,554.4009675903392,10.145710277092515,-10.145710277092515,-0.04646118445911185,0.0
M1_huber,49,2,batch1-39,7C(40%)-3.6C,625.0,641.5319799777168,2.645116796434686,2.645116796434686,0.01133829322139368,0.0
M1_huber,49,4,batch1-40,8C(15%)-3.6C,966.0,1014.7087127828075,5.042309811884838,5.042309811884838,0.021364263038834874,0.0
M1_huber,49,4,batch1-41,8C(15%)-3.6C,1051.0,995.8311807207834,5.249174051305096,-5.249174051305096,-0.023416995572057786,0.0
M1_huber,49,1,batch1-42,8C(25%)-3.6C,702.0,736.6269030421217,4.932607270957512,4.932607270957512,0.02091046395490359,0.0
M1_huber,49,1,batch1-43,8C(25%)-3.6C,651.0,633.6154355335071,2.670440010213957,-2.670440010213957,-0.011755239990900002,0.0
M1_huber,50,4,batch1-05,4.4C(80%)-4.4C,1074.0,1025.4319899036554,4.522161089045117,-4.522161089045117,-0.020097419573838593,0.03198144045256601
M1_huber,50,3,batch1-06,4.8C(80%)-4.8C,636.0,772.7116549204098,21.495543226479537,21.495543226479537,0.08456034717180305,0.0
M1_huber,50,3,batch1-07,4.8C(80%)-4.8C,870.0,934.7795853672151,7.445929352553457,7.445929352553457,0.03118996665657736,0.0
M1_huber,50,1,batch1-09,5.4C(40%)-3.6C,1054.0,993.4305992935791,5.746622457914694,-5.746622457914694,-0.02570307802818883,0.0
M1_huber,50,1,batch1-11,5.4C(50%)-3C,788.0,816.2770898701373,3.588463181489502,3.588463181489502,0.015311390007530346,0.0
M1_huber,50,3,batch1-14,5.4C(60%)-3C,880.0,894.5530441644645,1.6537550186891472,1.6537550186891472,0.007123425805102723,0.0
M1_huber,50,3,batch1-15,5.4C(60%)-3C,719.0,807.2260536924092,12.270661153325342,12.270661153325342,0.05026628018027024,0.0
M1_huber,50,2,batch1-18,5.4C(70%)-3C,691.0,604.6796984315847,12.492084163301778,-12.492084163301778,-0.05795265956393081,0.0
M1_huber,50,2,batch1-19,5.4C(70%)-3C,788.0,709.0140966581165,10.023591794655266,-10.023591794655266,-0.04587134755335365,0.0
M1_huber,50,3,batch1-20,5.4C(80%)-5.4C,534.0,541.5908848185873,1.4215140109713962,1.4215140109713962,0.006130089368062919,0.06581077380285683
M1_huber,50,3,batch1-21,5.4C(80%)-5.4C,559.0,591.556628497253,5.824083809884253,5.824083809884253,0.02458451718352439,0.08271017940103276
M1_huber,50,1,batch1-24,6C(40%)-3C,1017.0,847.0853756206126,16.707436025505153,-16.707436025505153,-0.07939376892928607,0.0
M1_huber,50,1,batch1-25,6C(40%)-3C,854.0,922.3780134083651,8.006793139152817,8.006793139152817,0.03345107150610804,0.0
M1_huber,50,2,batch1-26,6C(40%)-3.6C,870.0,836.0353687998906,3.9039805977137187,-3.9039805977137187,-0.01729460179478881,0.0
M1_huber,50,2,batch1-27,6C(40%)-3.6C,842.0,808.1650887402233,4.0183980118499685,-4.0183980118499685,-0.0178120057183766,0.0
M1_huber,50,2,batch1-28,6C(50%)-3C,860.0,799.5792924522477,7.025663668343288,-7.025663668343288,-0.031636913033824765,0.0
M1_huber,50,2,batch1-29,6C(50%)-3C,917.0,806.6792559334481,12.03061549253565,-12.03061549253565,-0.05566844663268489,0.0
M1_huber,50,0,batch1-34,7C(30%)-3.6C,742.0,800.80656637121,7.925413257575473,7.925413257575473,0.03312372029000121,0.0
M1_huber,50,0,batch1-35,7C(30%)-3.6C,703.0,742.178849648621,5.573093833374261,5.573093833374261,0.023553248798147575,0.0
M1_huber,50,0,batch1-36,7C(40%)-3C,704.0,727.5772519892663,3.349041475748054,3.349041475748054,0.014306453060803026,0.0
M1_huber,50,0,batch1-37,7C(40%)-3C,648.0,698.8712657864858,7.850503979395951,7.850503979395951,0.03282217887722183,0.0
M1_huber,50,4,batch1-38,7C(40%)-3.6C,617.0,556.0415860923622,9.879807764609044,-9.879807764609044,-0.04517789055361643,0.0
M1_huber,50,4,batch1-39,7C(40%)-3.6C,625.0,650.7394911508301,4.118318584132812,4.118318584132812,0.01752714603411354,0.0
M1_huber,50,0,batch1-40,8C(15%)-3.6C,966.0,1010.0055212127722,4.555436978547851,4.555436978547851,0.01934662145198729,0.0
M1_huber,50,0,batch1-41,8C(15%)-3.6C,1051.0,992.1503334454303,5.599397388636508,-5.599397388636508,-0.02502523335071727,0.0
M1_huber,50,4,batch1-42,8C(25%)-3.6C,702.0,724.8429079784927,3.2539754955117797,3.2539754955117797,0.013906781902536025,0.0
M1_huber,50,4,batch1-43,8C(25%)-3.6C,651.0,628.9041104199181,3.3941458648359317,-3.3941458648359317,-0.014996555348858909,0.0
M1_huber,51,3,batch1-05,4.4C(80%)-4.4C,1074.0,1011.6572430698001,5.804725971154555,-5.804725971154555,-0.02597088611032161,0.03198144045256601
M1_huber,51,1,batch1-06,4.8C(80%)-4.8C,636.0,768.7563592965715,20.873641398832003,20.873641398832003,0.08233160571520459,0.0
M1_huber,51,1,batch1-07,4.8C(80%)-4.8C,870.0,931.6634465808642,7.087752480559099,7.087752480559099,0.029739803845257207,0.0
M1_huber,51,0,batch1-09,5.4C(40%)-3.6C,1054.0,993.4305992935791,5.746622457914694,-5.746622457914694,-0.02570307802818883,0.0
M1_huber,51,0,batch1-11,5.4C(50%)-3C,788.0,816.2770898701373,3.588463181489502,3.588463181489502,0.015311390007530346,0.0
M1_huber,51,1,batch1-14,5.4C(60%)-3C,880.0,897.1131296563402,1.9446738245841158,1.9446738245841158,0.008364540668182485,0.0
M1_huber,51,1,batch1-15,5.4C(60%)-3C,719.0,808.6643879905633,12.470707648200744,12.470707648200744,0.05103942766314695,0.0
M1_huber,51,4,batch1-18,5.4C(70%)-3C,691.0,597.5376497971113,13.525665731242942,-13.525665731242942,-0.06311277275989369,0.0
M1_huber,51,4,batch1-19,5.4C(70%)-3C,788.0,715.6461873284869,9.181955922780848,-9.181955922780848,-0.04182785561296276,0.0
M1_huber,51,2,batch1-20,5.4C(80%)-5.4C,534.0,533.2169570538827,0.14663725582721873,-0.14663725582721873,-0.0006373048879519949,0.2526694804336085
M1_huber,51,2,batch1-21,5.4C(80%)-5.4C,559.0,584.600211968944,4.579644359381752,4.579644359381752,0.0194471606049329,0.2695688860317844
M1_huber,51,0,batch1-24,6C(40%)-3C,1017.0,847.0853756206126,16.707436025505153,-16.707436025505153,-0.07939376892928607,0.0
M1_huber,51,0,batch1-25,6C(40%)-3C,854.0,922.3780134083651,8.006793139152817,8.006793139152817,0.03345107150610804,0.0
M1_huber,51,1,batch1-26,6C(40%)-3.6C,870.0,870.7626175583092,0.08765719061025475,0.08765719061025475,0.00038052358802298514,0.0
M1_huber,51,1,batch1-27,6C(40%)-3.6C,842.0,837.9364625089211,0.48260540274096586,-0.48260540274096586,-0.002101002496957438,0.0
M1_huber,51,4,batch1-28,6C(50%)-3C,860.0,806.2924099793145,6.2450686070564565,-6.2450686070564565,-0.02800587964912138,0.0
M1_huber,51,4,batch1-29,6C(50%)-3C,917.0,814.6751386090857,11.158654459205485,-11.158654459205485,-0.051384872495051415,0.0
M1_huber,51,2,batch1-34,7C(30%)-3.6C,742.0,796.268972116347,7.313877643712528,7.313877643712528,0.03065588780350792,0.0
M1_huber,51,2,batch1-35,7C(30%)-3.6C,703.0,736.0008280902723,4.694285645842433,4.694285645842433,0.01992297795195963,0.0
M1_huber,51,3,batch1-36,7C(40%)-3C,704.0,722.002699754821,2.5572016697188973,2.5572016697188973,0.010966162369949739,0.0
M1_huber,51,3,batch1-37,7C(40%)-3C,648.0,692.9946819645083,6.943623759954992,6.943623759954992,0.029154895981717832,0.0
M1_huber,51,2,batch1-38,7C(40%)-3.6C,617.0,565.5127640238437,8.344770822715768,-8.344770822715768,-0.037842752326916695,0.18685870663075166
M1_huber,51,2,batch1-39,7C(40%)-3.6C,625.0,658.132166744494,5.3011466791190465,5.3011466791190465,0.022433100470409695,0.11537318780629091
M1_huber,51,3,batch1-40,8C(15%)-3.6C,966.0,991.6790658601425,2.6582883913190978,2.6582883913190978,0.011394019048043269,0.0
M1_huber,51,3,batch1-41,8C(15%)-3.6C,1051.0,973.2686445862203,7.39594247514555,-7.39594247514555,-0.03336998392229207,0.0
M1_huber,51,4,batch1-42,8C(25%)-3.6C,702.0,712.303459139993,1.4677292222212304,1.4677292222212304,0.006327941272413096,0.0
M1_huber,51,4,batch1-43,8C(25%)-3.6C,651.0,620.9932753349258,4.609327905541354,-4.609327905541354,-0.020494091291365812,0.0
M1_huber,52,2,batch1-05,4.4C(80%)-4.4C,1074.0,1007.5084332549329,6.1910211122036385,-6.1910211122036385,-0.02775559131390981,0.03198144045256601
M1_huber,52,0,batch1-06,4.8C(80%)-4.8C,636.0,767.1413629225951,20.619711151351435,20.619711151351435,0.0814182841289286,0.0
M1_huber,52,0,batch1-07,4.8C(80%)-4.8C,870.0,935.8792049557647,7.572322408708591,7.572322408708591,0.031700544830400634,0.0
M1_huber,52,2,batch1-09,5.4C(40%)-3.6C,1054.0,981.0576867297681,6.920523080667166,-6.920523080667166,-0.031146065992158523,0.0
M1_huber,52,1,batch1-11,5.4C(50%)-3C,788.0,842.1476155892309,6.8715248209683875,6.8715248209683875,0.02886200585912757,0.0
M1_huber,52,0,batch1-14,5.4C(60%)-3C,880.0,898.2306989918475,2.071670339982668,2.071670339982668,0.008905221790649787,0.0
M1_huber,52,0,batch1-15,5.4C(60%)-3C,719.0,806.8096992958743,12.21275372682536,12.21275372682536,0.05004222018580329,0.0
M1_huber,52,4,batch1-18,5.4C(70%)-3C,691.0,601.5334484461002,12.947402540361761,-12.947402540361761,-0.06021826595321844,0.0
M1_huber,52,4,batch1-19,5.4C(70%)-3C,788.0,722.6517707001137,8.292922499985567,-8.292922499985567,-0.037597146330070164,0.0
M1_huber,52,3,batch1-20,5.4C(80%)-5.4C,534.0,540.694138253804,1.253583942659925,1.253583942659925,0.005410404321016138,0.06581077380285683
M1_huber,52,3,batch1-21,5.4C(80%)-5.4C,559.0,589.9089875796474,5.529335881868939,5.529335881868939,0.02337320504236562,0.08271017940103276
M1_huber,52,0,batch1-24,6C(40%)-3C,1017.0,859.5611637718703,15.480711526856414,-15.480711526856414,-0.07304416771873257,0.0
M1_huber,52,0,batch1-25,6C(40%)-3C,854.0,940.3840463391895,10.115227908570196,10.115227908570196,0.04184738199951177,0.0
M1_huber,52,3,batch1-26,6C(40%)-3.6C,870.0,859.5206799802335,1.2045195425019002,-1.2045195425019002,-0.005262922388733049,0.0
M1_huber,52,3,batch1-27,6C(40%)-3.6C,842.0,825.5795516966269,1.9501720075264923,-1.9501720075264923,-0.008553163872639047,0.0
M1_huber,52,1,batch1-28,6C(50%)-3C,860.0,819.5685489807043,4.701331513871587,-4.701331513871587,-0.020913167285774303,0.0
M1_huber,52,1,batch1-29,6C(50%)-3C,917.0,825.453672274635,9.98324184573228,-9.98324184573228,-0.04567663171152114,0.0
M1_huber,52,1,batch1-34,7C(30%)-3.6C,742.0,797.5590126752884,7.487737557316494,7.487737557316494,0.031358921786938776,0.0
M1_huber,52,1,batch1-35,7C(30%)-3.6C,703.0,738.9579233478564,5.114925085043588,5.114925085043588,0.021664385123190133,0.0
M1_huber,52,4,batch1-36,7C(40%)-3C,704.0,710.180309441098,0.8778848637923241,0.8778848637923241,0.003795967680671808,0.0
M1_huber,52,4,batch1-37,7C(40%)-3C,648.0,678.7860185100477,4.75092878241477,4.75092878241477,0.020157882361859336,0.0
M1_huber,52,4,batch1-38,7C(40%)-3.6C,617.0,547.7952860320131,11.216323171472755,-11.216323171472755,-0.051666873353512166,0.0
M1_huber,52,4,batch1-39,7C(40%)-3.6C,625.0,641.6215811533319,2.6594529845331087,2.6594529845331087,0.011398945815726425,0.0
M1_huber,52,3,batch1-40,8C(15%)-3.6C,966.0,993.7816566747031,2.8759478959319953,2.8759478959319953,0.01231384981523398,0.0
M1_huber,52,3,batch1-41,8C(15%)-3.6C,1051.0,975.0438080129722,7.227040151001689,-7.227040151001689,-0.03257858735443575,0.0
M1_huber,52,2,batch1-42,8C(25%)-3.6C,702.0,725.7299985147484,3.380341668767585,3.380341668767585,0.014437963163604906,0.0
M1_huber,52,2,batch1-43,8C(25%)-3.6C,651.0,638.3976025440336,1.9358521437736425,-1.9358521437736425,-0.008489741183933752,0.0
M1_huber,53,2,batch1-05,4.4C(80%)-4.4C,1074.0,1008.3259424355734,6.114902938959642,-6.114902938959642,-0.02740334040500292,0.03198144045256601
M1_huber,53,1,batch1-06,4.8C(80%)-4.8C,636.0,771.9709582733115,21.37908148951438,21.37908148951438,0.08414384673539432,0.0
M1_huber,53,1,batch1-07,4.8C(80%)-4.8C,870.0,950.0885306788181,9.205578238944605,9.205578238944605,0.038244822769065934,0.0
M1_huber,53,2,batch1-09,5.4C(40%)-3.6C,1054.0,979.0964886905911,7.106595000892689,-7.106595000892689,-0.03201511780576549,0.0
M1_huber,53,0,batch1-11,5.4C(50%)-3C,788.0,804.2373750326858,2.06058058790429,2.06058058790429,0.00885803455672507,0.0
M1_huber,53,3,batch1-14,5.4C(60%)-3C,880.0,895.2475380585308,1.7326747793785042,1.7326747793785042,0.007460463220378966,0.0
M1_huber,53,3,batch1-15,5.4C(60%)-3C,719.0,816.160618222533,13.513298779211821,13.513298779211821,0.055046744772241585,0.0
M1_huber,53,4,batch1-18,5.4C(70%)-3C,691.0,603.4167550594135,12.674854550012519,-12.674854550012519,-0.058860682322730895,0.0
M1_huber,53,4,batch1-19,5.4C(70%)-3C,788.0,714.2612312860967,9.357711765723762,-9.357711765723762,-0.04266913938720451,0.0
M1_huber,53,3,batch1-20,5.4C(80%)-5.4C,534.0,550.8772911907676,3.160541421492051,3.160541421492051,0.013513612796545171,0.06581077380285683
M1_huber,53,3,batch1-21,5.4C(80%)-5.4C,559.0,594.9093998971987,6.423864024543592,6.423864024543592,0.027039023185511546,0.08271017940103276
M1_huber,53,2,batch1-24,6C(40%)-3C,1017.0,835.8253871559608,17.814612865687234,-17.814612865687234,-0.08520539476038724,0.0
M1_huber,53,2,batch1-25,6C(40%)-3C,854.0,907.9405384217534,6.316222297629209,6.316222297629209,0.02659953655354652,0.0
M1_huber,53,0,batch1-26,6C(40%)-3.6C,870.0,858.0368548928549,1.375074150246566,-1.375074150246566,-0.006013310302726449,0.0
M1_huber,53,0,batch1-27,6C(40%)-3.6C,842.0,825.7992026021091,1.924085201649755,-1.924085201649755,-0.008437632318766042,0.0
M1_huber,53,4,batch1-28,6C(50%)-3C,860.0,803.9125765210358,6.521793427786533,-6.521793427786533,-0.029289628364352005,0.0
M1_huber,53,4,batch1-29,6C(50%)-3C,917.0,811.6194959760206,11.491876120390335,-11.491876120390335,-0.053016864961360266,0.0
M1_huber,53,1,batch1-34,7C(30%)-3.6C,742.0,802.6052866055061,8.167828383491385,8.167828383491385,0.03409811074181546,0.0
M1_huber,53,1,batch1-35,7C(30%)-3.6C,703.0,740.3503022567426,5.3129875187400515,5.3129875187400515,0.0224819330080126,0.0
M1_huber,53,3,batch1-36,7C(40%)-3C,704.0,731.6043822743878,3.921077027611908,3.921077027611908,0.01670363907271666,0.0
M1_huber,53,3,batch1-37,7C(40%)-3C,648.0,705.0920049191501,8.810494586288597,8.810494586288597,0.03667078434299542,0.0
M1_huber,53,0,batch1-38,7C(40%)-3.6C,617.0,555.4322251671779,9.978569664963068,-9.978569664963068,-0.045654090912327305,0.0
M1_huber,53,0,batch1-39,7C(40%)-3.6C,625.0,645.589471598025,3.294315455684009,3.294315455684009,0.01407642186658542,0.0
M1_huber,53,4,batch1-40,8C(15%)-3.6C,966.0,989.5235152172504,2.435146502820953,2.435146502820953,0.01044899290281398,0.0
M1_huber,53,4,batch1-41,8C(15%)-3.6C,1051.0,971.4609928193828,7.5679359829321795,-7.5679359829321795,-0.03417734901668279,0.0
M1_huber,53,1,batch1-42,8C(25%)-3.6C,702.0,739.8736062286375,5.395100602370018,5.395100602370018,0.022820422728419665,0.0
M1_huber,53,1,batch1-43,8C(25%)-3.6C,651.0,640.9832864054699,1.5386656827235137,-1.5386656827235137,-0.0067342831000929415,0.0
M1_huber,54,3,batch1-05,4.4C(80%)-4.4C,1074.0,1035.5042675100565,3.5843326340729535,-3.5843326340729535,-0.0158523883202073,0.03198144045256601
M1_huber,54,3,batch1-06,4.8C(80%)-4.8C,636.0,762.9927924160536,19.967420191203395,19.967420191203395,0.07906331977865477,0.0
M1_huber,54,3,batch1-07,4.8C(80%)-4.8C,870.0,940.6596499748248,8.12179884768101,8.12179884768101,0.03391326254576699,0.0
M1_huber,54,4,batch1-09,5.4C(40%)-3.6C,1054.0,980.9952204588815,6.926449671832876,-6.926449671832876,-0.031173719432757263,0.0
M1_huber,54,0,batch1-11,5.4C(50%)-3C,788.0,797.8236825651167,1.2466602239995757,1.2466602239995757,0.005380706255001311,0.0
M1_huber,54,1,batch1-14,5.4C(60%)-3C,880.0,901.7410207500742,2.4705705397811593,2.4705705397811593,0.0105991542956132,0.0
M1_huber,54,1,batch1-15,5.4C(60%)-3C,719.0,822.600430253711,14.408961092310294,14.408961092310294,0.0584600419441319,0.0
M1_huber,54,4,batch1-18,5.4C(70%)-3C,691.0,607.0038968455835,12.155731281391672,-12.155731281391672,-0.056286568204869436,0.0
M1_huber,54,4,batch1-19,5.4C(70%)-3C,788.0,714.179843930191,9.368040110381846,-9.368040110381846,-0.04271862841439367,0.0
M1_huber,54,1,batch1-20,5.4C(80%)-5.4C,534.0,547.1492973177358,2.4624152280404066,2.4624152280404066,0.010564588782640438,0.06581077380285683
M1_huber,54,1,batch1-21,5.4C(80%)-5.4C,559.0,589.79698526697,5.509299689976737,5.509299689976737,0.023290740449285696,0.08271017940103276
M1_huber,54,3,batch1-24,6C(40%)-3C,1017.0,849.4294815387558,16.47694380149894,-16.47694380149894,-0.07819362274865194,0.0
M1_huber,54,3,batch1-25,6C(40%)-3C,854.0,928.1785217210638,8.68600956921122,8.68600956921122,0.03617364382931454,0.0
M1_huber,54,4,batch1-26,6C(40%)-3.6C,870.0,842.3319429865736,3.1802364383248722,-3.1802364383248722,-0.014035982260975022,0.0
M1_huber,54,4,batch1-27,6C(40%)-3.6C,842.0,812.9818515251056,3.4463359233841286,-3.4463359233841286,-0.015231240703213356,0.0
M1_huber,54,2,batch1-28,6C(50%)-3C,860.0,814.343817640722,5.308858413869532,-5.308858413869532,-0.023690647609276194,0.0
M1_huber,54,2,batch1-29,6C(50%)-3C,917.0,822.4112368114718,10.31502324847636,-10.31502324847636,-0.04728030010359996,0.0
M1_huber,54,1,batch1-34,7C(30%)-3.6C,742.0,806.6571453283293,8.71390098764546,8.71390098764546,0.03628507983822438,0.0
M1_huber,54,1,batch1-35,7C(30%)-3.6C,703.0,749.0022085086721,6.543699645614806,6.543699645614806,0.02752777324268063,0.0
M1_huber,54,2,batch1-36,7C(40%)-3C,704.0,713.4823924925807,1.3469307517870373,1.3469307517870373,0.005810600806567923,0.0
M1_huber,54,2,batch1-37,7C(40%)-3C,648.0,683.727322355444,5.513475672136423,5.513475672136423,0.023307929172214692,0.0
M1_huber,54,2,batch1-38,7C(40%)-3.6C,617.0,556.7195061292658,9.769934176780255,-9.769934176780255,-0.04464872581253854,0.0
M1_huber,54,2,batch1-39,7C(40%)-3.6C,625.0,646.8900637373939,3.5024101979830267,3.5024101979830267,0.014950463063437613,0.0
M1_huber,54,0,batch1-40,8C(15%)-3.6C,966.0,1004.2083033282096,3.9553109035413647,3.9553109035413647,0.016846681615380277,0.0
M1_huber,54,0,batch1-41,8C(15%)-3.6C,1051.0,985.0257884291451,6.2772798830499426,-6.2772798830499426,-0.02815511535208648,0.0
M1_huber,54,0,batch1-42,8C(25%)-3.6C,702.0,727.9520444413251,3.696872427539194,3.696872427539194,0.01576565795177265,0.0
M1_huber,54,0,batch1-43,8C(25%)-3.6C,651.0,638.4906337691529,1.9215616330026344,-1.9215616330026344,-0.00842645773180939,0.0
M1_huber,55,1,batch1-05,4.4C(80%)-4.4C,1074.0,991.8301117705524,7.650827581885249,-7.650827581885249,-0.03456699211173664,0.03198144045256601
M1_huber,55,2,batch1-06,4.8C(80%)-4.8C,636.0,765.203031840046,20.314942113214784,20.314942113214784,0.08031956644494365,0.0
M1_huber,55,2,batch1-07,4.8C(80%)-4.8C,870.0,955.6993099807408,9.850495400085155,9.850495400085155,0.040802019827654856,0.0
M1_huber,55,1,batch1-09,5.4C(40%)-3.6C,1054.0,962.4894374502375,8.682216560698533,-8.682216560698533,-0.03944463870351944,0.0
M1_huber,55,2,batch1-11,5.4C(50%)-3C,788.0,771.5043635212356,2.093354883091925,-2.093354883091925,-0.009187830774334937,0.0
M1_huber,55,0,batch1-14,5.4C(60%)-3C,880.0,892.2813824312205,1.3956116399114262,1.3956116399114262,0.006019159318693124,0.0
M1_huber,55,0,batch1-15,5.4C(60%)-3C,719.0,804.8109057155801,11.934757401332424,11.934757401332424,0.048964962343889695,0.0
M1_huber,55,3,batch1-18,5.4C(70%)-3C,691.0,606.5093199171977,12.22730536654158,-12.22730536654158,-0.056640568540094804,0.0
M1_huber,55,3,batch1-19,5.4C(70%)-3C,788.0,724.0631150609282,8.113817885669008,-8.113817885669008,-0.03674979310457349,0.0
M1_huber,55,0,batch1-20,5.4C(80%)-5.4C,534.0,524.2203679489354,1.831391769862284,-1.831391769862284,-0.00802736610285848,0.2526694804336085
M1_huber,55,0,batch1-21,5.4C(80%)-5.4C,559.0,571.5988533258435,2.2538199151777265,2.2538199151777265,0.009679541003051462,0.2695688860317844
M1_huber,55,3,batch1-24,6C(40%)-3C,1017.0,846.2381104973026,16.790746263785387,-16.790746263785387,-0.07982837295088796,0.0
M1_huber,55,3,batch1-25,6C(40%)-3C,854.0,925.3690140008835,8.357027400571832,8.357027400571832,0.03485708235931817,0.0
M1_huber,55,4,batch1-26,6C(40%)-3.6C,870.0,860.7063457885206,1.0682361162620007,-1.0682361162620007,-0.004664247688535461,0.0
M1_huber,55,4,batch1-27,6C(40%)-3.6C,842.0,829.3473276049406,1.5026926834987442,-1.5026926834987442,-0.006575641924412956,0.0
M1_huber,55,1,batch1-28,6C(50%)-3C,860.0,799.800180766913,6.999978980591518,-6.999978980591518,-0.03151695328894588,0.0
M1_huber,55,1,batch1-29,6C(50%)-3C,917.0,806.8622465154916,12.010660140077249,-12.010660140077249,-0.05556994058218434,0.0
M1_huber,55,4,batch1-34,7C(30%)-3.6C,742.0,794.5735143975463,7.0853792988606905,7.0853792988606905,0.02973017929797983,0.0
M1_huber,55,4,batch1-35,7C(30%)-3.6C,703.0,735.9700510735092,4.689907691822082,4.689907691822082,0.019904816874535047,0.0
M1_huber,55,3,batch1-36,7C(40%)-3C,704.0,712.5137222409969,1.2093355455961523,1.2093355455961523,0.005220573659358241,0.0
M1_huber,55,3,batch1-37,7C(40%)-3C,648.0,682.0402605113931,5.253126622128558,5.253126622128558,0.022235005738764357,0.0
M1_huber,55,0,batch1-38,7C(40%)-3.6C,617.0,556.9938374158183,9.725472055783088,-9.725472055783088,-0.044434773870482225,0.18685870663075166
M1_huber,55,0,batch1-39,7C(40%)-3.6C,625.0,646.85491691538,3.496786706460807,3.496786706460807,0.014926866340607248,0.11537318780629091
M1_huber,55,4,batch1-40,8C(15%)-3.6C,966.0,1003.9777872318939,3.9314479536122047,3.9314479536122047,0.016746977838394628,0.0
M1_huber,55,4,batch1-41,8C(15%)-3.6C,1051.0,986.0452363681461,6.180281982098372,-6.180281982098372,-0.027705876691070497,0.0
M1_huber,55,2,batch1-42,8C(25%)-3.6C,702.0,735.8263400004025,4.818566951624291,4.818566951624291,0.020438217861745045,0.0
M1_huber,55,2,batch1-43,8C(25%)-3.6C,651.0,629.6453595281995,3.2802827145622904,-3.2802827145622904,-0.014484981600901392,0.0
M1_huber,56,4,batch1-05,4.4C(80%)-4.4C,1074.0,1033.4119412697944,3.7791488575610432,-3.7791488575610432,-0.016730805770290402,0.03198144045256601
M1_huber,56,1,batch1-06,4.8C(80%)-4.8C,636.0,763.3264433661093,20.01988103240712,20.01988103240712,0.0792531919435362,0.0
M1_huber,56,1,batch1-07,4.8C(80%)-4.8C,870.0,956.7658279739419,9.973083675165736,9.973083675165736,0.04128640296031527,0.0
M1_huber,56,3,batch1-09,5.4C(40%)-3.6C,1054.0,983.2345961036953,6.713985189402727,-6.713985189402727,-0.03018345963869784,0.0
M1_huber,56,1,batch1-11,5.4C(50%)-3C,788.0,770.5788811949537,2.2108018788129775,-2.2108018788129775,-0.009709115104524546,0.0
M1_huber,56,4,batch1-14,5.4C(60%)-3C,880.0,884.7124664803071,0.5355075545803475,0.5355075545803475,0.002319474806451449,0.0
M1_huber,56,4,batch1-15,5.4C(60%)-3C,719.0,799.2606492461673,11.16281630683829,11.16281630683829,0.04595954108325273,0.0
M1_huber,56,4,batch1-18,5.4C(70%)-3C,691.0,610.4966362146346,11.650269722918296,-11.650269722918296,-0.05379477201294858,0.0
M1_huber,56,4,batch1-19,5.4C(70%)-3C,788.0,719.4112605143647,8.704154757060317,-8.704154757060317,-0.03954898620197733,0.0
M1_huber,56,2,batch1-20,5.4C(80%)-5.4C,534.0,540.694138253804,1.253583942659925,1.253583942659925,0.005410404321016138,0.06581077380285683
M1_huber,56,2,batch1-21,5.4C(80%)-5.4C,559.0,589.9089875796474,5.529335881868939,5.529335881868939,0.02337320504236562,0.08271017940103276
M1_huber,56,0,batch1-24,6C(40%)-3C,1017.0,850.9642935655597,16.326028164645063,-16.326028164645063,-0.07740961543836855,0.0
M1_huber,56,0,batch1-25,6C(40%)-3C,854.0,927.2300824083342,8.574951101678474,8.574951101678474,0.035729642443421916,0.0
M1_huber,56,2,batch1-26,6C(40%)-3.6C,870.0,859.5206799802335,1.2045195425019002,-1.2045195425019002,-0.005262922388733049,0.0
M1_huber,56,2,batch1-27,6C(40%)-3.6C,842.0,825.5795516966269,1.9501720075264923,-1.9501720075264923,-0.008553163872639047,0.0
M1_huber,56,3,batch1-28,6C(50%)-3C,860.0,811.0075526106432,5.696796208064746,-5.696796208064746,-0.025473552591162463,0.0
M1_huber,56,3,batch1-29,6C(50%)-3C,917.0,818.0405877749411,10.791648007094759,-10.791648007094759,-0.04959448357645835,0.0
M1_huber,56,3,batch1-34,7C(30%)-3.6C,742.0,786.6650066436181,6.01954267434206,6.01954267434206,0.02538592652275984,0.0
M1_huber,56,3,batch1-35,7C(30%)-3.6C,703.0,729.5435960791507,3.7757604664510227,3.7757604664510227,0.016095924562465225,0.0
M1_huber,56,0,batch1-36,7C(40%)-3C,704.0,723.2567573373307,2.7353348490526517,2.7353348490526517,0.01171984077985222,0.0
M1_huber,56,0,batch1-37,7C(40%)-3C,648.0,692.660208317704,6.892007456435806,6.892007456435806,0.02894523329732346,0.0
M1_huber,56,1,batch1-38,7C(40%)-3.6C,617.0,555.1651362997877,10.021857974102478,-10.021857974102478,-0.04586297889918223,0.0
M1_huber,56,1,batch1-39,7C(40%)-3.6C,625.0,658.0076039667201,5.2812166346752205,5.2812166346752205,0.022350895026272077,0.0
M1_huber,56,2,batch1-40,8C(15%)-3.6C,966.0,993.7816566747031,2.8759478959319953,2.8759478959319953,0.01231384981523398,0.0
M1_huber,56,2,batch1-41,8C(15%)-3.6C,1051.0,975.0438080129722,7.227040151001689,-7.227040151001689,-0.03257858735443575,0.0
M1_huber,56,0,batch1-42,8C(25%)-3.6C,702.0,731.939972067056,4.264953285905418,4.264953285905418,0.018138352987291828,0.0
M1_huber,56,0,batch1-43,8C(25%)-3.6C,651.0,640.6737344631366,1.5862159042800905,-1.5862159042800905,-0.006944068870923914,0.0
M1_huber,57,1,batch1-05,4.4C(80%)-4.4C,1074.0,1012.5212694907001,5.7242765837336975,-5.7242765837336975,-0.025600126389993427,0.11949435672945175
M1_huber,57,2,batch1-06,4.8C(80%)-4.8C,636.0,758.9422382302048,19.33054060223346,19.33054060223346,0.0767516081094195,0.0
M1_huber,57,2,batch1-07,4.8C(80%)-4.8C,870.0,926.8131244500311,6.5302441896587435,6.5302441896587435,0.0274729225164414,0.0
M1_huber,57,3,batch1-09,5.4C(40%)-3.6C,1054.0,997.3683386260487,5.373022900754389,-5.373022900754389,-0.023985033417129653,0.0
M1_huber,57,1,batch1-11,5.4C(50%)-3C,788.0,792.3768507128051,0.5554379077163825,0.5554379077163825,0.0024055616503697586,0.08751291627688573
M1_huber,57,0,batch1-14,5.4C(60%)-3C,880.0,908.8788227523928,3.281684403681001,3.281684403681001,0.01402331215203878,0.0
M1_huber,57,0,batch1-15,5.4C(60%)-3C,719.0,829.6112506723932,15.384040427314774,15.384040427314774,0.06214574267000028,0.0
M1_huber,57,4,batch1-18,5.4C(70%)-3C,691.0,589.5823970656818,14.676932407281939,-14.676932407281939,-0.06893353889254428,0.0
M1_huber,57,4,batch1-19,5.4C(70%)-3C,788.0,717.8394349617488,8.903625004854215,-8.903625004854215,-0.04049890459591676,0.0
M1_huber,57,4,batch1-20,5.4C(80%)-5.4C,534.0,503.02456050552644,5.8006441000886815,-5.8006441000886815,-0.0259520667407811,0.06581077380285683
M1_huber,57,4,batch1-21,5.4C(80%)-5.4C,559.0,556.8916723954499,0.37716057326478364,-0.37716057326478364,-0.0016410842680674165,0.08271017940103276
M1_huber,57,3,batch1-24,6C(40%)-3C,1017.0,843.0391191921184,17.105298014540963,-17.105298014540963,-0.08147322544498348,0.0
M1_huber,57,3,batch1-25,6C(40%)-3C,854.0,920.4450463017414,7.780450386620773,7.780450386620773,0.03253999406809216,0.0
M1_huber,57,2,batch1-26,6C(40%)-3.6C,870.0,864.0307428827251,0.6861215077327447,-0.6861215077327447,-0.0029900573309351586,0.0
M1_huber,57,2,batch1-27,6C(40%)-3.6C,842.0,827.1139934410301,1.7679342706615129,-1.7679342706615129,-0.007746723046583082,0.0
M1_huber,57,2,batch1-28,6C(50%)-3C,860.0,818.0040377659117,4.88325142256841,-4.88325142256841,-0.021743003837371155,0.0
M1_huber,57,2,batch1-29,6C(50%)-3C,917.0,826.6576497102951,9.851946596478177,-9.851946596478177,-0.045043646703490925,0.0
M1_huber,57,0,batch1-34,7C(30%)-3.6C,742.0,809.624951174099,9.113874821307144,9.113874821307144,0.0378799785920072,0.0
M1_huber,57,0,batch1-35,7C(30%)-3.6C,703.0,750.9112333931416,6.81525368323494,6.81525368323494,0.028633276263932306,0.0
M1_huber,57,0,batch1-36,7C(40%)-3C,704.0,730.2476071514017,3.7283532885513733,3.7283532885513733,0.015897483425563852,0.0
M1_huber,57,0,batch1-37,7C(40%)-3C,648.0,704.8194389599711,8.768431938267142,8.768431938267142,0.03650286756493859,0.0
M1_huber,57,3,batch1-38,7C(40%)-3.6C,617.0,554.3659492091725,10.151385865612232,-10.151385865612232,-0.04648861725762066,0.0
M1_huber,57,3,batch1-39,7C(40%)-3.6C,625.0,645.4166383408776,3.26666213454042,3.26666213454042,0.013960139643381275,0.0
M1_huber,57,1,batch1-40,8C(15%)-3.6C,966.0,991.3515667099965,2.6243857877843184,2.6243857877843184,0.011250570860513065,0.0
M1_huber,57,1,batch1-41,8C(15%)-3.6C,1051.0,972.8896284280072,7.432004906945081,-7.432004906945081,-0.03353914244390621,0.01213032919585011
M1_huber,57,4,batch1-42,8C(25%)-3.6C,702.0,713.1831837858473,1.59304612334007,1.59304612334007,0.006863982223324516,0.0
M1_huber,57,4,batch1-43,8C(25%)-3.6C,651.0,614.4234350858785,5.618519956086251,-5.618519956086251,-0.025113216547373085,0.0
M1_huber,58,4,batch1-05,4.4C(80%)-4.4C,1074.0,1019.8104734796875,5.045579750494645,-5.045579750494645,-0.022484813493723887,0.10736402753360164
M1_huber,58,2,batch1-06,4.8C(80%)-4.8C,636.0,773.8674172892208,21.677266869374346,21.677266869374346,0.08520944597525082,0.0
M1_huber,58,2,batch1-07,4.8C(80%)-4.8C,870.0,935.1177607431747,7.484800085422378,7.484800085422378,0.03134705303525109,0.0
M1_huber,58,1,batch1-09,5.4C(40%)-3.6C,1054.0,989.0170670187364,6.165363660461444,-6.165363660461444,-0.027636824791880787,0.0
M1_huber,58,4,batch1-11,5.4C(50%)-3C,788.0,803.7718042660701,2.0014980033083942,2.0014980033083942,0.008606549897147708,0.07538258708103562
M1_huber,58,2,batch1-14,5.4C(60%)-3C,880.0,901.4412741702824,2.4365084284411864,2.4365084284411864,0.010454767023024392,0.0
M1_huber,58,2,batch1-15,5.4C(60%)-3C,719.0,813.8433996313875,13.191015247759033,13.191015247759033,0.05381195526938276,0.0
M1_huber,58,3,batch1-18,5.4C(70%)-3C,691.0,597.5376497971113,13.525665731242942,-13.525665731242942,-0.06311277275989369,0.0
M1_huber,58,3,batch1-19,5.4C(70%)-3C,788.0,715.6461873284869,9.181955922780848,-9.181955922780848,-0.04182785561296276,0.0
M1_huber,58,0,batch1-20,5.4C(80%)-5.4C,534.0,516.2325090903375,3.327245488700834,-3.327245488700834,-0.014695906812980386,0.2526694804336085
M1_huber,58,0,batch1-21,5.4C(80%)-5.4C,559.0,568.9099796075253,1.7728049387344034,1.7728049387344034,0.007631744180638389,0.2695688860317844
M1_huber,58,0,batch1-24,6C(40%)-3C,1017.0,846.6478452629606,16.750457692924233,-16.750457692924233,-0.07961814549801272,0.0
M1_huber,58,0,batch1-25,6C(40%)-3C,854.0,927.4399254327124,8.599522884392547,8.599522884392547,0.03582791724978307,0.0
M1_huber,58,4,batch1-26,6C(40%)-3.6C,870.0,853.619168996342,1.8828541383514994,-1.8828541383514994,-0.008255093512584022,0.0
M1_huber,58,4,batch1-27,6C(40%)-3.6C,842.0,823.4469017370851,2.203455850702481,-2.203455850702481,-0.009676491668513698,0.0
M1_huber,58,3,batch1-28,6C(50%)-3C,860.0,806.2924099793145,6.2450686070564565,-6.2450686070564565,-0.02800587964912138,0.0
M1_huber,58,3,batch1-29,6C(50%)-3C,917.0,814.6751386090857,11.158654459205485,-11.158654459205485,-0.051384872495051415,0.0
M1_huber,58,1,batch1-34,7C(30%)-3.6C,742.0,791.5164115479126,6.673370828559655,6.673370828559655,0.028056018809816674,0.0
M1_huber,58,1,batch1-35,7C(30%)-3.6C,703.0,734.2059764501265,4.438972468012306,4.438972468012306,0.018862590327587636,0.0
M1_huber,58,2,batch1-36,7C(40%)-3C,704.0,730.4780516338764,3.7610868798119834,3.7610868798119834,0.01603451226099528,0.0
M1_huber,58,2,batch1-37,7C(40%)-3C,648.0,700.8293609794099,8.152679163489182,8.152679163489182,0.03403728227263825,0.0
M1_huber,58,0,batch1-38,7C(40%)-3.6C,617.0,549.3015903512369,10.972189570301964,-10.972189570301964,-0.05047430763018479,0.18685870663075166
M1_huber,58,0,batch1-39,7C(40%)-3.6C,625.0,644.7197426584921,3.15515882535874,3.15515882535874,0.013490952070320361,0.11537318780629091
M1_huber,58,1,batch1-40,8C(15%)-3.6C,966.0,995.4555861131407,3.049232516888274,3.049232516888274,0.013044761618175915,0.0
M1_huber,58,1,batch1-41,8C(15%)-3.6C,1051.0,978.3081763250277,6.916443736914585,-6.916443736914585,-0.031127032820517986,0.0
M1_huber,58,3,batch1-42,8C(25%)-3.6C,702.0,712.303459139993,1.4677292222212304,1.4677292222212304,0.006327941272413096,0.0
M1_huber,58,3,batch1-43,8C(25%)-3.6C,651.0,620.9932753349258,4.609327905541354,-4.609327905541354,-0.020494091291365812,0.0
M1_huber,59,2,batch1-05,4.4C(80%)-4.4C,1074.0,1012.5212694907001,5.7242765837336975,-5.7242765837336975,-0.025600126389993427,0.11949435672945175
M1_huber,59,4,batch1-06,4.8C(80%)-4.8C,636.0,770.9074365054856,21.211861085768184,21.211861085768184,0.08354511943469722,0.0
M1_huber,59,4,batch1-07,4.8C(80%)-4.8C,870.0,946.8813463140146,8.83693635793272,8.83693635793272,0.03677630835973611,0.0
M1_huber,59,0,batch1-09,5.4C(40%)-3.6C,1054.0,996.07809725239,5.4954366933216345,-5.4954366933216345,-0.024547220368396516,0.0
M1_huber,59,2,batch1-11,5.4C(50%)-3C,788.0,792.3768507128051,0.5554379077163825,0.5554379077163825,0.0024055616503697586,0.08751291627688573
M1_huber,59,1,batch1-14,5.4C(60%)-3C,880.0,893.2485917545835,1.5055217902935747,1.5055217902935747,0.0064896680406305585,0.0
M1_huber,59,1,batch1-15,5.4C(60%)-3C,719.0,809.0574047578273,12.525369229183209,12.525369229183209,0.051250446662138405,0.0
M1_huber,59,3,batch1-18,5.4C(70%)-3C,691.0,597.2042120516453,13.573920108300246,-13.573920108300246,-0.06335518525299877,0.0
M1_huber,59,3,batch1-19,5.4C(70%)-3C,788.0,713.4364600389548,9.462378167645328,-9.462378167645328,-0.04317091738052792,0.0
M1_huber,59,1,batch1-20,5.4C(80%)-5.4C,534.0,532.2325005082258,0.33099241418992026,-0.33099241418992026,-0.0014398660307426425,0.06581077380285683
M1_huber,59,1,batch1-21,5.4C(80%)-5.4C,559.0,577.977746992562,3.394945794733801,3.394945794733801,0.014499309869088872,0.08271017940103276
M1_huber,59,1,batch1-24,6C(40%)-3C,1017.0,854.0419424086583,16.023407826090626,-16.023407826090626,-0.07584175330007659,0.0
M1_huber,59,1,batch1-25,6C(40%)-3C,854.0,930.578952548646,8.967090462370733,8.967090462370733,0.03729535492566072,0.0
M1_huber,59,4,batch1-26,6C(40%)-3.6C,870.0,881.0455200435042,1.269600005000484,1.269600005000484,0.005479094605014279,0.0
M1_huber,59,4,batch1-27,6C(40%)-3.6C,842.0,839.9660646955804,0.24156001240138109,-0.24156001240138109,-0.0010503509296238,0.0
M1_huber,59,3,batch1-28,6C(50%)-3C,860.0,806.2953451422519,6.244727309040476,-6.244727309040476,-0.028004298680813555,0.0
M1_huber,59,3,batch1-29,6C(50%)-3C,917.0,814.4850827560819,11.179380288322589,-11.179380288322589,-0.05148620102923118,0.0
M1_huber,59,0,batch1-34,7C(30%)-3.6C,742.0,795.4828503757207,7.2079313174825685,7.2079313174825685,0.03022691595376159,0.0
M1_huber,59,0,batch1-35,7C(30%)-3.6C,703.0,737.4106314029524,4.89482665760347,4.89482665760347,0.020754069609581816,0.0
M1_huber,59,4,batch1-36,7C(40%)-3C,704.0,730.3686859438212,3.745551980656423,3.745551980656423,0.0159694857054129,0.0
M1_huber,59,4,batch1-37,7C(40%)-3C,648.0,697.2226203159737,7.596083382094706,7.596083382094706,0.03179646281269255,0.0
M1_huber,59,3,batch1-38,7C(40%)-3.6C,617.0,542.4275532246215,12.086296073805263,-12.086296073805263,-0.05594342213166836,0.0
M1_huber,59,3,batch1-39,7C(40%)-3.6C,625.0,633.7262756744515,1.3962041079122354,1.3962041079122354,0.006021696951511224,0.0
M1_huber,59,2,batch1-40,8C(15%)-3.6C,966.0,991.3515667099965,2.6243857877843184,2.6243857877843184,0.011250570860513065,0.0
M1_huber,59,2,batch1-41,8C(15%)-3.6C,1051.0,972.8896284280072,7.432004906945081,-7.432004906945081,-0.03353914244390621,0.01213032919585011
M1_huber,59,0,batch1-42,8C(25%)-3.6C,702.0,731.4115500036751,4.1896794877030015,4.1896794877030015,0.017824702039100693,0.0
M1_huber,59,0,batch1-43,8C(25%)-3.6C,651.0,645.504800967299,0.8441165948849391,-0.8441165948849391,-0.003681511871481913,0.0
M1_huber,60,1,batch1-05,4.4C(80%)-4.4C,1074.0,1027.6607281707627,4.314643559519302,-4.314643559519302,-0.019154520987038293,0.03198144045256601
M1_huber,60,4,batch1-06,4.8C(80%)-4.8C,636.0,768.6848771843678,20.862402073013804,20.862402073013804,0.08229122135947042,0.0
M1_huber,60,4,batch1-07,4.8C(80%)-4.8C,870.0,948.1647089700213,8.984449306898995,8.984449306898995,0.037364534069012745,0.0
M1_huber,60,2,batch1-09,5.4C(40%)-3.6C,1054.0,979.6508129408511,7.054002567281679,-7.054002567281679,-0.03176930767058428,0.0
M1_huber,60,3,batch1-11,5.4C(50%)-3C,788.0,850.0522426281042,7.874650079708652,7.874650079708652,0.03291939997519533,0.0
M1_huber,60,1,batch1-14,5.4C(60%)-3C,880.0,887.6336740915591,0.8674629649498978,0.8674629649498978,0.003751097519243185,0.0
M1_huber,60,1,batch1-15,5.4C(60%)-3C,719.0,807.8099555609961,12.351871427120454,12.351871427120454,0.05058031078899505,0.0
M1_huber,60,0,batch1-18,5.4C(70%)-3C,691.0,601.5334484461002,12.947402540361761,-12.947402540361761,-0.06021826595321844,0.0
M1_huber,60,0,batch1-19,5.4C(70%)-3C,788.0,722.6517707001137,8.292922499985567,-8.292922499985567,-0.037597146330070164,0.0
M1_huber,60,4,batch1-20,5.4C(80%)-5.4C,534.0,536.8049924443671,0.5252794839638847,0.5252794839638847,0.0022752892176205464,0.06581077380285683
M1_huber,60,4,batch1-21,5.4C(80%)-5.4C,559.0,593.9197307705793,6.24682124697305,6.24682124697305,0.026315945446582223,0.08271017940103276
M1_huber,60,3,batch1-24,6C(40%)-3C,1017.0,862.4903149919237,15.192692724491277,-15.192692724491277,-0.0715667258953232,0.0
M1_huber,60,3,batch1-25,6C(40%)-3C,854.0,940.02301027229,10.07295202251639,10.07295202251639,0.04168061388087718,0.0
M1_huber,60,1,batch1-26,6C(40%)-3.6C,870.0,851.7247583364062,2.1006024900682485,-2.1006024900682485,-0.009219980913074632,0.0
M1_huber,60,1,batch1-27,6C(40%)-3.6C,842.0,825.8523014966116,1.9177789196423243,-1.9177789196423243,-0.008409708078297218,0.0
M1_huber,60,2,batch1-28,6C(50%)-3C,860.0,807.0876774467029,6.152595645732227,-6.152595645732227,-0.027577734659124165,0.0
M1_huber,60,2,batch1-29,6C(50%)-3C,917.0,814.682900791128,11.157807983519307,-11.157807983519307,-0.05138073457969217,0.0
M1_huber,60,3,batch1-34,7C(30%)-3.6C,742.0,803.3703456431197,8.270936070501302,8.270936070501302,0.03451189154499623,0.0
M1_huber,60,3,batch1-35,7C(30%)-3.6C,703.0,743.4425059639232,5.752845798566596,5.752845798566596,0.02429206302565934,0.0
M1_huber,60,0,batch1-36,7C(40%)-3C,704.0,710.180309441098,0.8778848637923241,0.8778848637923241,0.003795967680671808,0.0
M1_huber,60,0,batch1-37,7C(40%)-3C,648.0,678.7860185100477,4.75092878241477,4.75092878241477,0.020157882361859336,0.0
M1_huber,60,0,batch1-38,7C(40%)-3.6C,617.0,547.7952860320131,11.216323171472755,-11.216323171472755,-0.051666873353512166,0.0
M1_huber,60,0,batch1-39,7C(40%)-3.6C,625.0,641.6215811533319,2.6594529845331087,2.6594529845331087,0.011398945815726425,0.0
M1_huber,60,4,batch1-40,8C(15%)-3.6C,966.0,1018.2507365601542,5.408978939974558,5.408978939974558,0.022877606493187486,0.0
M1_huber,60,4,batch1-41,8C(15%)-3.6C,1051.0,994.9696910141001,5.331142624728817,-5.331142624728817,-0.023792864655193924,0.0
M1_huber,60,2,batch1-42,8C(25%)-3.6C,702.0,718.2568822914858,2.3157951982173497,2.3157951982173497,0.009942683936052799,0.0
M1_huber,60,2,batch1-43,8C(25%)-3.6C,651.0,633.4441913498467,2.696744800330763,-2.696744800330763,-0.011872630527062,0.0
M1_huber,61,3,batch1-05,4.4C(80%)-4.4C,1074.0,1031.1129895532458,3.9932039522117484,-3.9932039522117484,-0.01769802340223281,0.03198144045256601
M1_huber,61,3,batch1-06,4.8C(80%)-4.8C,636.0,768.5846858809821,20.846648723424856,20.846648723424856,0.08223461120949782,0.0
M1_huber,61,3,batch1-07,4.8C(80%)-4.8C,870.0,940.9299815431928,8.152871441746292,8.152871441746292,0.03403805437844687,0.0
M1_huber,61,4,batch1-09,5.4C(40%)-3.6C,1054.0,982.5662895516492,6.777391883145236,-6.777391883145236,-0.030478750846544056,0.0
M1_huber,61,4,batch1-11,5.4C(50%)-3C,788.0,806.5066832080021,2.348563858883512,2.348563858883512,0.01008175308022441,0.0
M1_huber,61,1,batch1-14,5.4C(60%)-3C,880.0,892.672618342334,1.4400702661743154,1.4400702661743154,0.0062095413677165645,0.0
M1_huber,61,1,batch1-15,5.4C(60%)-3C,719.0,811.5620702320499,12.873723258977735,12.873723258977735,0.05259285094311972,0.0
M1_huber,61,2,batch1-18,5.4C(70%)-3C,691.0,602.8045471017484,12.763451938965495,-12.763451938965495,-0.059301527730028614,0.0
M1_huber,61,2,batch1-19,5.4C(70%)-3C,788.0,718.4946184313972,8.820479894492747,-8.820479894492747,-0.04010269789934018,0.0
M1_huber,61,1,batch1-20,5.4C(80%)-5.4C,534.0,544.3700288983009,1.9419529772099093,1.9419529772099093,0.00835294943221676,0.06581077380285683
M1_huber,61,1,batch1-21,5.4C(80%)-5.4C,559.0,589.4850458524373,5.453496574675731,5.453496574675731,0.023060984435025578,0.08271017940103276
M1_huber,61,2,batch1-24,6C(40%)-3C,1017.0,841.6201043116325,17.244827501314404,-17.244827501314404,-0.082204851722254,0.0
M1_huber,61,2,batch1-25,6C(40%)-3C,854.0,920.5955996982785,7.798079589962358,7.798079589962358,0.03261102401480809,0.0
M1_huber,61,2,batch1-26,6C(40%)-3.6C,870.0,853.7698295638753,1.8655368317384706,-1.8655368317384706,-0.008178448936163374,0.0
M1_huber,61,2,batch1-27,6C(40%)-3.6C,842.0,820.5154272686266,2.5516119633460117,-2.5516119633460117,-0.0112253404619711,0.0
M1_huber,61,0,batch1-28,6C(50%)-3C,860.0,815.8496923079232,5.133756708381024,-5.133756708381024,-0.022888297163849103,0.0
M1_huber,61,0,batch1-29,6C(50%)-3C,917.0,823.7482526557513,10.169219993920246,-10.169219993920246,-0.04657482929741752,0.0
M1_huber,61,0,batch1-34,7C(30%)-3.6C,742.0,789.056020743332,6.341781771338552,6.341781771338552,0.026703932703546762,0.0
M1_huber,61,0,batch1-35,7C(30%)-3.6C,703.0,728.5291430228846,3.631457044507051,3.631457044507051,0.015491604320052144,0.0
M1_huber,61,3,batch1-36,7C(40%)-3C,704.0,728.7245320874749,3.512007398789052,3.512007398789052,0.014990730899882898,0.0
M1_huber,61,3,batch1-37,7C(40%)-3C,648.0,696.1813905981786,7.4353997836695385,7.4353997836695385,0.031147404246105292,0.0
M1_huber,61,0,batch1-38,7C(40%)-3.6C,617.0,555.3338993480035,9.99450577828145,-9.99450577828145,-0.04573097903461543,0.0
M1_huber,61,0,batch1-39,7C(40%)-3.6C,625.0,645.233030022317,3.237284803570729,3.237284803570729,0.013836573842258115,0.0
M1_huber,61,4,batch1-40,8C(15%)-3.6C,966.0,988.7146797201426,2.351416120097579,2.351416120097579,0.010093855878734015,0.0
M1_huber,61,4,batch1-41,8C(15%)-3.6C,1051.0,972.4325590556787,7.475493905263686,-7.475493905263686,-0.0337432245349647,0.0
M1_huber,61,1,batch1-42,8C(25%)-3.6C,702.0,735.0854991332344,4.713034064563306,4.713034064563306,0.0200007434744629,0.0
M1_huber,61,1,batch1-43,8C(25%)-3.6C,651.0,653.0098834624467,0.30873785905479834,0.30873785905479834,0.0013387659085966064,0.0
M2,42,0,batch1-05,4.4C(80%)-4.4C,1074.0,993.3182493312092,7.512267287596905,-7.512267287596905,-0.03391586692166859,0.03198144045256601
M2,42,2,batch1-06,4.8C(80%)-4.8C,636.0,707.8908979849987,11.30360031210671,11.30360031210671,0.046509212586210325,0.0
M2,42,2,batch1-07,4.8C(80%)-4.8C,870.0,828.9251094824997,4.721251783620725,-4.721251783620725,-0.021003957300785192,0.0
M2,42,2,batch1-09,5.4C(40%)-3.6C,1054.0,868.533176551112,17.59647281298748,-17.59647281298748,-0.08405419843551254,0.0
M2,42,4,batch1-11,5.4C(50%)-3C,788.0,852.0267844787938,8.125226456699727,8.125226456699727,0.03392703005707487,0.0
M2,42,3,batch1-14,5.4C(60%)-3C,880.0,890.2499061905015,1.1647620671024455,1.1647620671024455,0.005029264432629521,0.0
M2,42,3,batch1-15,5.4C(60%)-3C,719.0,800.5507765101006,11.342249862322754,11.342249862322754,0.04665999272913535,0.0
M2,42,1,batch1-18,5.4C(70%)-3C,691.0,462.026565037955,33.1365318324233,-33.1365318324233,-0.1748111005676023,0.0
M2,42,1,batch1-19,5.4C(70%)-3C,788.0,714.5673475961236,9.318864518258431,-9.318864518258431,-0.04248305040737277,0.0
M2,42,4,batch1-20,5.4C(80%)-5.4C,534.0,587.5535937298625,10.028762870760776,10.028762870760776,0.04150622991449504,0.06581077380285683
M2,42,4,batch1-21,5.4C(80%)-5.4C,559.0,615.5573914110212,10.117601325764074,10.117601325764074,0.04185674265654171,0.08271017940103276
M2,42,1,batch1-24,6C(40%)-3C,1017.0,832.4122717629444,18.15021909902218,-18.15021909902218,-0.08698247878867615,0.0
M2,42,1,batch1-25,6C(40%)-3C,854.0,896.7797507129303,5.009338490975446,5.009338490975446,0.021227922639078134,0.0
M2,42,3,batch1-26,6C(40%)-3.6C,870.0,849.155193493205,2.3959547708959716,-2.3959547708959716,-0.01053218249446175,0.0
M2,42,3,batch1-27,6C(40%)-3.6C,842.0,843.5183407701401,0.18032550714252626,0.18032550714252626,0.0007824384707459942,0.0
M2,42,0,batch1-28,6C(50%)-3C,860.0,821.1274176938474,4.520067710017743,-4.520067710017743,-0.020087897647033337,0.0
M2,42,0,batch1-29,6C(50%)-3C,917.0,820.9113055267833,10.478592636119599,-10.478592636119599,-0.04807309889298983,0.0
M2,42,3,batch1-34,7C(30%)-3.6C,742.0,804.8397592968358,8.468970255638252,8.468970255638252,0.03530551722495989,0.0
M2,42,3,batch1-35,7C(30%)-3.6C,703.0,765.5752205105686,8.901169347164801,8.901169347164801,0.03703254310099613,0.0
M2,42,4,batch1-36,7C(40%)-3C,704.0,748.8731707105856,6.374029930480902,6.374029930480902,0.026835612596661562,0.0
M2,42,4,batch1-37,7C(40%)-3C,648.0,732.2380484387056,12.999698833133582,12.999698833133582,0.05307728600304351,0.0
M2,42,0,batch1-38,7C(40%)-3.6C,617.0,563.1942919733222,8.720536146949408,-8.720536146949408,-0.039626919491960955,0.0
M2,42,0,batch1-39,7C(40%)-3.6C,625.0,644.55901363458,3.1294421815327955,3.1294421815327955,0.013382668693761701,0.0
M2,42,1,batch1-40,8C(15%)-3.6C,966.0,965.9153532578978,0.008762602702093432,-0.008762602702093432,-3.805716742988352e-05,0.0
M2,42,1,batch1-41,8C(15%)-3.6C,1051.0,948.7134325281608,9.732308988757303,-9.732308988757303,-0.04446766636823085,0.0
M2,42,2,batch1-42,8C(25%)-3.6C,702.0,753.5869758686364,7.348572061059315,7.348572061059315,0.030796271873087644,0.0
M2,42,2,batch1-43,8C(25%)-3.6C,651.0,719.840519005896,10.574580492457143,10.574580492457143,0.04365530038026577,0.0
M2,43,4,batch1-05,4.4C(80%)-4.4C,1074.0,1040.793776023315,3.0918271859110704,-3.0918271859110704,-0.01363959489572153,0.03198144045256601
M2,43,4,batch1-06,4.8C(80%)-4.8C,636.0,772.2887729437148,21.42905234964069,21.42905234964069,0.0843226057314137,0.0
M2,43,4,batch1-07,4.8C(80%)-4.8C,870.0,899.7419805084616,3.418618449248454,3.418618449248454,0.014598731812810684,0.0
M2,43,1,batch1-09,5.4C(40%)-3.6C,1054.0,843.5027745241302,19.971273764314017,-19.971273764314017,-0.09675409542911018,0.0
M2,43,2,batch1-11,5.4C(50%)-3C,788.0,844.6813024213337,7.193058682910371,7.193058682910371,0.03016666340421459,0.0
M2,43,4,batch1-14,5.4C(60%)-3C,880.0,911.1155588227518,3.5358589571308907,3.5358589571308907,0.015090790856073344,0.0
M2,43,4,batch1-15,5.4C(60%)-3C,719.0,813.5823852458128,13.154712829737528,13.154712829737528,0.053672646786774525,0.0
M2,43,3,batch1-18,5.4C(70%)-3C,691.0,457.6596366516048,33.7685041025174,-33.7685041025174,-0.17893543591361993,0.0
M2,43,3,batch1-19,5.4C(70%)-3C,788.0,717.7416660296625,8.916032229738262,-8.916032229738262,-0.04055805904945897,0.0
M2,43,1,batch1-20,5.4C(80%)-5.4C,534.0,601.1508214223351,12.575060191448515,12.575060191448515,0.051442187842893894,0.06581077380285683
M2,43,1,batch1-21,5.4C(80%)-5.4C,559.0,651.4257595187637,16.53412513752481,16.53412513752481,0.06645312011532489,0.08271017940103276
M2,43,2,batch1-24,6C(40%)-3C,1017.0,851.6268730467447,16.26087777318145,-16.26087777318145,-0.07707159579786982,0.0
M2,43,2,batch1-25,6C(40%)-3C,854.0,910.0930718162633,6.568275388321232,6.568275388321232,0.027627937576399475,0.0
M2,43,0,batch1-26,6C(40%)-3.6C,870.0,846.5180081125619,2.699079527291734,-2.699079527291734,-0.01188305125963307,0.0
M2,43,0,batch1-27,6C(40%)-3.6C,842.0,828.6514694988255,1.5853361640349808,-1.5853361640349808,-0.006940186644162516,0.0
M2,43,0,batch1-28,6C(50%)-3C,860.0,819.4363044830208,4.7167087810440975,-4.7167087810440975,-0.020983250123673525,0.0
M2,43,0,batch1-29,6C(50%)-3C,917.0,826.7847101032265,9.838090501283911,-9.838090501283911,-0.044976899136150994,0.0
M2,43,3,batch1-34,7C(30%)-3.6C,742.0,791.7932002784858,6.710673891979213,6.710673891979213,0.028207862541033357,0.0
M2,43,3,batch1-35,7C(30%)-3.6C,703.0,747.2785902692693,6.298519241716832,6.298519241716832,0.026527214761955964,0.0
M2,43,2,batch1-36,7C(40%)-3C,704.0,733.7972359217533,4.232561920703597,4.232561920703597,0.018003412374040906,0.0
M2,43,2,batch1-37,7C(40%)-3C,648.0,715.7397100007453,10.453658950732295,10.453658950732295,0.04318010713178344,0.0
M2,43,0,batch1-38,7C(40%)-3.6C,617.0,551.710575792405,10.581754328621546,-10.581754328621546,-0.04857385496355482,0.0
M2,43,0,batch1-39,7C(40%)-3.6C,625.0,627.9207144146419,0.4673143063427051,0.4673143063427051,0.002024792848509094,0.0
M2,43,3,batch1-40,8C(15%)-3.6C,966.0,965.0718760077573,0.09607908822388381,-0.09607908822388381,-0.000417466759677243,0.0
M2,43,3,batch1-41,8C(15%)-3.6C,1051.0,951.2067864079245,9.495072653860657,-9.495072653860657,-0.04332777592202275,0.0
M2,43,1,batch1-42,8C(25%)-3.6C,702.0,741.7304572197193,5.659609290558299,5.659609290558299,0.023909000414253256,0.0
M2,43,1,batch1-43,8C(25%)-3.6C,651.0,746.771161223249,14.711391892972198,14.711391892972198,0.059606549466962644,0.0
M2,44,3,batch1-05,4.4C(80%)-4.4C,1074.0,1004.0631378174648,6.511812121278878,-6.511812121278878,-0.02924325825216867,0.03198144045256601
M2,44,4,batch1-06,4.8C(80%)-4.8C,636.0,790.5191109410553,24.295457695134477,24.295457695134477,0.0944552578935891,0.0
M2,44,4,batch1-07,4.8C(80%)-4.8C,870.0,890.7327942666085,2.383079800759597,2.383079800759597,0.010228189488085349,0.0
M2,44,2,batch1-09,5.4C(40%)-3.6C,1054.0,831.3817241122978,21.121278547220328,-21.121278547220328,-0.10304013750019703,0.0
M2,44,4,batch1-11,5.4C(50%)-3C,788.0,879.1109634341698,11.562305004336267,11.562305004336267,0.047517478705544125,0.0
M2,44,4,batch1-14,5.4C(60%)-3C,880.0,944.4165108402732,7.320058050031045,7.320058050031045,0.030680898912325283,0.0
M2,44,4,batch1-15,5.4C(60%)-3C,719.0,862.5115348644717,19.959879675169923,19.959879675169923,0.07903602147198496,0.0
M2,44,0,batch1-18,5.4C(70%)-3C,691.0,253.96268534211768,63.247078821690636,-63.247078821690636,-0.43470813681919074,0.0
M2,44,0,batch1-19,5.4C(70%)-3C,788.0,699.9447600674711,11.174522834077276,-11.174522834077276,-0.05146245082461176,0.0
M2,44,0,batch1-20,5.4C(80%)-5.4C,534.0,434.1239725461994,18.70337592767801,-18.70337592767801,-0.08992748856587118,0.06581077380285683
M2,44,0,batch1-21,5.4C(80%)-5.4C,559.0,530.4074648183333,5.114943681872393,-5.114943681872393,-0.022802180297780694,0.08271017940103276
M2,44,0,batch1-24,6C(40%)-3C,1017.0,819.8867953399167,19.381829366773186,-19.381829366773186,-0.093567060969733,0.0
M2,44,0,batch1-25,6C(40%)-3C,854.0,923.8008677624244,8.173403719253448,8.173403719253448,0.03412049517157234,0.0
M2,44,1,batch1-26,6C(40%)-3.6C,870.0,813.5395474647598,6.489707187958639,-6.489707187958639,-0.029140583079910076,0.0
M2,44,1,batch1-27,6C(40%)-3.6C,842.0,805.0235213479037,4.3915057781587015,-4.3915057781587015,-0.019503521638159604,0.0
M2,44,1,batch1-28,6C(50%)-3C,860.0,803.4182704614806,6.579270876572026,-6.579270876572026,-0.029556747484484447,0.0
M2,44,1,batch1-29,6C(50%)-3C,917.0,807.34453070877,11.95806644397274,-11.95806644397274,-0.055310428141724266,0.0
M2,44,2,batch1-34,7C(30%)-3.6C,742.0,809.6830409891118,9.121703637346599,9.121703637346599,0.03791113768743282,0.0
M2,44,2,batch1-35,7C(30%)-3.6C,703.0,814.3819710977723,15.843808122015973,15.843808122015973,0.06387282560716612,0.0
M2,44,1,batch1-36,7C(40%)-3C,704.0,732.5168971720708,4.0506956210327845,4.0506956210327845,0.01724498799181884,0.0
M2,44,1,batch1-37,7C(40%)-3C,648.0,717.4346901357119,10.715229959214797,10.715229959214797,0.044207366427917894,0.0
M2,44,3,batch1-38,7C(40%)-3.6C,617.0,573.6279707949561,7.029502302276154,-7.029502302276154,-0.03165484413198083,0.0
M2,44,3,batch1-39,7C(40%)-3.6C,625.0,652.3410220087661,4.374563521402579,4.374563521402579,0.018594672341788243,0.0
M2,44,3,batch1-40,8C(15%)-3.6C,966.0,1000.2352289643119,3.5440195615229695,3.5440195615229695,0.01512502021223927,0.0
M2,44,3,batch1-41,8C(15%)-3.6C,1051.0,988.351398035847,5.960856514191536,-5.960856514191536,-0.026691335109423342,0.0
M2,44,2,batch1-42,8C(25%)-3.6C,702.0,763.4259209483796,8.750131189227863,8.750131189227863,0.03642978953217746,0.0
M2,44,2,batch1-43,8C(25%)-3.6C,651.0,763.7241409481653,17.315536243957805,17.315536243957805,0.06935553008844986,0.0
M2,45,3,batch1-05,4.4C(80%)-4.4C,1074.0,948.3717668279337,11.697228414531313,-11.697228414531313,-0.05402566487786986,0.03198144045256601
M2,45,2,batch1-06,4.8C(80%)-4.8C,636.0,775.2734398854257,21.898339604626678,21.898339604626678,0.08599779006908337,0.0
M2,45,2,batch1-07,4.8C(80%)-4.8C,870.0,894.3825102577769,2.802587385951363,2.802587385951363,0.012004045333384727,0.0
M2,45,1,batch1-09,5.4C(40%)-3.6C,1054.0,882.9937910544865,16.22449800242064,-16.22449800242064,-0.0768829611157833,0.0
M2,45,4,batch1-11,5.4C(50%)-3C,788.0,836.8910824099055,6.204452082475317,6.204452082475317,0.02614272271837903,0.0
M2,45,2,batch1-14,5.4C(60%)-3C,880.0,921.0789543162973,4.66806299048833,4.66806299048833,0.019814187095772873,0.0
M2,45,2,batch1-15,5.4C(60%)-3C,719.0,817.3249094540807,13.675230800289393,13.675230800289393,0.05566584464701929,0.0
M2,45,3,batch1-18,5.4C(70%)-3C,691.0,513.6095829462753,25.671550948440625,-25.671550948440625,-0.1288449291555711,0.0
M2,45,3,batch1-19,5.4C(70%)-3C,788.0,710.9965578376722,9.772010426691347,-9.772010426691347,-0.044658719313549256,0.0
M2,45,0,batch1-20,5.4C(80%)-5.4C,534.0,390.7438188968465,26.82700020658305,-26.82700020658305,-0.13564914030591435,0.06581077380285683
M2,45,0,batch1-21,5.4C(80%)-5.4C,559.0,512.2608110608061,8.36121447928335,-8.36121447928335,-0.03792067510405195,0.08271017940103276
M2,45,0,batch1-24,6C(40%)-3C,1017.0,796.5989764060196,21.671683735887946,-21.671683735887946,-0.10608120889802075,0.0
M2,45,0,batch1-25,6C(40%)-3C,854.0,930.2984577884982,8.934245642681294,8.934245642681294,0.03716443031259287,0.0
M2,45,1,batch1-26,6C(40%)-3.6C,870.0,824.1960254002888,5.264824666633469,-5.264824666633469,-0.023488736765021834,0.0
M2,45,1,batch1-27,6C(40%)-3.6C,842.0,838.6822952051397,0.3940266977268804,-0.3940266977268804,-0.00171461645151183,0.0
M2,45,0,batch1-28,6C(50%)-3C,860.0,801.8106569185984,6.766202683883907,-6.766202683883907,-0.030426627053953936,0.0
M2,45,0,batch1-29,6C(50%)-3C,917.0,838.6903075970098,8.539770163902967,-8.539770163902967,-0.03876771158836467,0.0
M2,45,1,batch1-34,7C(30%)-3.6C,742.0,803.1750202489702,8.244611893392213,8.244611893392213,0.03440628762857578,0.0
M2,45,1,batch1-35,7C(30%)-3.6C,703.0,773.073125042402,9.96772760204865,9.96772760204865,0.04126525078772536,0.0
M2,45,4,batch1-36,7C(40%)-3C,704.0,747.1880623847518,6.134667952379515,6.134667952379515,0.02585726553355938,0.0
M2,45,4,batch1-37,7C(40%)-3C,648.0,725.6815947040467,11.987900417291156,11.987900417291156,0.04917110243923073,0.0
M2,45,4,batch1-38,7C(40%)-3.6C,617.0,597.719071403252,3.1249479087111873,-3.1249479087111873,-0.01378805095837432,0.0
M2,45,4,batch1-39,7C(40%)-3.6C,625.0,669.1324293619724,7.061188697915586,7.061188697915586,0.029632061035825163,0.0
M2,45,3,batch1-40,8C(15%)-3.6C,966.0,979.4028647207174,1.387460116016293,1.387460116016293,0.005984243565440028,0.0
M2,45,3,batch1-41,8C(15%)-3.6C,1051.0,960.0604531840287,8.652668583822198,-8.652668583822198,-0.03930413542865052,0.0
M2,45,2,batch1-42,8C(25%)-3.6C,702.0,751.9583042790803,7.116567561122546,7.116567561122546,0.029856647712434015,0.0
M2,45,2,batch1-43,8C(25%)-3.6C,651.0,660.0699010509608,1.3932259678895185,1.3932259678895185,0.006008940963412535,0.0
M2,46,1,batch1-05,4.4C(80%)-4.4C,1074.0,974.4634001132586,9.267839840478718,-9.267839840478718,-0.042238749277109466,0.03198144045256601
M2,46,0,batch1-06,4.8C(80%)-4.8C,636.0,787.4616009680749,23.81471713334511,23.81471713334511,0.09277226980463116,0.0
M2,46,0,batch1-07,4.8C(80%)-4.8C,870.0,913.1021198017671,4.954266643881278,4.954266643881278,0.021000098394639455,0.0
M2,46,2,batch1-09,5.4C(40%)-3.6C,1054.0,854.8560171147188,18.894116023271458,-18.894116023271458,-0.0909476379475338,0.0
M2,46,3,batch1-11,5.4C(50%)-3C,788.0,968.30820284918,22.8817516306066,22.8817516306066,0.08948739342705947,0.0
M2,46,3,batch1-14,5.4C(60%)-3C,880.0,937.5121108372298,6.535467140594293,6.535467140594293,0.027494214527782557,0.0
M2,46,3,batch1-15,5.4C(60%)-3C,719.0,901.435066661745,25.373444598295556,25.373444598295556,0.09820555813960086,0.0
M2,46,4,batch1-18,5.4C(70%)-3C,691.0,462.026565037955,33.1365318324233,-33.1365318324233,-0.1748111005676023,0.0
M2,46,4,batch1-19,5.4C(70%)-3C,788.0,714.5673475961236,9.318864518258431,-9.318864518258431,-0.04248305040737277,0.0
M2,46,0,batch1-20,5.4C(80%)-5.4C,534.0,620.1705264890672,16.136802713308473,16.136802713308473,0.06496986558329798,0.06581077380285683
M2,46,0,batch1-21,5.4C(80%)-5.4C,559.0,648.5735047196589,16.023882776325387,16.023882776325387,0.06454739517843677,0.08271017940103276
M2,46,4,batch1-24,6C(40%)-3C,1017.0,832.4122717629444,18.15021909902218,-18.15021909902218,-0.08698247878867615,0.0
M2,46,4,batch1-25,6C(40%)-3C,854.0,896.7797507129303,5.009338490975446,5.009338490975446,0.021227922639078134,0.0
M2,46,1,batch1-26,6C(40%)-3.6C,870.0,832.6531253562849,4.2927442119212715,-4.2927442119212715,-0.019055136107446025,0.0
M2,46,1,batch1-27,6C(40%)-3.6C,842.0,811.8506114875339,3.580687471789322,-3.580687471789322,-0.01583596937104703,0.0
M2,46,2,batch1-28,6C(50%)-3C,860.0,836.7838909944865,2.699547558780645,-2.699547558780645,-0.011885140283877327,0.0
M2,46,2,batch1-29,6C(50%)-3C,917.0,851.4893862843915,7.144014581854803,-7.144014581854803,-0.032190096767583665,0.0
M2,46,3,batch1-34,7C(30%)-3.6C,742.0,820.8927105301688,10.63244077225994,10.63244077225994,0.04388249389943333,0.0
M2,46,3,batch1-35,7C(30%)-3.6C,703.0,773.4763985368185,10.025092252748005,10.025092252748005,0.041491741378064884,0.0
M2,46,0,batch1-36,7C(40%)-3C,704.0,764.0098014955278,8.524119530614739,8.524119530614739,0.0355262710410611,0.0
M2,46,0,batch1-37,7C(40%)-3C,648.0,734.5534791022369,13.35701837997483,13.35701837997483,0.05444841417876756,0.0
M2,46,1,batch1-38,7C(40%)-3.6C,617.0,590.6778937046088,4.266143645930506,-4.266143645930506,-0.018934446471135402,0.0
M2,46,1,batch1-39,7C(40%)-3.6C,625.0,662.0940583411979,5.935049334591659,5.935049334591659,0.025039673178520516,0.0
M2,46,4,batch1-40,8C(15%)-3.6C,966.0,965.9153532578978,0.008762602702093432,-0.008762602702093432,-3.805716742988352e-05,0.0
M2,46,4,batch1-41,8C(15%)-3.6C,1051.0,948.7134325281608,9.732308988757303,-9.732308988757303,-0.04446766636823085,0.0
M2,46,2,batch1-42,8C(25%)-3.6C,702.0,743.2199258994181,5.871784316156418,5.871784316156418,0.02478023254813655,0.0
M2,46,2,batch1-43,8C(25%)-3.6C,651.0,723.7627573983681,11.177074869180965,11.177074869180965,0.04601524332292728,0.0
M2,47,2,batch1-05,4.4C(80%)-4.4C,1074.0,956.9384907977416,10.899581862407675,-10.899581862407675,-0.05012025786634711,0.03198144045256601
M2,47,1,batch1-06,4.8C(80%)-4.8C,636.0,757.3627400828232,19.08219183692188,19.08219183692188,0.07584681970931895,0.0
M2,47,1,batch1-07,4.8C(80%)-4.8C,870.0,948.2118357732428,8.989866180832506,8.989866180832506,0.03738611935032177,0.0
M2,47,0,batch1-09,5.4C(40%)-3.6C,1054.0,898.8148888410727,14.723445081492152,-14.723445081492152,-0.06917035299507557,0.0
M2,47,3,batch1-11,5.4C(50%)-3C,788.0,750.3686460792566,4.775552528013127,-4.775552528013127,-0.021251538599422304,0.0
M2,47,0,batch1-14,5.4C(60%)-3C,880.0,851.3620837060082,3.2543086697717944,-3.2543086697717944,-0.0143683676338493,0.0
M2,47,0,batch1-15,5.4C(60%)-3C,719.0,773.6423617257449,7.59977214544435,7.59977214544435,0.03181135166419047,0.0
M2,47,0,batch1-18,5.4C(70%)-3C,691.0,623.8980724667331,9.710843347795501,-9.710843347795501,-0.04436440349468418,0.0
M2,47,0,batch1-19,5.4C(70%)-3C,788.0,698.0602547497974,11.41367325510185,-11.41367325510185,-0.05263330607567385,0.0
M2,47,4,batch1-20,5.4C(80%)-5.4C,534.0,595.716227376203,11.557345950599823,11.557345950599823,0.047498173461346216,0.06581077380285683
M2,47,4,batch1-21,5.4C(80%)-5.4C,559.0,623.6188986417231,11.559731420701816,11.559731420701816,0.047507460034245774,0.08271017940103276
M2,47,3,batch1-24,6C(40%)-3C,1017.0,840.932014463543,17.312486286770596,-17.312486286770596,-0.08256006644327663,0.0
M2,47,3,batch1-25,6C(40%)-3C,854.0,919.0474628241011,7.61679892553877,7.61679892553877,0.031880069761669905,0.0
M2,47,4,batch1-26,6C(40%)-3.6C,870.0,830.4990981412802,4.540333546979284,-4.540333546979284,-0.02018008744165467,0.0
M2,47,4,batch1-27,6C(40%)-3.6C,842.0,822.8399370033534,2.2755419235922347,-2.2755419235922347,-0.009996729236245283,0.0
M2,47,2,batch1-28,6C(50%)-3C,860.0,814.7486771935261,5.261781721683014,-5.261781721683014,-0.023474787215951753,0.0
M2,47,2,batch1-29,6C(50%)-3C,917.0,826.0938052700742,9.913434539795617,-9.913434539795617,-0.04533997019218239,0.0
M2,47,1,batch1-34,7C(30%)-3.6C,742.0,805.0872564851862,8.502325671857983,8.502325671857983,0.03543904708436374,0.0
M2,47,1,batch1-35,7C(30%)-3.6C,703.0,763.7419491539774,8.640391060309733,8.640391060309733,0.03599132021909357,0.0
M2,47,2,batch1-36,7C(40%)-3C,704.0,754.3174894677526,7.147370663033037,7.147370663033037,0.02998151816322725,0.0
M2,47,2,batch1-37,7C(40%)-3C,648.0,727.0417659623128,12.197803389245795,12.197803389245795,0.049984354377648366,0.0
M2,47,3,batch1-38,7C(40%)-3.6C,617.0,557.5327805081483,9.63812309430335,-9.63812309430335,-0.044014756931383126,0.0
M2,47,3,batch1-39,7C(40%)-3.6C,625.0,632.2562585786671,1.161001372586743,1.161001372586743,0.005013119688146883,0.0
M2,47,1,batch1-40,8C(15%)-3.6C,966.0,1041.9964164437781,7.867123855463573,7.867123855463573,0.03288909895744707,0.0
M2,47,1,batch1-41,8C(15%)-3.6C,1051.0,1037.0906151102033,1.3234429010272772,-1.3234429010272772,-0.00578601178670457,0.0
M2,47,4,batch1-42,8C(25%)-3.6C,702.0,742.6070519009742,5.784480327774098,5.784480327774098,0.02442195690137794,0.0
M2,47,4,batch1-43,8C(25%)-3.6C,651.0,694.9735965261563,6.754776732128458,6.754776732128458,0.02838731659628735,0.0
M2,48,4,batch1-05,4.4C(80%)-4.4C,1074.0,1039.8210370173736,3.182398787954045,-3.182398787954045,-0.014045681799212506,0.10736402753360164
M2,48,4,batch1-06,4.8C(80%)-4.8C,636.0,754.5939077839538,18.646840846533618,18.646840846533618,0.0742561789529903,0.0
M2,48,4,batch1-07,4.8C(80%)-4.8C,870.0,924.1079238622074,6.219301593357169,6.219301593357169,0.026203441546041706,0.0
M2,48,2,batch1-09,5.4C(40%)-3.6C,1054.0,913.3848971610496,13.341091350944062,-13.341091350944062,-0.06218678461479099,0.0
M2,48,4,batch1-11,5.4C(50%)-3C,788.0,760.5159921901463,3.4878182499814296,-3.4878182499814296,-0.015417866625968557,0.07538258708103562
M2,48,3,batch1-14,5.4C(60%)-3C,880.0,895.9001750285179,1.806838071422486,1.806838071422486,0.007776949287076729,0.0
M2,48,3,batch1-15,5.4C(60%)-3C,719.0,803.9107810255048,11.809566206607062,11.809566206607062,0.04847896252186734,0.0
M2,48,1,batch1-18,5.4C(70%)-3C,691.0,526.7154549432769,23.77489798215964,-23.77489798215964,-0.11790198571291999,0.0
M2,48,1,batch1-19,5.4C(70%)-3C,788.0,687.1187716591319,12.802186337673618,-12.802186337673618,-0.059494404130401524,0.0
M2,48,2,batch1-20,5.4C(80%)-5.4C,534.0,493.47479563397013,7.588989581653534,-7.588989581653534,-0.034276281171066625,0.06581077380285683
M2,48,2,batch1-21,5.4C(80%)-5.4C,559.0,582.2318129409598,4.155959381209266,4.155959381209266,0.0176841235620393,0.08271017940103276
M2,48,2,batch1-24,6C(40%)-3C,1017.0,815.529804441733,19.81024538429371,-19.81024538429371,-0.09588111548262024,0.0
M2,48,2,batch1-25,6C(40%)-3C,854.0,915.0946888579123,7.153944831137268,7.153944831137268,0.030008164055951525,0.0
M2,48,0,batch1-26,6C(40%)-3.6C,870.0,911.0569417944839,4.719188712009646,4.719188712009646,0.020026268958452942,0.0
M2,48,0,batch1-27,6C(40%)-3.6C,842.0,846.4888039245153,0.5331121050493242,0.5331121050493242,0.0023091267917805247,0.0
M2,48,1,batch1-28,6C(50%)-3C,860.0,815.1130803542515,5.219409261133552,-5.219409261133552,-0.023280588801521507,0.0
M2,48,1,batch1-29,6C(50%)-3C,917.0,819.583439641718,10.623398076148531,-10.623398076148531,-0.04877616112983452,0.0
M2,48,3,batch1-34,7C(30%)-3.6C,742.0,809.4563153190381,9.091147617121042,9.091147617121042,0.03778951046902357,0.0
M2,48,3,batch1-35,7C(30%)-3.6C,703.0,780.1874705615173,10.979725542178851,10.979725542178851,0.04524364644981205,0.0
M2,48,0,batch1-36,7C(40%)-3C,704.0,776.3143999573147,10.271931812118561,10.271931812118561,0.0424649828811523,0.0
M2,48,0,batch1-37,7C(40%)-3C,648.0,712.7469777229094,9.991817549831694,9.991817549831694,0.041360378566118516,0.0
M2,48,1,batch1-38,7C(40%)-3.6C,617.0,536.6577532773844,13.0214338286249,-13.0214338286249,-0.06058775589110521,0.0
M2,48,1,batch1-39,7C(40%)-3.6C,625.0,613.3386269592856,1.8658196865142962,-1.8658196865142962,-0.00817970071297447,0.0
M2,48,0,batch1-40,8C(15%)-3.6C,966.0,1061.7190428342874,9.908803606033892,9.908803606033892,0.04103248045254748,0.0
M2,48,0,batch1-41,8C(15%)-3.6C,1051.0,1033.0032262871264,1.7123476415674233,-1.7123476415674233,-0.007501038113163716,0.0
M2,48,3,batch1-42,8C(25%)-3.6C,702.0,750.1061296305354,6.8527250185947866,6.8527250185947866,0.02878560226469329,0.0
M2,48,3,batch1-43,8C(25%)-3.6C,651.0,706.1538557164014,8.472174457204513,8.472174457204513,0.03531834620731855,0.0
M2,49,0,batch1-05,4.4C(80%)-4.4C,1074.0,951.5173408000795,11.404344432022391,-11.404344432022391,-0.05258757392687485,0.10736402753360164
M2,49,1,batch1-06,4.8C(80%)-4.8C,636.0,770.6295847084797,21.168173696301835,21.168173696301835,0.08338856204830591,0.0
M2,49,1,batch1-07,4.8C(80%)-4.8C,870.0,892.4327012993564,2.5784714137191243,2.5784714137191243,0.01105622308289167,0.0
M2,49,2,batch1-09,5.4C(40%)-3.6C,1054.0,901.0368259417095,14.512635109894736,-14.512635109894736,-0.06809806964614129,0.0
M2,49,0,batch1-11,5.4C(50%)-3C,788.0,833.0749992251833,5.72017756664763,5.72017756664763,0.024157883897342636,0.07538258708103562
M2,49,3,batch1-14,5.4C(60%)-3C,880.0,895.2517597630497,1.7331545185283723,1.7331545185283723,0.0074625112111030845,0.0
M2,49,3,batch1-15,5.4C(60%)-3C,719.0,799.285451184171,11.166265811428518,11.166265811428518,0.045973017510130276,0.0
M2,49,3,batch1-18,5.4C(70%)-3C,691.0,292.4184637329028,57.6818431645582,-57.6818431645582,-0.3734732562287535,0.0
M2,49,3,batch1-19,5.4C(70%)-3C,788.0,700.7892742300049,11.067350986039983,-11.067350986039983,-0.050938771273552064,0.0
M2,49,3,batch1-20,5.4C(80%)-5.4C,534.0,477.24211165205514,10.628818042686303,-10.628818042686303,-0.048802498368921476,0.06581077380285683
M2,49,3,batch1-21,5.4C(80%)-5.4C,559.0,542.4552155962277,2.9597109845746457,-2.9597109845746457,-0.013047918678813275,0.08271017940103276
M2,49,4,batch1-24,6C(40%)-3C,1017.0,820.7148952005182,19.30040361843479,-19.30040361843479,-0.09312863739313881,0.0
M2,49,4,batch1-25,6C(40%)-3C,854.0,914.1788149119948,7.046699638406882,7.046699638406882,0.0295732820842316,0.0
M2,49,1,batch1-26,6C(40%)-3.6C,870.0,850.9835187147368,2.185802446581982,-2.185802446581982,-0.00959810358051394,0.0
M2,49,1,batch1-27,6C(40%)-3.6C,842.0,827.7204773383813,1.6959053042302459,-1.6959053042302459,-0.0074283919670383725,0.0
M2,49,2,batch1-28,6C(50%)-3C,860.0,824.5306149106857,4.12434710340864,-4.12434710340864,-0.018291665562687243,0.0
M2,49,2,batch1-29,6C(50%)-3C,917.0,831.491406673864,9.324819337637507,-9.324819337637507,-0.04251157045291576,0.0
M2,49,4,batch1-34,7C(30%)-3.6C,742.0,804.8525826339624,8.470698468188997,8.470698468188997,0.03531243668951678,0.0
M2,49,4,batch1-35,7C(30%)-3.6C,703.0,748.8489673873217,6.521901477570662,6.521901477570662,0.027438910243864356,0.0
M2,49,0,batch1-36,7C(40%)-3C,704.0,758.2058813870101,7.699699060654843,7.699699060654843,0.03221448977449448,0.0
M2,49,0,batch1-37,7C(40%)-3C,648.0,739.8652320834186,14.176733346206577,14.176733346206577,0.05757761346474988,0.0
M2,49,2,batch1-38,7C(40%)-3.6C,617.0,568.4385131344885,7.870581339629091,-7.870581339629091,-0.035601669240932665,0.0
M2,49,2,batch1-39,7C(40%)-3.6C,625.0,627.4355193366795,0.38968309386871625,0.38968309386871625,0.0016890832708882364,0.0
M2,49,4,batch1-40,8C(15%)-3.6C,966.0,1008.2628543633967,4.375036683581443,4.375036683581443,0.018596641128536984,0.0
M2,49,4,batch1-41,8C(15%)-3.6C,1051.0,1001.7237434128015,4.688511568715369,-4.688511568715369,-0.02085474824307365,0.0
M2,49,1,batch1-42,8C(25%)-3.6C,702.0,740.8867515805468,5.5394233020722,5.5394233020722,0.0234147167369545,0.0
M2,49,1,batch1-43,8C(25%)-3.6C,651.0,669.7533448051464,2.880698126750601,2.880698126750601,0.012333902621036508,0.0
M2,50,4,batch1-05,4.4C(80%)-4.4C,1074.0,1012.8625862421252,5.692496625500447,-5.692496625500447,-0.025453752177807765,0.03198144045256601
M2,50,3,batch1-06,4.8C(80%)-4.8C,636.0,779.3736160351301,22.543021389171404,22.543021389171404,0.08828858398082495,0.0
M2,50,3,batch1-07,4.8C(80%)-4.8C,870.0,890.4249970403713,2.3477008092380798,2.3477008092380798,0.01007809089616618,0.0
M2,50,1,batch1-09,5.4C(40%)-3.6C,1054.0,881.2348434306651,16.39138107868452,-16.39138107868452,-0.0777489503477482,0.0
M2,50,1,batch1-11,5.4C(50%)-3C,788.0,699.7866805941126,11.194583680950181,-11.194583680950181,-0.05156054541801636,0.0
M2,50,3,batch1-14,5.4C(60%)-3C,880.0,895.229797032259,1.730658753665789,1.730658753665789,0.007451856767046738,0.0
M2,50,3,batch1-15,5.4C(60%)-3C,719.0,832.6496489437253,15.80662711317459,15.80662711317459,0.06373341290031176,0.0
M2,50,2,batch1-18,5.4C(70%)-3C,691.0,548.2551704199508,20.65771773951508,-20.65771773951508,-0.10049531131234346,0.0
M2,50,2,batch1-19,5.4C(70%)-3C,788.0,701.3082380783973,11.001492629645018,-11.001492629645018,-0.050617277020865714,0.0
M2,50,3,batch1-20,5.4C(80%)-5.4C,534.0,579.6719746073836,8.552804233592438,8.552804233592438,0.03564104702069759,0.06581077380285683
M2,50,3,batch1-21,5.4C(80%)-5.4C,559.0,613.1485093888741,9.686674309279807,9.686674309279807,0.040153868910378865,0.08271017940103276
M2,50,1,batch1-24,6C(40%)-3C,1017.0,798.575719444276,21.477313722293406,-21.477313722293406,-0.1050048515118025,0.0
M2,50,1,batch1-25,6C(40%)-3C,854.0,885.1760637342343,3.6505929431187676,3.6505929431187676,0.015571790860058332,0.0
M2,50,2,batch1-26,6C(40%)-3.6C,870.0,827.313257994258,4.906522069625513,-4.906522069625513,-0.021849268509289033,0.0
M2,50,2,batch1-27,6C(40%)-3.6C,842.0,815.7201551000497,3.121121722084354,-3.121121722084354,-0.013770898359345196,0.0
M2,50,2,batch1-28,6C(50%)-3C,860.0,813.9349523867313,5.356400885263801,-5.356400885263801,-0.023908752679060008,0.0
M2,50,2,batch1-29,6C(50%)-3C,917.0,816.029794511684,11.0109275341675,-11.0109275341675,-0.05066331986249528,0.0
M2,50,0,batch1-34,7C(30%)-3.6C,742.0,815.694206729531,9.931833791041907,9.931833791041907,0.04112347256775628,0.0
M2,50,0,batch1-35,7C(30%)-3.6C,703.0,782.3111495297776,11.281813588873057,11.281813588873057,0.0464241948526265,0.0
M2,50,0,batch1-36,7C(40%)-3C,704.0,782.948719946242,11.214306810545741,11.214306810545741,0.046160659271281546,0.0
M2,50,0,batch1-37,7C(40%)-3C,648.0,733.987090382174,13.26961271329845,13.26961271329845,0.05411341559167582,0.0
M2,50,4,batch1-38,7C(40%)-3.6C,617.0,581.5763553310011,5.741271421231591,-5.741271421231591,-0.025678422574993753,0.0
M2,50,4,batch1-39,7C(40%)-3.6C,625.0,655.693683189535,4.910989310325604,4.910989310325604,0.020820982443924496,0.0
M2,50,0,batch1-40,8C(15%)-3.6C,966.0,1036.8863990010666,7.338136542553478,7.338136542553478,0.030754051391568726,0.0
M2,50,0,batch1-41,8C(15%)-3.6C,1051.0,1035.1404952738806,1.508991886405275,-1.508991886405275,-0.006603417267916356,0.0
M2,50,4,batch1-42,8C(25%)-3.6C,702.0,745.0550722150232,6.1332011702312235,6.1332011702312235,0.02585126353810141,0.0
M2,50,4,batch1-43,8C(25%)-3.6C,651.0,671.0860718715026,3.0854181062215904,3.0854181062215904,0.013197236729815653,0.0
M2,51,3,batch1-05,4.4C(80%)-4.4C,1074.0,950.3712210763259,11.511059490100008,-11.511059490100008,-0.053111004733345624,0.03198144045256601
M2,51,1,batch1-06,4.8C(80%)-4.8C,636.0,770.5085071780987,21.149136348757665,21.149136348757665,0.08332032247430288,0.0
M2,51,1,batch1-07,4.8C(80%)-4.8C,870.0,866.9936756009905,0.34555452862178004,-0.34555452862178004,-0.0015033231488779109,0.0
M2,51,0,batch1-09,5.4C(40%)-3.6C,1054.0,881.2348434306651,16.39138107868452,-16.39138107868452,-0.0777489503477482,0.0
M2,51,0,batch1-11,5.4C(50%)-3C,788.0,699.7866805941126,11.194583680950181,-11.194583680950181,-0.05156054541801636,0.0
M2,51,1,batch1-14,5.4C(60%)-3C,880.0,895.8859646842456,1.805223259573358,1.805223259573358,0.007770060659057165,0.0
M2,51,1,batch1-15,5.4C(60%)-3C,719.0,839.7983819492098,16.800887614632792,16.800887614632792,0.06744614315884956,0.0
M2,51,4,batch1-18,5.4C(70%)-3C,691.0,519.2789557215305,24.85109179138488,-24.85109179138488,-0.12407732462355625,0.0
M2,51,4,batch1-19,5.4C(70%)-3C,788.0,711.2548681473064,9.739229930544873,-9.739229930544873,-0.04450096557004546,0.0
M2,51,2,batch1-20,5.4C(80%)-5.4C,534.0,561.0097709987975,5.058009550336617,5.058009550336617,0.021429168316564606,0.2526694804336085
M2,51,2,batch1-21,5.4C(80%)-5.4C,559.0,593.8009685733593,6.225575773409543,6.225575773409543,0.026229093769901457,0.2695688860317844
M2,51,0,batch1-24,6C(40%)-3C,1017.0,798.575719444276,21.477313722293406,-21.477313722293406,-0.1050048515118025,0.0
M2,51,0,batch1-25,6C(40%)-3C,854.0,885.1760637342343,3.6505929431187676,3.6505929431187676,0.015571790860058332,0.0
M2,51,1,batch1-26,6C(40%)-3.6C,870.0,831.2548496098635,4.453465562084652,-4.453465562084652,-0.01978506058997276,0.0
M2,51,1,batch1-27,6C(40%)-3.6C,842.0,824.6678916303441,2.058445174543454,-2.058445174543454,-0.009033005823658957,0.0
M2,51,4,batch1-28,6C(50%)-3C,860.0,807.7249291130532,6.078496614761251,-6.078496614761251,-0.027234964364265313,0.0
M2,51,4,batch1-29,6C(50%)-3C,917.0,810.3668619834756,11.628477428192411,-11.628477428192411,-0.05368766238982303,0.0
M2,51,2,batch1-34,7C(30%)-3.6C,742.0,812.0389469208369,9.439211175314947,9.439211175314947,0.03917295404487753,0.0
M2,51,2,batch1-35,7C(30%)-3.6C,703.0,764.2825981270087,8.717297030868941,8.717297030868941,0.036298646270694235,0.0
M2,51,3,batch1-36,7C(40%)-3C,704.0,756.0560324842188,7.394322796053808,7.394322796053808,0.030981323788914494,0.0
M2,51,3,batch1-37,7C(40%)-3C,648.0,733.7873671524407,13.238791227228496,13.238791227228496,0.053995224821055565,0.0
M2,51,2,batch1-38,7C(40%)-3.6C,617.0,583.5340571355651,5.423977773814401,-5.423977773814401,-0.024218955932205244,0.18685870663075166
M2,51,2,batch1-39,7C(40%)-3.6C,625.0,654.0204267672176,4.643268282754816,4.643268282754816,0.019711295343721513,0.11537318780629091
M2,51,3,batch1-40,8C(15%)-3.6C,966.0,978.7289712285326,1.317698884941263,1.317698884941263,0.005685317587905914,0.0
M2,51,3,batch1-41,8C(15%)-3.6C,1051.0,964.9189620830033,8.190393712368857,-8.190393712368857,-0.03711187501400204,0.0
M2,51,4,batch1-42,8C(25%)-3.6C,702.0,732.2022951893714,4.302321252047208,4.302321252047208,0.018293973773965355,0.0
M2,51,4,batch1-43,8C(25%)-3.6C,651.0,676.1881323013906,3.8691447467573923,3.8691447467573923,0.01648655567692625,0.0
M2,52,2,batch1-05,4.4C(80%)-4.4C,1074.0,1063.119136884682,1.013115746305224,-1.013115746305224,-0.004422345539779826,0.03198144045256601
M2,52,0,batch1-06,4.8C(80%)-4.8C,636.0,771.1610352254216,21.251735098336734,21.251735098336734,0.0836879620226858,0.0
M2,52,0,batch1-07,4.8C(80%)-4.8C,870.0,908.940876783517,4.475962848680109,4.475962848680109,0.019016382284596567,0.0
M2,52,2,batch1-09,5.4C(40%)-3.6C,1054.0,852.7059526255179,19.098106961525822,-19.098106961525822,-0.09204131613130473,0.0
M2,52,1,batch1-11,5.4C(50%)-3C,788.0,836.9010945636646,6.205722660363532,6.205722660363532,0.026147918373119694,0.0
M2,52,0,batch1-14,5.4C(60%)-3C,880.0,900.4662182164757,2.3257066155086004,2.3257066155086004,0.009984752370877814,0.0
M2,52,0,batch1-15,5.4C(60%)-3C,719.0,814.1686441554504,13.236250925653733,13.236250925653733,0.05398548212317733,0.0
M2,52,4,batch1-18,5.4C(70%)-3C,691.0,490.5476087759263,29.009029120705314,-29.009029120705314,-0.14879688433243166,0.0
M2,52,4,batch1-19,5.4C(70%)-3C,788.0,697.4502689061692,11.491082626120662,-11.491082626120662,-0.053012971435852485,0.0
M2,52,3,batch1-20,5.4C(80%)-5.4C,534.0,589.7213609298376,10.434711784613784,10.434711784613784,0.04310560208033376,0.06581077380285683
M2,52,3,batch1-21,5.4C(80%)-5.4C,559.0,617.902655626118,10.537147696979957,10.537147696979957,0.04350825384586132,0.08271017940103276
M2,52,0,batch1-24,6C(40%)-3C,1017.0,858.3983249876158,15.595051623636602,-15.595051623636602,-0.07363209141282923,0.0
M2,52,0,batch1-25,6C(40%)-3C,854.0,930.4116840020264,8.947503981501919,8.947503981501919,0.03721728488536957,0.0
M2,52,3,batch1-26,6C(40%)-3.6C,870.0,820.2556579536639,5.717740465096104,-5.717740465096104,-0.025570017876802353,0.0
M2,52,3,batch1-27,6C(40%)-3.6C,842.0,809.1696140517375,3.8990957183209574,-3.8990957183209574,-0.017272525726922172,0.0
M2,52,1,batch1-28,6C(50%)-3C,860.0,824.255668979124,4.156317560566972,-4.156317560566972,-0.01843650847310263,0.0
M2,52,1,batch1-29,6C(50%)-3C,917.0,825.2778057055848,10.002420315639608,-10.002420315639608,-0.04576916993690494,0.0
M2,52,1,batch1-34,7C(30%)-3.6C,742.0,801.6611191314287,8.040582093184458,8.040582093184458,0.03358691538191616,0.0
M2,52,1,batch1-35,7C(30%)-3.6C,703.0,753.2998526857372,7.15502883154156,7.15502883154156,0.030012557482749447,0.0
M2,52,4,batch1-36,7C(40%)-3C,704.0,754.3429740254328,7.150990628612614,7.150990628612614,0.0299961905206505,0.0
M2,52,4,batch1-37,7C(40%)-3C,648.0,712.5086249228817,9.955034710321254,9.955034710321254,0.041215119980120285,0.0
M2,52,4,batch1-38,7C(40%)-3.6C,617.0,568.4360956473763,7.870973152775315,-7.870973152775315,-0.03560351623673119,0.0
M2,52,4,batch1-39,7C(40%)-3.6C,625.0,639.3723668184978,2.2995786909596427,2.2995786909596427,0.009873845124005687,0.0
M2,52,3,batch1-40,8C(15%)-3.6C,966.0,927.7701304908458,3.9575434274486794,-3.9575434274486794,-0.01753674009502859,0.0
M2,52,3,batch1-41,8C(15%)-3.6C,1051.0,920.1807979813001,12.447117223472874,-12.447117223472874,-0.057729549713867456,0.0
M2,52,2,batch1-42,8C(25%)-3.6C,702.0,750.035393366582,6.842648627718227,6.842648627718227,0.02874464563672552,0.0
M2,52,2,batch1-43,8C(25%)-3.6C,651.0,731.1992769489422,12.319397380789885,12.319397380789885,0.0504547647029332,0.0
M2,53,2,batch1-05,4.4C(80%)-4.4C,1074.0,1126.91340837091,4.926760555950653,4.926760555950653,0.020886264929702136,0.03198144045256601
M2,53,1,batch1-06,4.8C(80%)-4.8C,636.0,754.3357894657295,18.606256205303374,18.606256205303374,0.07410759766046127,0.0
M2,53,1,batch1-07,4.8C(80%)-4.8C,870.0,915.1131484436565,5.185419361339832,5.185419361339832,0.02195554276659273,0.0
M2,53,2,batch1-09,5.4C(40%)-3.6C,1054.0,910.4412971333014,13.62037029095812,-13.62037029095812,-0.06358866201188818,0.0
M2,53,0,batch1-11,5.4C(50%)-3C,788.0,770.5197088444022,2.21831106035505,-2.21831106035505,-0.009742465631874975,0.0
M2,53,3,batch1-14,5.4C(60%)-3C,880.0,891.4970777986365,1.30648611348142,1.30648611348142,0.005637251807635302,0.0
M2,53,3,batch1-15,5.4C(60%)-3C,719.0,841.9162200422821,17.095440896005858,17.095440896005858,0.06853998617183343,0.0
M2,53,4,batch1-18,5.4C(70%)-3C,691.0,515.6848108195246,25.371228535524658,-25.371228535524658,-0.12709370765725136,0.0
M2,53,4,batch1-19,5.4C(70%)-3C,788.0,708.3695035914939,10.105392945241896,-10.105392945241896,-0.04626636162175046,0.0
M2,53,3,batch1-20,5.4C(80%)-5.4C,534.0,598.0950759430618,12.002823210311204,12.002823210311204,0.04922896989523817,0.06581077380285683
M2,53,3,batch1-21,5.4C(80%)-5.4C,559.0,622.559106438862,11.370144264554929,11.370144264554929,0.04676878222938985,0.08271017940103276
M2,53,2,batch1-24,6C(40%)-3C,1017.0,806.4848706254697,20.6996194075251,-20.6996194075251,-0.10072472833416102,0.0
M2,53,2,batch1-25,6C(40%)-3C,854.0,904.3903377173244,5.90050792942909,5.90050792942909,0.024898043114276902,0.0
M2,53,0,batch1-26,6C(40%)-3.6C,870.0,856.5603924128843,1.5447824812776654,-1.5447824812776654,-0.006761263989561783,0.0
M2,53,0,batch1-27,6C(40%)-3.6C,842.0,837.3964281940838,0.5467424947643947,-0.5467424947643947,-0.002380987367303966,0.0
M2,53,4,batch1-28,6C(50%)-3C,860.0,798.6885725079167,7.129235754893412,-7.129235754893412,-0.03212098057378299,0.0
M2,53,4,batch1-29,6C(50%)-3C,917.0,800.4969387810858,12.704804931179305,-12.704804931179305,-0.05900966021798082,0.0
M2,53,1,batch1-34,7C(30%)-3.6C,742.0,802.9408596478046,8.213053860890106,8.213053860890106,0.034279653356467765,0.0
M2,53,1,batch1-35,7C(30%)-3.6C,703.0,775.1267429943068,10.259849643571384,10.259849643571384,0.042417395915681055,0.0
M2,53,3,batch1-36,7C(40%)-3C,704.0,742.062084561561,5.406546102494468,5.406546102494468,0.022867582868098424,0.0
M2,53,3,batch1-37,7C(40%)-3C,648.0,727.4220376544469,12.25648729235291,12.25648729235291,0.050211448239826595,0.0
M2,53,0,batch1-38,7C(40%)-3.6C,617.0,558.9239935263032,9.41264286445653,-9.41264286445653,-0.042932410594808346,0.0
M2,53,0,batch1-39,7C(40%)-3.6C,625.0,638.0792788939985,2.092684623039768,2.092684623039768,0.008994624146969166,0.0
M2,53,4,batch1-40,8C(15%)-3.6C,966.0,943.0162592909425,2.3792692245401184,-2.3792692245401184,-0.010457945598143059,0.0
M2,53,4,batch1-41,8C(15%)-3.6C,1051.0,931.436529523338,11.376162747541581,-11.376162747541581,-0.05244944972880683,0.0
M2,53,1,batch1-42,8C(25%)-3.6C,702.0,754.4399051961885,7.470071965269022,7.470071965269022,0.03128753969405196,0.0
M2,53,1,batch1-43,8C(25%)-3.6C,651.0,678.3531012701704,4.201705264235091,4.201705264235091,0.017874826264729915,0.0
M2,54,3,batch1-05,4.4C(80%)-4.4C,1074.0,1007.5864861494513,6.183753617369527,-6.183753617369527,-0.02772194729935107,0.03198144045256601
M2,54,3,batch1-06,4.8C(80%)-4.8C,636.0,765.449176605224,20.35364412031824,20.35364412031824,0.08045924456855369,0.0
M2,54,3,batch1-07,4.8C(80%)-4.8C,870.0,910.0471742653942,4.603123478780946,4.603123478780946,0.019544652880641777,0.0
M2,54,4,batch1-09,5.4C(40%)-3.6C,1054.0,894.838065632465,15.10075278629364,-15.10075278629364,-0.07109616054972001,0.0
M2,54,0,batch1-11,5.4C(50%)-3C,788.0,838.352789608602,6.389947919873356,6.389947919873356,0.026900596293985224,0.0
M2,54,1,batch1-14,5.4C(60%)-3C,880.0,894.5389631948002,1.6521549085000233,1.6521549085000233,0.007116589614006852,0.0
M2,54,1,batch1-15,5.4C(60%)-3C,719.0,856.6163466950289,19.139964769823216,19.139964769823216,0.07605746734018348,0.0
M2,54,4,batch1-18,5.4C(70%)-3C,691.0,625.6555678626238,9.456502480083387,-9.456502480083387,-0.043142733562186564,0.0
M2,54,4,batch1-19,5.4C(70%)-3C,788.0,694.9963394490903,11.802494993770264,-11.802494993770264,-0.054543700325696776,0.0
M2,54,1,batch1-20,5.4C(80%)-5.4C,534.0,612.6964531443406,14.737163510176138,14.737163510176138,0.05970410921118363,0.06581077380285683
M2,54,1,batch1-21,5.4C(80%)-5.4C,559.0,627.9336675997693,12.331604221783408,12.331604221783408,0.05050196114232053,0.08271017940103276
M2,54,3,batch1-24,6C(40%)-3C,1017.0,843.8459587031766,17.025962762716162,-17.025962762716162,-0.08105777808731007,0.0
M2,54,3,batch1-25,6C(40%)-3C,854.0,911.9254062011366,6.782834449781808,6.782834449781808,0.028501444612933913,0.0
M2,54,4,batch1-26,6C(40%)-3.6C,870.0,808.2321130750406,7.099757117811424,-7.099757117811424,-0.031983150567646224,0.0
M2,54,4,batch1-27,6C(40%)-3.6C,842.0,815.8343476681179,3.1075596593684254,-3.1075596593684254,-0.013710105781244764,0.0
M2,54,2,batch1-28,6C(50%)-3C,860.0,823.0655594435044,4.294702390290184,-4.294702390290184,-0.019064021899366512,0.0
M2,54,2,batch1-29,6C(50%)-3C,917.0,831.8993412021098,9.280333565745934,-9.280333565745934,-0.04229855529893234,0.0
M2,54,1,batch1-34,7C(30%)-3.6C,742.0,811.9155280865514,9.422577909238731,9.422577909238731,0.03910694219587407,0.0
M2,54,1,batch1-35,7C(30%)-3.6C,703.0,772.74289612141,9.920753360086772,9.920753360086772,0.04107969623482921,0.0
M2,54,2,batch1-36,7C(40%)-3C,704.0,732.0699118220505,3.9872033838139873,3.9872033838139873,0.016979898512874403,0.0
M2,54,2,batch1-37,7C(40%)-3C,648.0,699.9994522218053,8.024606824352672,8.024606824352672,0.03352269429060595,0.0
M2,54,2,batch1-38,7C(40%)-3.6C,617.0,567.1085579215265,8.086133238002182,-8.086133238002182,-0.03661896300001599,0.0
M2,54,2,batch1-39,7C(40%)-3.6C,625.0,645.0006962465939,3.2001113994550177,3.2001113994550177,0.013680166091022627,0.0
M2,54,0,batch1-40,8C(15%)-3.6C,966.0,961.1934883333906,0.49756849550821614,-0.49756849550821614,-0.0021663064293400147,0.0
M2,54,0,batch1-41,8C(15%)-3.6C,1051.0,952.1372315790295,9.406543141862084,-9.406543141862084,-0.04290316825058316,0.0
M2,54,0,batch1-42,8C(25%)-3.6C,702.0,741.2021201144611,5.584347594652575,5.584347594652575,0.023599540763000082,0.0
M2,54,0,batch1-43,8C(25%)-3.6C,651.0,684.512299284957,5.147818630561743,5.147818630561743,0.021800267354847858,0.0
M2,55,1,batch1-05,4.4C(80%)-4.4C,1074.0,1039.5840211922284,3.204467300537391,-3.204467300537391,-0.014144685757122133,0.03198144045256601
M2,55,2,batch1-06,4.8C(80%)-4.8C,636.0,753.2875435095367,18.441437658732184,18.441437658732184,0.0735036702764047,0.0
M2,55,2,batch1-07,4.8C(80%)-4.8C,870.0,924.8722831151345,6.307158978751086,6.307158978751086,0.02656251193889414,0.0
M2,55,1,batch1-09,5.4C(40%)-3.6C,1054.0,883.8040724378985,16.147621210825566,-16.147621210825566,-0.076484612481174,0.0
M2,55,2,batch1-11,5.4C(50%)-3C,788.0,756.9294516578949,3.942962987576789,-3.942962987576789,-0.01747081379325577,0.0
M2,55,0,batch1-14,5.4C(60%)-3C,880.0,885.9511391533943,0.6762658128857104,0.6762658128857104,0.00292709874229935,0.0
M2,55,0,batch1-15,5.4C(60%)-3C,719.0,844.1243318228223,17.40254962765262,17.40254962765262,0.0696775285742608,0.0
M2,55,3,batch1-18,5.4C(70%)-3C,691.0,382.21974980879014,44.68599858049347,-44.68599858049347,-0.2571649234951474,0.0
M2,55,3,batch1-19,5.4C(70%)-3C,788.0,698.6830989883516,11.334632108077205,-11.334632108077205,-0.05224597960929778,0.0
M2,55,0,batch1-20,5.4C(80%)-5.4C,534.0,612.8215295111305,14.760586050773503,14.760586050773503,0.05979275740218659,0.2526694804336085
M2,55,0,batch1-21,5.4C(80%)-5.4C,559.0,632.4410480776202,13.137933466479456,13.137933466479456,0.05360824182262336,0.2695688860317844
M2,55,3,batch1-24,6C(40%)-3C,1017.0,859.4178499965032,15.494803343510014,-15.494803343510014,-0.07311658324151482,0.0
M2,55,3,batch1-25,6C(40%)-3C,854.0,929.3411157497602,8.822144701377074,8.822144701377074,0.036717280867761826,0.0
M2,55,4,batch1-26,6C(40%)-3.6C,870.0,829.7678611291362,4.624383778260203,-4.624383778260203,-0.020562643051881935,0.0
M2,55,4,batch1-27,6C(40%)-3.6C,842.0,820.2653955754239,2.581306938785761,-2.581306938785761,-0.01135770108441081,0.0
M2,55,1,batch1-28,6C(50%)-3C,860.0,826.2362763372003,3.926014379395319,-3.926014379395319,-0.017394192257312646,0.0
M2,55,1,batch1-29,6C(50%)-3C,917.0,836.3427667130121,8.795772441329104,-8.795772441329104,-0.03998503049998092,0.0
M2,55,4,batch1-34,7C(30%)-3.6C,742.0,795.3126214278425,7.184989410760442,7.184989410760442,0.03013396938166446,0.0
M2,55,4,batch1-35,7C(30%)-3.6C,703.0,748.6605024435047,6.495092808464395,6.495092808464395,0.027329596363434128,0.0
M2,55,3,batch1-36,7C(40%)-3C,704.0,752.8087136894158,6.93305592179201,6.93305592179201,0.029111978223593127,0.0
M2,55,3,batch1-37,7C(40%)-3C,648.0,708.0704982259831,9.27013861512085,9.27013861512085,0.03850149400322245,0.0
M2,55,0,batch1-38,7C(40%)-3.6C,617.0,637.4718040391812,3.3179585152643707,3.3179585152643707,0.014175816255491469,0.18685870663075166
M2,55,0,batch1-39,7C(40%)-3.6C,625.0,688.4772340898875,10.156357454381997,10.156357454381997,0.042009566649586993,0.11537318780629091
M2,55,4,batch1-40,8C(15%)-3.6C,966.0,964.5534777722077,0.14974350184185747,-0.14974350184185747,-0.0006508151639184057,0.0
M2,55,4,batch1-41,8C(15%)-3.6C,1051.0,958.6935694643273,8.782724123279989,-8.782724123279989,-0.03992290172207058,0.0
M2,55,2,batch1-42,8C(25%)-3.6C,702.0,750.9251001335101,6.969387483405999,6.969387483405999,0.02925950900097396,0.0
M2,55,2,batch1-43,8C(25%)-3.6C,651.0,654.5352019083788,0.5430417678001199,0.5430417678001199,0.0023520199709095024,0.0
M2,56,4,batch1-05,4.4C(80%)-4.4C,1074.0,984.9736937691026,8.289227768239979,-8.289227768239979,-0.0375796496511831,0.03198144045256601
M2,56,1,batch1-06,4.8C(80%)-4.8C,636.0,761.3058025124959,19.70217020636728,19.70217020636728,0.07810202425859103,0.0
M2,56,1,batch1-07,4.8C(80%)-4.8C,870.0,941.308486415308,8.19637774888598,8.19637774888598,0.03421272149140542,0.0
M2,56,3,batch1-09,5.4C(40%)-3.6C,1054.0,886.9074658011515,15.853181612793977,-15.853181612793977,-0.07496230016352223,0.0
M2,56,1,batch1-11,5.4C(50%)-3C,788.0,773.9029545741162,1.7889651555690147,-1.7889651555690147,-0.007839712795503662,0.0
M2,56,4,batch1-14,5.4C(60%)-3C,880.0,873.2690883098213,0.7648763284293962,-0.7648763284293962,-0.0033345847319576905,0.0
M2,56,4,batch1-15,5.4C(60%)-3C,719.0,801.7349255585232,11.506943749446895,11.506943749446895,0.04730191256957861,0.0
M2,56,4,batch1-18,5.4C(70%)-3C,691.0,538.8375406105107,22.020616409477466,-22.020616409477466,-0.10802020213460306,0.0
M2,56,4,batch1-19,5.4C(70%)-3C,788.0,713.0622062158789,9.509872307629587,-9.509872307629587,-0.04339879894504284,0.0
M2,56,2,batch1-20,5.4C(80%)-5.4C,534.0,589.7213609298376,10.434711784613784,10.434711784613784,0.04310560208033376,0.06581077380285683
M2,56,2,batch1-21,5.4C(80%)-5.4C,559.0,617.902655626118,10.537147696979957,10.537147696979957,0.04350825384586132,0.08271017940103276
M2,56,0,batch1-24,6C(40%)-3C,1017.0,876.3997930236688,13.824995769550751,-13.824995769550751,-0.06461868659990211,0.0
M2,56,0,batch1-25,6C(40%)-3C,854.0,935.3942564000427,9.530943372370333,9.530943372370333,0.039536828193908136,0.0
M2,56,2,batch1-26,6C(40%)-3.6C,870.0,820.2556579536639,5.717740465096104,-5.717740465096104,-0.025570017876802353,0.0
M2,56,2,batch1-27,6C(40%)-3.6C,842.0,809.1696140517375,3.8990957183209574,-3.8990957183209574,-0.017272525726922172,0.0
M2,56,3,batch1-28,6C(50%)-3C,860.0,836.3586728622962,2.7489915276399763,-2.7489915276399763,-0.012105886437110858,0.0
M2,56,3,batch1-29,6C(50%)-3C,917.0,835.1771729080333,8.922881907520905,-8.922881907520905,-0.04059072000172659,0.0
M2,56,3,batch1-34,7C(30%)-3.6C,742.0,797.9058410278743,7.534479922894113,7.534479922894113,0.0315477390356782,0.0
M2,56,3,batch1-35,7C(30%)-3.6C,703.0,769.5453548319111,9.465911071395611,9.465911071395611,0.03927889599336831,0.0
M2,56,0,batch1-36,7C(40%)-3C,704.0,757.2757360529667,7.567576143887322,7.567576143887322,0.0316813826328195,0.0
M2,56,0,batch1-37,7C(40%)-3C,648.0,714.9218805751441,10.327450706040754,10.327450706040754,0.0426835832190644,0.0
M2,56,1,batch1-38,7C(40%)-3.6C,617.0,563.8114473816821,8.620510959208733,-8.620510959208733,-0.039151274682428294,0.0
M2,56,1,batch1-39,7C(40%)-3.6C,625.0,657.9935839381933,5.278973430110927,5.278973430110927,0.022341641507230392,0.0
M2,56,2,batch1-40,8C(15%)-3.6C,966.0,927.7701304908458,3.9575434274486794,-3.9575434274486794,-0.01753674009502859,0.0
M2,56,2,batch1-41,8C(15%)-3.6C,1051.0,920.1807979813001,12.447117223472874,-12.447117223472874,-0.057729549713867456,0.0
M2,56,0,batch1-42,8C(25%)-3.6C,702.0,756.7289729394894,7.796149991380254,7.796149991380254,0.03260325002180142,0.0
M2,56,0,batch1-43,8C(25%)-3.6C,651.0,676.4651618873013,3.9116992146392153,3.9116992146392153,0.016664446674839795,0.0
M2,57,1,batch1-05,4.4C(80%)-4.4C,1074.0,982.6707241314355,8.503656971002286,-8.503656971002286,-0.038596263682900034,0.11949435672945175
M2,57,2,batch1-06,4.8C(80%)-4.8C,636.0,759.4462921981551,19.409794370779103,19.409794370779103,0.07703995046780365,0.0
M2,57,2,batch1-07,4.8C(80%)-4.8C,870.0,853.1899033838396,1.9321950133517725,-1.9321950133517725,-0.008473545234839452,0.0
M2,57,3,batch1-09,5.4C(40%)-3.6C,1054.0,905.3280169131733,14.10550124163441,-14.10550124163441,-0.0660346503176803,0.0
M2,57,1,batch1-11,5.4C(50%)-3C,788.0,777.9163931952606,1.2796455335963657,-1.2796455335963657,-0.005593293925433063,0.08751291627688573
M2,57,0,batch1-14,5.4C(60%)-3C,880.0,890.8494411437888,1.2328910390669083,1.2328910390669083,0.0053216397368420765,0.0
M2,57,0,batch1-15,5.4C(60%)-3C,719.0,818.3802068638126,13.822003736274361,13.822003736274361,0.05622622671201327,0.0
M2,57,4,batch1-18,5.4C(70%)-3C,691.0,292.31555852546774,57.69673537981653,-57.69673537981653,-0.3736261160334111,0.0
M2,57,4,batch1-19,5.4C(70%)-3C,788.0,710.0876932530452,9.887348571948573,-9.887348571948573,-0.045214231666057536,0.0
M2,57,4,batch1-20,5.4C(80%)-5.4C,534.0,495.92696889880756,7.129781105092217,-7.129781105092217,-0.03212353081959307,0.06581077380285683
M2,57,4,batch1-21,5.4C(80%)-5.4C,559.0,562.4008717064395,0.6083849206510714,0.6083849206510714,0.002634177270798066,0.08271017940103276
M2,57,3,batch1-24,6C(40%)-3C,1017.0,853.303336327225,16.0960337927999,-16.0960337927999,-0.0762175092405677,0.0
M2,57,3,batch1-25,6C(40%)-3C,854.0,910.2298839762246,6.584295547567288,6.584295547567288,0.02769321914201539,0.0
M2,57,2,batch1-26,6C(40%)-3.6C,870.0,818.57948992235,5.910403457201145,-5.910403457201145,-0.026458393722923468,0.0
M2,57,2,batch1-27,6C(40%)-3.6C,842.0,809.7002018372748,3.8360805418913553,-3.8360805418913553,-0.01698784396509856,0.0
M2,57,2,batch1-28,6C(50%)-3C,860.0,803.3777799136507,6.583979079808061,-6.583979079808061,-0.029578635541144038,0.0
M2,57,2,batch1-29,6C(50%)-3C,917.0,806.8076903930612,12.016609553646544,-12.016609553646544,-0.055599306467230214,0.0
M2,57,0,batch1-34,7C(30%)-3.6C,742.0,811.3490283299741,9.346230233150147,9.346230233150147,0.03880381510879927,0.0
M2,57,0,batch1-35,7C(30%)-3.6C,703.0,767.9359987336256,9.236984172635227,9.236984172635227,0.038369701580633464,0.0
M2,57,0,batch1-36,7C(40%)-3C,704.0,744.0543464996053,5.689537855057577,5.689537855057577,0.024031998880778893,0.0
M2,57,0,batch1-37,7C(40%)-3C,648.0,720.6062890805608,11.204674240827288,11.204674240827288,0.046123042231061895,0.0
M2,57,3,batch1-38,7C(40%)-3.6C,617.0,562.859661326942,8.774771259814903,-8.774771259814903,-0.039885039002221845,0.0
M2,57,3,batch1-39,7C(40%)-3.6C,625.0,619.182263237,0.9308378820799953,-0.9308378820799953,-0.004061510057844497,0.0
M2,57,1,batch1-40,8C(15%)-3.6C,966.0,994.9457097448576,2.996450284146749,2.996450284146749,0.01282225724330166,0.0
M2,57,1,batch1-41,8C(15%)-3.6C,1051.0,981.3543201367537,6.6266108338007905,-6.6266108338007905,-0.02977687735609269,0.01213032919585011
M2,57,4,batch1-42,8C(25%)-3.6C,702.0,741.9304972324949,5.688105018873913,5.688105018873913,0.02402611109776087,0.0
M2,57,4,batch1-43,8C(25%)-3.6C,651.0,690.1163599749896,6.008657446234956,6.008657446234956,0.025341334393008452,0.0
M2,58,4,batch1-05,4.4C(80%)-4.4C,1074.0,967.0362383311837,9.959381905848822,-9.959381905848822,-0.04556153239699734,0.10736402753360164
M2,58,2,batch1-06,4.8C(80%)-4.8C,636.0,776.5514865344769,22.099290335609574,22.099290335609574,0.08671313974976025,0.0
M2,58,2,batch1-07,4.8C(80%)-4.8C,870.0,891.0449337234705,2.4189578992494867,2.4189578992494867,0.010380352626008449,0.0
M2,58,1,batch1-09,5.4C(40%)-3.6C,1054.0,883.621914136927,16.16490378207524,-16.16490378207524,-0.0765741328863574,0.0
M2,58,4,batch1-11,5.4C(50%)-3C,788.0,837.8142568064575,6.321606193712878,6.321606193712878,0.026621528843228326,0.07538258708103562
M2,58,2,batch1-14,5.4C(60%)-3C,880.0,914.6635124846003,3.939035509613676,3.939035509613676,0.016778682519589694,0.0
M2,58,2,batch1-15,5.4C(60%)-3C,719.0,831.1374542113967,15.596307957078823,15.596307957078823,0.06294396332781949,0.0
M2,58,3,batch1-18,5.4C(70%)-3C,691.0,519.2789557215305,24.85109179138488,-24.85109179138488,-0.12407732462355625,0.0
M2,58,3,batch1-19,5.4C(70%)-3C,788.0,711.2548681473064,9.739229930544873,-9.739229930544873,-0.04450096557004546,0.0
M2,58,0,batch1-20,5.4C(80%)-5.4C,534.0,594.3602172756921,11.303411474848707,11.303411474848707,0.04650847576324635,0.2526694804336085
M2,58,0,batch1-21,5.4C(80%)-5.4C,559.0,626.5918171889246,12.091559425567898,12.091559425567898,0.04957291114170648,0.2695688860317844
M2,58,0,batch1-24,6C(40%)-3C,1017.0,835.3614787142404,17.86022824835394,-17.86022824835394,-0.08544650828950484,0.0
M2,58,0,batch1-25,6C(40%)-3C,854.0,900.7604138521285,5.475458296502169,5.475458296502169,0.02315142109074797,0.0
M2,58,4,batch1-26,6C(40%)-3.6C,870.0,820.2974112859237,5.712941231503028,-5.712941231503028,-0.02554791162233805,0.0
M2,58,4,batch1-27,6C(40%)-3.6C,842.0,808.264705533113,4.006567038822686,-4.006567038822686,-0.017758476609144758,0.0
M2,58,3,batch1-28,6C(50%)-3C,860.0,807.7249291130532,6.078496614761251,-6.078496614761251,-0.027234964364265313,0.0
M2,58,3,batch1-29,6C(50%)-3C,917.0,810.3668619834756,11.628477428192411,-11.628477428192411,-0.05368766238982303,0.0
M2,58,1,batch1-34,7C(30%)-3.6C,742.0,800.3913614789625,7.86945572492756,7.86945572492756,0.03289848742594659,0.0
M2,58,1,batch1-35,7C(30%)-3.6C,703.0,778.4218389857863,10.728568845773296,10.728568845773296,0.04425968674454328,0.0
M2,58,2,batch1-36,7C(40%)-3C,704.0,739.9220997769818,5.102570991048549,5.102570991048549,0.02161333975391999,0.0
M2,58,2,batch1-37,7C(40%)-3C,648.0,713.0762382496874,10.042629359519665,10.042629359519665,0.041560958877658205,0.0
M2,58,0,batch1-38,7C(40%)-3.6C,617.0,587.087484606443,4.848057600252348,-4.848057600252348,-0.021582341744992295,0.18685870663075166
M2,58,0,batch1-39,7C(40%)-3.6C,625.0,652.5451755623385,4.40722808997416,4.40722808997416,0.018730565820722855,0.11537318780629091
M2,58,1,batch1-40,8C(15%)-3.6C,966.0,1005.5350191141349,4.092652082208583,4.092652082208583,0.0174200736721124,0.0
M2,58,1,batch1-41,8C(15%)-3.6C,1051.0,1020.8614480577454,2.867607225714043,-2.867607225714043,-0.012635912655442727,0.0
M2,58,3,batch1-42,8C(25%)-3.6C,702.0,732.2022951893714,4.302321252047208,4.302321252047208,0.018293973773965355,0.0
M2,58,3,batch1-43,8C(25%)-3.6C,651.0,676.1881323013906,3.8691447467573923,3.8691447467573923,0.01648655567692625,0.0
M2,59,2,batch1-05,4.4C(80%)-4.4C,1074.0,982.6707241314355,8.503656971002286,-8.503656971002286,-0.038596263682900034,0.11949435672945175
M2,59,4,batch1-06,4.8C(80%)-4.8C,636.0,767.2099055099108,20.630488287721814,20.630488287721814,0.08145708576200805,0.0
M2,59,4,batch1-07,4.8C(80%)-4.8C,870.0,887.0993664809812,1.9654444231012862,1.9654444231012862,0.008453016477333541,0.0
M2,59,0,batch1-09,5.4C(40%)-3.6C,1054.0,831.3817241122978,21.121278547220328,-21.121278547220328,-0.10304013750019703,0.0
M2,59,2,batch1-11,5.4C(50%)-3C,788.0,777.9163931952606,1.2796455335963657,-1.2796455335963657,-0.005593293925433063,0.08751291627688573
M2,59,1,batch1-14,5.4C(60%)-3C,880.0,878.0886033113411,0.21720416916578372,-0.21720416916578372,-0.0009443316566803972,0.0
M2,59,1,batch1-15,5.4C(60%)-3C,719.0,832.4622036648929,15.7805568379545,15.7805568379545,0.06363563394273353,0.0
M2,59,3,batch1-18,5.4C(70%)-3C,691.0,526.7154549432769,23.77489798215964,-23.77489798215964,-0.11790198571291999,0.0
M2,59,3,batch1-19,5.4C(70%)-3C,788.0,687.1187716591319,12.802186337673618,-12.802186337673618,-0.059494404130401524,0.0
M2,59,1,batch1-20,5.4C(80%)-5.4C,534.0,596.1515720748774,11.638871175070681,11.638871175070681,0.047815436514942355,0.06581077380285683
M2,59,1,batch1-21,5.4C(80%)-5.4C,559.0,618.1540658586692,10.58212269385854,10.58212269385854,0.043684922240278645,0.08271017940103276
M2,59,1,batch1-24,6C(40%)-3C,1017.0,840.7551587745893,17.329876226687386,-17.329876226687386,-0.08265141214812743,0.0
M2,59,1,batch1-25,6C(40%)-3C,854.0,892.2551777563585,4.479529011283201,4.479529011283201,0.019031206156670866,0.0
M2,59,4,batch1-26,6C(40%)-3.6C,870.0,848.9541504789665,2.4190631633371793,-2.4190631633371793,-0.010635016711147305,0.0
M2,59,4,batch1-27,6C(40%)-3.6C,842.0,827.2701316079402,1.7493905453752683,-1.7493905453752683,-0.00766474698857067,0.0
M2,59,3,batch1-28,6C(50%)-3C,860.0,815.1130803542515,5.219409261133552,-5.219409261133552,-0.023280588801521507,0.0
M2,59,3,batch1-29,6C(50%)-3C,917.0,819.583439641718,10.623398076148531,-10.623398076148531,-0.04877616112983452,0.0
M2,59,0,batch1-34,7C(30%)-3.6C,742.0,809.6830409891118,9.121703637346599,9.121703637346599,0.03791113768743282,0.0
M2,59,0,batch1-35,7C(30%)-3.6C,703.0,814.3819710977723,15.843808122015973,15.843808122015973,0.06387282560716612,0.0
M2,59,4,batch1-36,7C(40%)-3C,704.0,741.9328585833754,5.388190139684002,5.388190139684002,0.022791946317386902,0.0
M2,59,4,batch1-37,7C(40%)-3C,648.0,719.4243460023853,11.022275617652049,11.022275617652049,0.04541012479786577,0.0
M2,59,3,batch1-38,7C(40%)-3.6C,617.0,536.6577532773844,13.0214338286249,-13.0214338286249,-0.06058775589110521,0.0
M2,59,3,batch1-39,7C(40%)-3.6C,625.0,613.3386269592856,1.8658196865142962,-1.8658196865142962,-0.00817970071297447,0.0
M2,59,2,batch1-40,8C(15%)-3.6C,966.0,994.9457097448576,2.996450284146749,2.996450284146749,0.01282225724330166,0.0
M2,59,2,batch1-41,8C(15%)-3.6C,1051.0,981.3543201367537,6.6266108338007905,-6.6266108338007905,-0.02977687735609269,0.01213032919585011
M2,59,0,batch1-42,8C(25%)-3.6C,702.0,763.4259209483796,8.750131189227863,8.750131189227863,0.03642978953217746,0.0
M2,59,0,batch1-43,8C(25%)-3.6C,651.0,763.7241409481653,17.315536243957805,17.315536243957805,0.06935553008844986,0.0
M2,60,1,batch1-05,4.4C(80%)-4.4C,1074.0,995.1074083257312,7.345678926840674,-7.345678926840674,-0.03313432189857668,0.03198144045256601
M2,60,4,batch1-06,4.8C(80%)-4.8C,636.0,774.8024017347717,21.824277002322596,21.824277002322596,0.08573384262806272,0.0
M2,60,4,batch1-07,4.8C(80%)-4.8C,870.0,892.304034933362,2.563682176248506,2.563682176248506,0.0109936042195935,0.0
M2,60,2,batch1-09,5.4C(40%)-3.6C,1054.0,854.8560171147188,18.894116023271458,-18.894116023271458,-0.0909476379475338,0.0
M2,60,3,batch1-11,5.4C(50%)-3C,788.0,755.4217188588868,4.134299637197103,-4.134299637197103,-0.01833675057367401,0.0
M2,60,1,batch1-14,5.4C(60%)-3C,880.0,883.405277976988,0.38696340647591265,0.38696340647591265,0.001677317507809306,0.0
M2,60,1,batch1-15,5.4C(60%)-3C,719.0,826.5859353380878,14.963273343266728,14.963273343266728,0.06055912094627569,0.0
M2,60,0,batch1-18,5.4C(70%)-3C,691.0,490.5476087759263,29.009029120705314,-29.009029120705314,-0.14879688433243166,0.0
M2,60,0,batch1-19,5.4C(70%)-3C,788.0,697.4502689061692,11.491082626120662,-11.491082626120662,-0.053012971435852485,0.0
M2,60,4,batch1-20,5.4C(80%)-5.4C,534.0,590.5025098102345,10.580994346485866,10.580994346485866,0.043680490804836936,0.06581077380285683
M2,60,4,batch1-21,5.4C(80%)-5.4C,559.0,627.3025290709332,12.218699297125804,12.218699297125804,0.05006523058242163,0.08271017940103276
M2,60,3,batch1-24,6C(40%)-3C,1017.0,805.8031586515518,20.766651066710732,-20.766651066710732,-0.10109198748486747,0.0
M2,60,3,batch1-25,6C(40%)-3C,854.0,913.1803363784212,6.929781777332694,6.929781777332694,0.02909868051477149,0.0
M2,60,1,batch1-26,6C(40%)-3.6C,870.0,823.6782760405212,5.324336087296419,-5.324336087296419,-0.023761640708190868,0.0
M2,60,1,batch1-27,6C(40%)-3.6C,842.0,815.374135338002,3.1622167057004726,-3.1622167057004726,-0.013955160515643605,0.0
M2,60,2,batch1-28,6C(50%)-3C,860.0,836.7838909944865,2.699547558780645,-2.699547558780645,-0.011885140283877327,0.0
M2,60,2,batch1-29,6C(50%)-3C,917.0,851.4893862843915,7.144014581854803,-7.144014581854803,-0.032190096767583665,0.0
M2,60,3,batch1-34,7C(30%)-3.6C,742.0,801.8904054635036,8.071483216105609,8.071483216105609,0.03371111193930432,0.0
M2,60,3,batch1-35,7C(30%)-3.6C,703.0,741.9838436115258,5.54535471003212,5.54535471003212,0.023439123781098914,0.0
M2,60,0,batch1-36,7C(40%)-3C,704.0,754.3429740254328,7.150990628612614,7.150990628612614,0.0299961905206505,0.0
M2,60,0,batch1-37,7C(40%)-3C,648.0,712.5086249228817,9.955034710321254,9.955034710321254,0.041215119980120285,0.0
M2,60,0,batch1-38,7C(40%)-3.6C,617.0,568.4360956473763,7.870973152775315,-7.870973152775315,-0.03560351623673119,0.0
M2,60,0,batch1-39,7C(40%)-3.6C,625.0,639.3723668184978,2.2995786909596427,2.2995786909596427,0.009873845124005687,0.0
M2,60,4,batch1-40,8C(15%)-3.6C,966.0,960.9301195901351,0.5248323405657284,-0.5248323405657284,-0.0022853202036321463,0.0
M2,60,4,batch1-41,8C(15%)-3.6C,1051.0,947.7583066650675,9.823186806368458,-9.823186806368458,-0.04490511652196982,0.0
M2,60,2,batch1-42,8C(25%)-3.6C,702.0,743.2199258994181,5.871784316156418,5.871784316156418,0.02478023254813655,0.0
M2,60,2,batch1-43,8C(25%)-3.6C,651.0,723.7627573983681,11.177074869180965,11.177074869180965,0.04601524332292728,0.0
M2,61,3,batch1-05,4.4C(80%)-4.4C,1074.0,974.0176117954198,9.309347132642474,-9.309347132642474,-0.04243747167545875,0.03198144045256601
M2,61,3,batch1-06,4.8C(80%)-4.8C,636.0,759.5240868457412,19.422026233607102,19.422026233607102,0.07708443558306843,0.0
M2,61,3,batch1-07,4.8C(80%)-4.8C,870.0,876.2322108028948,0.7163460692982493,0.7163460692982493,0.0030999614333420134,0.0
M2,61,4,batch1-09,5.4C(40%)-3.6C,1054.0,884.1055798166632,16.11901519766004,-16.11901519766004,-0.0763364793546275,0.0
M2,61,4,batch1-11,5.4C(50%)-3C,788.0,748.8981774465824,4.962160222514925,-4.962160222514925,-0.02210344382100704,0.0
M2,61,1,batch1-14,5.4C(60%)-3C,880.0,881.2710418545396,0.14443657437949883,0.14443657437949883,0.0006268274971930055,0.0
M2,61,1,batch1-15,5.4C(60%)-3C,719.0,847.5442520952255,17.878199178751807,17.878199178751807,0.07143349252650566,0.0
M2,61,2,batch1-18,5.4C(70%)-3C,691.0,461.4122192711371,33.225438600414314,-33.225438600414314,-0.17538895590659376,0.0
M2,61,2,batch1-19,5.4C(70%)-3C,788.0,704.6609751431765,10.576018382845618,-10.576018382845618,-0.048545997005872366,0.0
M2,61,1,batch1-20,5.4C(80%)-5.4C,534.0,634.1319368642081,18.75129903824122,18.75129903824122,0.07463836913525546,0.06581077380285683
M2,61,1,batch1-21,5.4C(80%)-5.4C,559.0,648.9011294198718,16.08249184613092,16.08249184613092,0.06476672216752455,0.08271017940103276
M2,61,2,batch1-24,6C(40%)-3C,1017.0,836.0736320622336,17.790203337046844,-17.790203337046844,-0.08507642597398579,0.0
M2,61,2,batch1-25,6C(40%)-3C,854.0,903.0248770886217,5.740617926068112,5.740617926068112,0.024241844002679702,0.0
M2,61,2,batch1-26,6C(40%)-3.6C,870.0,838.0139335664026,3.676559360183614,-3.676559360183614,-0.016268012961260236,0.0
M2,61,2,batch1-27,6C(40%)-3.6C,842.0,815.4643677062335,3.151500272418827,-3.151500272418827,-0.013907102514095548,0.0
M2,61,0,batch1-28,6C(50%)-3C,860.0,832.8853587420816,3.152865262548649,-3.152865262548649,-0.013913223536728747,0.0
M2,61,0,batch1-29,6C(50%)-3C,917.0,834.248532480586,9.024151310732165,-9.024151310732165,-0.04107388430620418,0.0
M2,61,0,batch1-34,7C(30%)-3.6C,742.0,799.6455808821722,7.768946210535341,7.768946210535341,0.032493636246856195,0.0
M2,61,0,batch1-35,7C(30%)-3.6C,703.0,748.6509998227916,6.493741084323132,6.493741084323132,0.027324083902288798,0.0
M2,61,3,batch1-36,7C(40%)-3C,704.0,751.5856331513589,6.75932289081803,6.75932289081803,0.028405810659551278,0.0
M2,61,3,batch1-37,7C(40%)-3C,648.0,728.9298618279039,12.48917620800986,12.48917620800986,0.051110736320444605,0.0
M2,61,0,batch1-38,7C(40%)-3.6C,617.0,562.1624028716371,8.887779113186848,-8.887779113186848,-0.04042336717907835,0.0
M2,61,0,batch1-39,7C(40%)-3.6C,625.0,637.1370698176734,1.9419311708277383,1.9419311708277383,0.008352856532363173,0.0
M2,61,4,batch1-40,8C(15%)-3.6C,966.0,994.7745625115417,2.978733179248625,2.978733179248625,0.012747544932991683,0.0
M2,61,4,batch1-41,8C(15%)-3.6C,1051.0,998.9327829190229,4.954064422547775,-4.954064422547775,-0.022066450013956462,0.0
M2,61,1,batch1-42,8C(25%)-3.6C,702.0,753.8117494557412,7.38059109056142,7.38059109056142,0.03092579026479214,0.0
M2,61,1,batch1-43,8C(25%)-3.6C,651.0,724.4390611663492,11.28096177670495,11.28096177670495,0.04642087051122523,0.0
M2_discharge,42,0,batch1-05,4.4C(80%)-4.4C,1074.0,1011.2186059242779,5.8455674185961,-5.8455674185961,-0.026159229547155327,0.03198144045256601
M2_discharge,42,2,batch1-06,4.8C(80%)-4.8C,636.0,719.5033001926694,13.129449715828517,13.129449715828517,0.05357567463557711,0.0
M2_discharge,42,2,batch1-07,4.8C(80%)-4.8C,870.0,844.9156626257761,2.8832571694510203,-2.8832571694510203,-0.012705891697569527,0.0
M2_discharge,42,2,batch1-09,5.4C(40%)-3.6C,1054.0,886.1739923705413,15.922771122339533,-15.922771122339533,-0.0753216107639898,0.0
M2_discharge,42,4,batch1-11,5.4C(50%)-3C,788.0,785.1221065725072,0.36521490196609596,-0.36521490196609596,-0.001589011589330891,0.0
M2_discharge,42,3,batch1-14,5.4C(60%)-3C,880.0,907.6521614365912,3.142291072339909,3.142291072339909,0.013436774045913591,0.0
M2_discharge,42,3,batch1-15,5.4C(60%)-3C,719.0,787.065906524561,9.466746387282477,9.466746387282477,0.039282210008595886,0.0
M2_discharge,42,1,batch1-18,5.4C(70%)-3C,691.0,622.6893124551943,9.885772437743222,-9.885772437743222,-0.04520663561388183,0.0
M2_discharge,42,1,batch1-19,5.4C(70%)-3C,788.0,715.2703872753478,9.229646284854335,-9.229646284854335,-0.04205597218666979,0.0
M2_discharge,42,4,batch1-20,5.4C(80%)-5.4C,534.0,545.6485046213687,2.181367906623355,2.181367906623355,0.009371712305158653,0.06581077380285683
M2_discharge,42,4,batch1-21,5.4C(80%)-5.4C,559.0,590.8959491376119,5.705894300109457,5.705894300109457,0.024099204815848818,0.08271017940103276
M2_discharge,42,1,batch1-24,6C(40%)-3C,1017.0,835.4763107041144,17.84893700057872,-17.84893700057872,-0.08538681260876002,0.0
M2_discharge,42,1,batch1-25,6C(40%)-3C,854.0,898.7959020462365,5.245421785273596,5.245421785273596,0.022203212948202378,0.0
M2_discharge,42,3,batch1-26,6C(40%)-3.6C,870.0,870.633257357471,0.07278820200816694,0.07278820200816694,0.0003160001533295542,0.0
M2_discharge,42,3,batch1-27,6C(40%)-3.6C,842.0,841.6050548528834,0.046905599420020545,-0.046905599420020545,-0.00020375622025969875,0.0
M2_discharge,42,0,batch1-28,6C(50%)-3C,860.0,815.2877081214597,5.199103706807015,-5.199103706807015,-0.023187556613961657,0.0
M2_discharge,42,0,batch1-29,6C(50%)-3C,917.0,822.1066465158614,10.348239202196142,-10.348239202196142,-0.04744117629409761,0.0
M2_discharge,42,3,batch1-34,7C(30%)-3.6C,742.0,805.0008138968306,8.490675727335653,8.490675727335653,0.03539241418290828,0.0
M2_discharge,42,3,batch1-35,7C(30%)-3.6C,703.0,776.929609413369,10.516302903750924,10.516302903750924,0.04342634805630663,0.0
M2_discharge,42,4,batch1-36,7C(40%)-3C,704.0,737.4403724160752,4.750052900010682,4.750052900010682,0.0201542509622179,0.0
M2_discharge,42,4,batch1-37,7C(40%)-3C,648.0,703.0768483401766,8.499513632743309,8.499513632743309,0.03542779139109964,0.0
M2_discharge,42,0,batch1-38,7C(40%)-3.6C,617.0,576.5784896820522,6.551298268711145,-6.551298268711145,-0.029426727830936805,0.0
M2_discharge,42,0,batch1-39,7C(40%)-3.6C,625.0,650.1101171381454,4.017618742103259,4.017618742103259,0.017106907321893683,0.0
M2_discharge,42,1,batch1-40,8C(15%)-3.6C,966.0,972.531138608802,0.6761013052590117,0.6761013052590117,0.002926389093284243,0.0
M2_discharge,42,1,batch1-41,8C(15%)-3.6C,1051.0,962.7438619197461,8.397349008587431,-8.397349008587431,-0.038091957617276684,0.0
M2_discharge,42,2,batch1-42,8C(25%)-3.6C,702.0,756.6167872828161,7.780169128606277,7.780169128606277,0.03253886075530099,0.0
M2_discharge,42,2,batch1-43,8C(25%)-3.6C,651.0,714.064447927543,9.687319190098776,9.687319190098776,0.04015642225024063,0.0
M2_discharge,43,4,batch1-05,4.4C(80%)-4.4C,1074.0,1034.1697540849343,3.7085890051271586,-3.7085890051271586,-0.016412449364439308,0.03198144045256601
M2_discharge,43,4,batch1-06,4.8C(80%)-4.8C,636.0,770.0109303491894,21.070900998300218,21.070900998300218,0.08303977440282928,0.0
M2_discharge,43,4,batch1-07,4.8C(80%)-4.8C,870.0,890.2856932951561,2.331688884500699,2.331688884500699,0.010010141792129001,0.0
M2_discharge,43,1,batch1-09,5.4C(40%)-3.6C,1054.0,829.3591701352224,21.313171713925772,-21.313171713925772,-0.1040979599081453,0.0
M2_discharge,43,2,batch1-11,5.4C(50%)-3C,788.0,735.4940406018654,6.663192817022153,-6.663192817022153,-0.029947059316843383,0.0
M2_discharge,43,4,batch1-14,5.4C(60%)-3C,880.0,911.9893253123358,3.6351506036745267,3.6351506036745267,0.01550708286127378,0.0
M2_discharge,43,4,batch1-15,5.4C(60%)-3C,719.0,820.1225707422716,14.06433529099744,14.06433529099744,0.057149873975170795,0.0
M2_discharge,43,3,batch1-18,5.4C(70%)-3C,691.0,631.1334664655287,8.663753044062412,-8.663753044062412,-0.03935683770179432,0.0
M2_discharge,43,3,batch1-19,5.4C(70%)-3C,788.0,715.4396840570846,9.20816192168977,-9.20816192168977,-0.04195319153260346,0.0
M2_discharge,43,1,batch1-20,5.4C(80%)-5.4C,534.0,405.6337912597131,24.03861586896758,-24.03861586896758,-0.11940713036217998,0.06581077380285683
M2_discharge,43,1,batch1-21,5.4C(80%)-5.4C,559.0,511.62266226296504,8.475373477108223,-8.475373477108223,-0.038462034633026665,0.08271017940103276
M2_discharge,43,2,batch1-24,6C(40%)-3C,1017.0,844.1831347441475,16.992808776386674,-16.992808776386674,-0.08088428143782744,0.0
M2_discharge,43,2,batch1-25,6C(40%)-3C,854.0,905.4020148183918,6.018971290209809,6.018971290209809,0.02538358591990386,0.0
M2_discharge,43,0,batch1-26,6C(40%)-3.6C,870.0,836.2260533039299,3.882062838628745,-3.882062838628745,-0.017195558395051158,0.0
M2_discharge,43,0,batch1-27,6C(40%)-3.6C,842.0,822.8417652043529,2.2753247975827917,-2.2753247975827917,-0.009995764313800226,0.0
M2_discharge,43,0,batch1-28,6C(50%)-3C,860.0,817.2963187139458,4.965544335587701,-4.965544335587701,-0.022118908480182053,0.0
M2_discharge,43,0,batch1-29,6C(50%)-3C,917.0,821.0541242356537,10.463018076809846,-10.463018076809846,-0.047997548730718265,0.0
M2_discharge,43,3,batch1-34,7C(30%)-3.6C,742.0,800.9978897821258,7.9511980838444405,7.9511980838444405,0.033227466663905414,0.0
M2_discharge,43,3,batch1-35,7C(30%)-3.6C,703.0,755.3226691539215,7.442769438680162,7.442769438680162,0.031177194154661247,0.0
M2_discharge,43,2,batch1-36,7C(40%)-3C,704.0,747.5779189953372,6.190045311837671,6.190045311837671,0.026083806116712793,0.0
M2_discharge,43,2,batch1-37,7C(40%)-3C,648.0,685.9776201289216,5.8607438470557955,5.8607438470557955,0.02473494130399967,0.0
M2_discharge,43,0,batch1-38,7C(40%)-3.6C,617.0,570.8750302699764,7.4756839108628235,-7.4756839108628235,-0.03374411639023034,0.0
M2_discharge,43,0,batch1-39,7C(40%)-3.6C,625.0,643.1895611250543,2.9103297800086874,2.9103297800086874,0.012458969915947193,0.0
M2_discharge,43,3,batch1-40,8C(15%)-3.6C,966.0,1002.6541696788763,3.7944275029892665,3.7944275029892665,0.01617403781238025,0.0
M2_discharge,43,3,batch1-41,8C(15%)-3.6C,1051.0,1003.3672731675902,4.532133856556598,-4.532133856556598,-0.02014278448950657,0.0
M2_discharge,43,1,batch1-42,8C(25%)-3.6C,702.0,766.9027256182469,9.245402509721782,9.245402509721782,0.038403169151185246,0.0
M2_discharge,43,1,batch1-43,8C(25%)-3.6C,651.0,768.5146000486093,18.05139785692923,18.05139785692923,0.07207113396414488,0.0
M2_discharge,44,3,batch1-05,4.4C(80%)-4.4C,1074.0,1031.0851606576591,3.995795097052224,-3.995795097052224,-0.017709744812990813,0.03198144045256601
M2_discharge,44,4,batch1-06,4.8C(80%)-4.8C,636.0,778.931330530669,22.473479643186952,22.473479643186952,0.08804205693283684,0.0
M2_discharge,44,4,batch1-07,4.8C(80%)-4.8C,870.0,879.7976793340191,1.126170038393001,1.126170038393001,0.0048635594735109144,0.0
M2_discharge,44,2,batch1-09,5.4C(40%)-3.6C,1054.0,835.4597211060557,20.73437181156967,-20.73437181156967,-0.10091509419714928,0.0
M2_discharge,44,4,batch1-11,5.4C(50%)-3C,788.0,885.3312163865772,12.351677206418431,12.351677206418431,0.05057956003112141,0.0
M2_discharge,44,4,batch1-14,5.4C(60%)-3C,880.0,935.0081943549484,6.25093117669868,6.25093117669868,0.02633274486945325,0.0
M2_discharge,44,4,batch1-15,5.4C(60%)-3C,719.0,858.8772193877305,19.454411597737206,19.454411597737206,0.07720219340924839,0.0
M2_discharge,44,0,batch1-18,5.4C(70%)-3C,691.0,627.2169875348119,9.230537259795673,-9.230537259795673,-0.04206023511375756,0.0
M2_discharge,44,0,batch1-19,5.4C(70%)-3C,788.0,708.3843879147105,10.103504071737248,-10.103504071737248,-0.046257236283215875,0.0
M2_discharge,44,0,batch1-20,5.4C(80%)-5.4C,534.0,549.0914766208837,2.8261192173939453,2.8261192173939453,0.01210344531267804,0.06581077380285683
M2_discharge,44,0,batch1-21,5.4C(80%)-5.4C,559.0,574.8937247684058,2.8432423557076625,2.8432423557076625,0.012175760259764079,0.08271017940103276
M2_discharge,44,0,batch1-24,6C(40%)-3C,1017.0,839.341550660015,17.468874074728127,-17.468874074728127,-0.08338223001730949,0.0
M2_discharge,44,0,batch1-25,6C(40%)-3C,854.0,904.8661923387345,5.956228611093039,5.956228611093039,0.02512649169257264,0.0
M2_discharge,44,1,batch1-26,6C(40%)-3.6C,870.0,844.6084073406562,2.9185738688900935,-2.9185738688900935,-0.01286385248511479,0.0
M2_discharge,44,1,batch1-27,6C(40%)-3.6C,842.0,826.0956478397858,1.888877928766534,-1.888877928766534,-0.008281757346146446,0.0
M2_discharge,44,1,batch1-28,6C(50%)-3C,860.0,821.0133236192943,4.533334462872758,-4.533334462872758,-0.020148246222316146,0.0
M2_discharge,44,1,batch1-29,6C(50%)-3C,917.0,828.7407069532516,9.624786591793724,-9.624786591793724,-0.04395066417158189,0.0
M2_discharge,44,2,batch1-34,7C(30%)-3.6C,742.0,809.4607547642943,9.091745925107046,9.091745925107046,0.037791892340971245,0.0
M2_discharge,44,2,batch1-35,7C(30%)-3.6C,703.0,811.2686047176398,15.400939504642938,15.400939504642938,0.06220934452180327,0.0
M2_discharge,44,1,batch1-36,7C(40%)-3C,704.0,726.957319889389,3.2609829388336724,3.2609829388336724,0.013936254769694845,0.0
M2_discharge,44,1,batch1-37,7C(40%)-3C,648.0,697.2774977940404,7.6045521287099405,7.6045521287099405,0.03183064421663495,0.0
M2_discharge,44,3,batch1-38,7C(40%)-3.6C,617.0,577.4460101957762,6.410695268107578,-6.410695268107578,-0.02877377905375278,0.0
M2_discharge,44,3,batch1-39,7C(40%)-3.6C,625.0,651.0365895388422,4.165854326214758,4.165854326214758,0.017725380115458655,0.0
M2_discharge,44,3,batch1-40,8C(15%)-3.6C,966.0,999.5498192306238,3.4730661729424255,3.4730661729424255,0.014827318539643919,0.0
M2_discharge,44,3,batch1-41,8C(15%)-3.6C,1051.0,992.6352825569196,5.553255703432958,-5.553255703432958,-0.024813008185826213,0.0
M2_discharge,44,2,batch1-42,8C(25%)-3.6C,702.0,761.6472086055176,8.49675336260934,8.49675336260934,0.03541674262879235,0.0
M2_discharge,44,2,batch1-43,8C(25%)-3.6C,651.0,760.4671245065344,16.815226498699605,16.815226498699605,0.06749945539082702,0.0
M2_discharge,45,3,batch1-05,4.4C(80%)-4.4C,1074.0,1046.497512626026,2.5607530143364956,-2.5607530143364956,-0.01126608094308379,0.03198144045256601
M2_discharge,45,2,batch1-06,4.8C(80%)-4.8C,636.0,774.0535829873286,21.70653820555481,21.70653820555481,0.08531390962137131,0.0
M2_discharge,45,2,batch1-07,4.8C(80%)-4.8C,870.0,889.0159354262248,2.1857397041637716,2.1857397041637716,0.009390293059862831,0.0
M2_discharge,45,1,batch1-09,5.4C(40%)-3.6C,1054.0,870.736702175922,17.387409660728462,-17.387409660728462,-0.08295376020760026,0.0
M2_discharge,45,4,batch1-11,5.4C(50%)-3C,788.0,744.1161262580608,5.5690195103983715,-5.5690195103983715,-0.024885500952271045,0.0
M2_discharge,45,2,batch1-14,5.4C(60%)-3C,880.0,921.7218201547405,4.741115926675056,4.741115926675056,0.020117196624999778,0.0
M2_discharge,45,2,batch1-15,5.4C(60%)-3C,719.0,824.5520237279027,14.680392729889109,14.680392729889109,0.05948917154451738,0.0
M2_discharge,45,3,batch1-18,5.4C(70%)-3C,691.0,622.5795526386081,9.901656636959753,-9.901656636959753,-0.04528319431399508,0.0
M2_discharge,45,3,batch1-19,5.4C(70%)-3C,788.0,714.3184025527004,9.35045652884513,-9.35045652884513,-0.04263437875498699,0.0
M2_discharge,45,0,batch1-20,5.4C(80%)-5.4C,534.0,524.7252395646701,1.7368465234700152,-1.7368465234700152,-0.007609302530935835,0.06581077380285683
M2_discharge,45,0,batch1-21,5.4C(80%)-5.4C,559.0,560.3247145687939,0.23697935041035162,0.23697935041035162,0.001027970683472823,0.08271017940103276
M2_discharge,45,0,batch1-24,6C(40%)-3C,1017.0,842.454902067889,17.16274315949961,-17.16274315949961,-0.08177429122183799,0.0
M2_discharge,45,0,batch1-25,6C(40%)-3C,854.0,906.3219910635459,6.1266968458484605,6.1266968458484605,0.02582464718508115,0.0
M2_discharge,45,1,batch1-26,6C(40%)-3.6C,870.0,841.0569854054963,3.326783286724559,-3.326783286724559,-0.014693830413182507,0.0
M2_discharge,45,1,batch1-27,6C(40%)-3.6C,842.0,850.7518793719481,1.0394156023691354,1.0394156023691354,0.00449082565693093,0.0
M2_discharge,45,0,batch1-28,6C(50%)-3C,860.0,820.8061267000185,4.5574271279048295,-4.5574271279048295,-0.020257861782259745,0.0
M2_discharge,45,0,batch1-29,6C(50%)-3C,917.0,833.5400697354585,9.10141006156396,-9.10141006156396,-0.0414428537054925,0.0
M2_discharge,45,1,batch1-34,7C(30%)-3.6C,742.0,801.3390171388395,7.997172121137399,7.997172121137399,0.033412383743759655,0.0
M2_discharge,45,1,batch1-35,7C(30%)-3.6C,703.0,785.4288980388802,11.725305553183532,11.725305553183532,0.04815155106907243,0.0
M2_discharge,45,4,batch1-36,7C(40%)-3C,704.0,744.0933816380625,5.69508261904297,5.69508261904297,0.024054782566720334,0.0
M2_discharge,45,4,batch1-37,7C(40%)-3C,648.0,689.7138009754685,6.437314965350081,6.437314965350081,0.02709391031339603,0.0
M2_discharge,45,4,batch1-38,7C(40%)-3.6C,617.0,583.3680874049583,5.450877243928969,-5.450877243928969,-0.024342496263309865,0.0
M2_discharge,45,4,batch1-39,7C(40%)-3.6C,625.0,655.1622166329247,4.825954661267951,4.825954661267951,0.020468826260273687,0.0
M2_discharge,45,3,batch1-40,8C(15%)-3.6C,966.0,1007.1658805133015,4.2614783140063714,4.2614783140063714,0.018123878456565823,0.0
M2_discharge,45,3,batch1-41,8C(15%)-3.6C,1051.0,1004.7603349457792,4.39958754083928,-4.39958754083928,-0.019540233996377943,0.0
M2_discharge,45,2,batch1-42,8C(25%)-3.6C,702.0,754.9102854618052,7.5370777011118495,7.5370777011118495,0.03155823043451944,0.0
M2_discharge,45,2,batch1-43,8C(25%)-3.6C,651.0,670.3997120207339,2.9799864855197984,2.9799864855197984,0.012752830496997714,0.0
M2_discharge,46,1,batch1-05,4.4C(80%)-4.4C,1074.0,1021.4590341323424,4.892082483022127,-4.892082483022127,-0.021783327533618113,0.03198144045256601
M2_discharge,46,0,batch1-06,4.8C(80%)-4.8C,636.0,782.8445368673836,23.088763658393642,23.088763658393642,0.09021840952040439,0.0
M2_discharge,46,0,batch1-07,4.8C(80%)-4.8C,870.0,926.4506621052459,6.48858185117769,6.48858185117769,0.02730304340976808,0.0
M2_discharge,46,2,batch1-09,5.4C(40%)-3.6C,1054.0,872.0889420182035,17.259113660512,-17.259113660512,-0.08227983115277437,0.0
M2_discharge,46,3,batch1-11,5.4C(50%)-3C,788.0,925.129210481769,17.402184071290474,17.402184071290474,0.06967617630926659,0.0
M2_discharge,46,3,batch1-14,5.4C(60%)-3C,880.0,928.5559828423998,5.517725322999974,5.517725322999974,0.023325420423855103,0.0
M2_discharge,46,3,batch1-15,5.4C(60%)-3C,719.0,872.3081016712832,21.32240635205608,21.32240635205608,0.08394101567633871,0.0
M2_discharge,46,4,batch1-18,5.4C(70%)-3C,691.0,622.6893124551943,9.885772437743222,-9.885772437743222,-0.04520663561388183,0.0
M2_discharge,46,4,batch1-19,5.4C(70%)-3C,788.0,715.2703872753478,9.229646284854335,-9.229646284854335,-0.04205597218666979,0.0
M2_discharge,46,0,batch1-20,5.4C(80%)-5.4C,534.0,578.2117331202284,8.279350771578345,8.279350771578345,0.03454564313498265,0.06581077380285683
M2_discharge,46,0,batch1-21,5.4C(80%)-5.4C,559.0,625.9955830369007,11.984898575474189,11.984898575474189,0.04915946099578239,0.08271017940103276
M2_discharge,46,4,batch1-24,6C(40%)-3C,1017.0,835.4763107041144,17.84893700057872,-17.84893700057872,-0.08538681260876002,0.0
M2_discharge,46,4,batch1-25,6C(40%)-3C,854.0,898.7959020462365,5.245421785273596,5.245421785273596,0.022203212948202378,0.0
M2_discharge,46,1,batch1-26,6C(40%)-3.6C,870.0,849.644367269789,2.339727900024256,-2.339727900024256,-0.010282070023702072,0.0
M2_discharge,46,1,batch1-27,6C(40%)-3.6C,842.0,829.6546359616422,1.466195253961739,-1.466195253961739,-0.006414747208173033,0.0
M2_discharge,46,2,batch1-28,6C(50%)-3C,860.0,836.1005376443985,2.7790072506513352,-2.7790072506513352,-0.012239948542666301,0.0
M2_discharge,46,2,batch1-29,6C(50%)-3C,917.0,837.2573949571849,8.69603108427645,-8.69603108427645,-0.039510343596765196,0.0
M2_discharge,46,3,batch1-34,7C(30%)-3.6C,742.0,819.4471251964247,10.437617951000638,10.437617951000638,0.0431170306918478,0.0
M2_discharge,46,3,batch1-35,7C(30%)-3.6C,703.0,767.585762414852,9.18716392814395,9.18716392814395,0.03817158559544609,0.0
M2_discharge,46,0,batch1-36,7C(40%)-3C,704.0,747.6270107478632,6.197018572139661,6.197018572139661,0.026112324317546065,0.0
M2_discharge,46,0,batch1-37,7C(40%)-3C,648.0,719.928929421901,11.100143429305708,11.100143429305708,0.04571461961157697,0.0
M2_discharge,46,1,batch1-38,7C(40%)-3.6C,617.0,582.3491741373747,5.616017157637813,-5.616017157637813,-0.025101700123352,0.0
M2_discharge,46,1,batch1-39,7C(40%)-3.6C,625.0,653.3982062046922,4.543712992750752,4.543712992750752,0.019297920514239397,0.0
M2_discharge,46,4,batch1-40,8C(15%)-3.6C,966.0,972.531138608802,0.6761013052590117,0.6761013052590117,0.002926389093284243,0.0
M2_discharge,46,4,batch1-41,8C(15%)-3.6C,1051.0,962.7438619197461,8.397349008587431,-8.397349008587431,-0.038091957617276684,0.0
M2_discharge,46,2,batch1-42,8C(25%)-3.6C,702.0,741.5432368853631,5.632939727259695,5.632939727259695,0.023799366219477314,0.0
M2_discharge,46,2,batch1-43,8C(25%)-3.6C,651.0,713.3046553015739,9.570607573206438,9.570607573206438,0.03969406983520196,0.0
M2_discharge,47,2,batch1-05,4.4C(80%)-4.4C,1074.0,1006.0353656840107,6.3281782417122265,-6.3281782417122265,-0.028391033395668064,0.03198144045256601
M2_discharge,47,1,batch1-06,4.8C(80%)-4.8C,636.0,756.0882527131043,18.881800741054143,18.881800741054143,0.07511537486518893,0.0
M2_discharge,47,1,batch1-07,4.8C(80%)-4.8C,870.0,910.9914876528561,4.711665247454725,4.711665247454725,0.01999506630535164,0.0
M2_discharge,47,0,batch1-09,5.4C(40%)-3.6C,1054.0,877.1327442879436,16.7805745457359,-16.7805745457359,-0.07977528689567981,0.0
M2_discharge,47,3,batch1-11,5.4C(50%)-3C,788.0,747.4321558782063,5.14820356875554,-5.14820356875554,-0.022954439442809615,0.0
M2_discharge,47,0,batch1-14,5.4C(60%)-3C,880.0,844.1438123154956,4.074566782330051,-4.074566782330051,-0.018066230767971092,0.0
M2_discharge,47,0,batch1-15,5.4C(60%)-3C,719.0,738.9581375676083,2.7758188550220213,2.7758188550220213,0.011890945659644547,0.0
M2_discharge,47,0,batch1-18,5.4C(70%)-3C,691.0,629.3628670100402,8.919990302454387,-8.919990302454387,-0.040576931816333595,0.0
M2_discharge,47,0,batch1-19,5.4C(70%)-3C,788.0,695.6106808095378,11.72453289219063,-11.72453289219063,-0.05415997569851205,0.0
M2_discharge,47,4,batch1-20,5.4C(80%)-5.4C,534.0,582.1600969255885,9.018744742619571,9.018744742619571,0.03750117719184187,0.06581077380285683
M2_discharge,47,4,batch1-21,5.4C(80%)-5.4C,559.0,614.7593295636613,9.97483534233654,9.97483534233654,0.04129332041049949,0.08271017940103276
M2_discharge,47,3,batch1-24,6C(40%)-3C,1017.0,842.856952524668,17.123210174565582,-17.123210174565582,-0.08156707936646246,0.0
M2_discharge,47,3,batch1-25,6C(40%)-3C,854.0,907.425281218643,6.25588773052026,6.25588773052026,0.026353004021469673,0.0
M2_discharge,47,4,batch1-26,6C(40%)-3.6C,870.0,840.2135452941302,3.423730425962046,-3.423730425962046,-0.01512957398951098,0.0
M2_discharge,47,4,batch1-27,6C(40%)-3.6C,842.0,835.9066717000334,0.7236731947703835,-0.7236731947703835,-0.0031542999796250193,0.0
M2_discharge,47,2,batch1-28,6C(50%)-3C,860.0,818.1405838865301,4.867373966682551,-4.867373966682551,-0.02167051485801963,0.0
M2_discharge,47,2,batch1-29,6C(50%)-3C,917.0,827.3878121418047,9.772321467633073,-9.772321467633073,-0.044660216449837975,0.0
M2_discharge,47,1,batch1-34,7C(30%)-3.6C,742.0,802.0580375646331,8.094075143481549,8.094075143481549,0.033801890040173976,0.0
M2_discharge,47,1,batch1-35,7C(30%)-3.6C,703.0,761.0081497772767,8.251514904306784,8.251514904306784,0.03443398271572651,0.0
M2_discharge,47,2,batch1-36,7C(40%)-3C,704.0,727.3920677891928,3.3227369018739723,3.3227369018739723,0.01419590162089479,0.0
M2_discharge,47,2,batch1-37,7C(40%)-3C,648.0,697.4056065304147,7.6243219954343715,7.6243219954343715,0.031910428530756096,0.0
M2_discharge,47,3,batch1-38,7C(40%)-3.6C,617.0,571.7437073200704,7.3348934651425655,-7.3348934651425655,-0.033083770625393694,0.0
M2_discharge,47,3,batch1-39,7C(40%)-3.6C,625.0,648.0804041833758,3.6928646693401244,3.6928646693401244,0.01574887267304792,0.0
M2_discharge,47,1,batch1-40,8C(15%)-3.6C,966.0,1021.7037480791673,5.766433548568046,5.766433548568046,0.024347860160307544,0.0
M2_discharge,47,1,batch1-41,8C(15%)-3.6C,1051.0,1011.593923152758,3.749388853210471,-3.749388853210471,-0.01659650424194803,0.0
M2_discharge,47,4,batch1-42,8C(25%)-3.6C,702.0,744.1004346235692,5.997212909340339,5.997212909340339,0.025294446076022492,0.0
M2_discharge,47,4,batch1-43,8C(25%)-3.6C,651.0,697.3928585261215,7.126399159158445,7.126399159158445,0.02989650721254833,0.0
M2_discharge,48,4,batch1-05,4.4C(80%)-4.4C,1074.0,1030.112305642703,4.086377500679427,-4.086377500679427,-0.01811970611264213,0.10736402753360164
M2_discharge,48,4,batch1-06,4.8C(80%)-4.8C,636.0,755.3565401924844,18.766751602591892,18.766751602591892,0.07469487821673448,0.0
M2_discharge,48,4,batch1-07,4.8C(80%)-4.8C,870.0,903.6615981288415,3.869149210211672,3.869149210211672,0.016486574339384052,0.0
M2_discharge,48,2,batch1-09,5.4C(40%)-3.6C,1054.0,898.4590331299106,14.757207482930681,-14.757207482930681,-0.06934233142512092,0.0
M2_discharge,48,4,batch1-11,5.4C(50%)-3C,788.0,778.9188347318064,1.1524321406337004,-1.1524321406337004,-0.005034012017997469,0.07538258708103562
M2_discharge,48,3,batch1-14,5.4C(60%)-3C,880.0,897.2024095067254,1.9548192621278881,1.9548192621278881,0.008407759093875367,0.0
M2_discharge,48,3,batch1-15,5.4C(60%)-3C,719.0,788.1058725755473,9.611387006334816,9.611387006334816,0.039855673282795046,0.0
M2_discharge,48,1,batch1-18,5.4C(70%)-3C,691.0,618.1465940199026,10.543184657032903,-10.543184657032903,-0.048386566744567094,0.0
M2_discharge,48,1,batch1-19,5.4C(70%)-3C,788.0,707.0604443185028,10.271517218464107,-10.271517218464107,-0.047069675670145195,0.0
M2_discharge,48,2,batch1-20,5.4C(80%)-5.4C,534.0,581.2813640458627,8.854188023569792,8.854188023569792,0.036845142614938986,0.06581077380285683
M2_discharge,48,2,batch1-21,5.4C(80%)-5.4C,559.0,597.6235592957287,6.909402378484558,6.909402378484558,0.029015901855415915,0.08271017940103276
M2_discharge,48,2,batch1-24,6C(40%)-3C,1017.0,839.439788285907,17.459214524492925,-17.459214524492925,-0.0833314026011367,0.0
M2_discharge,48,2,batch1-25,6C(40%)-3C,854.0,888.1664289897759,4.000752809107249,4.000752809107249,0.01703648294933746,0.0
M2_discharge,48,0,batch1-26,6C(40%)-3.6C,870.0,848.6376405610632,2.4554436136708944,-2.4554436136708944,-0.010796962018766454,0.0
M2_discharge,48,0,batch1-27,6C(40%)-3.6C,842.0,830.1523415374979,1.4070853280881317,-1.4070853280881317,-0.006154294282483264,0.0
M2_discharge,48,1,batch1-28,6C(50%)-3C,860.0,813.5777266861767,5.397938757421317,-5.397938757421317,-0.024099400844240115,0.0
M2_discharge,48,1,batch1-29,6C(50%)-3C,917.0,816.188708742407,10.993597738014502,-10.993597738014502,-0.05057875327587791,0.0
M2_discharge,48,3,batch1-34,7C(30%)-3.6C,742.0,806.6632697057088,8.71472637543245,8.71472637543245,0.03628837711665245,0.0
M2_discharge,48,3,batch1-35,7C(30%)-3.6C,703.0,786.8969326460524,11.934129821629075,11.934129821629075,0.04896252739720719,0.0
M2_discharge,48,0,batch1-36,7C(40%)-3C,704.0,729.6272364370262,3.640232448441225,3.640232448441225,0.015528378367841267,0.0
M2_discharge,48,0,batch1-37,7C(40%)-3C,648.0,699.7208288715534,7.981609393758242,7.981609393758242,0.03334979605261301,0.0
M2_discharge,48,1,batch1-38,7C(40%)-3.6C,617.0,559.8772407400068,9.258145747162601,-9.258145747162601,-0.04219235044417591,0.0
M2_discharge,48,1,batch1-39,7C(40%)-3.6C,625.0,635.0144523600236,1.6023123776037755,1.6023123776037755,0.006903592213701071,0.0
M2_discharge,48,0,batch1-40,8C(15%)-3.6C,966.0,985.5983517767036,2.0288148837167252,2.0288148837167252,0.008722842131641428,0.0
M2_discharge,48,0,batch1-41,8C(15%)-3.6C,1051.0,979.4218845732147,6.810477205212684,-6.810477205212684,-0.030632912197379625,0.0
M2_discharge,48,3,batch1-42,8C(25%)-3.6C,702.0,757.7836689492726,7.946391588215473,7.946391588215473,0.033208129398190955,0.0
M2_discharge,48,3,batch1-43,8C(25%)-3.6C,651.0,708.5124318817896,8.834474943439256,8.834474943439256,0.036766486410901855,0.0
M2_discharge,49,0,batch1-05,4.4C(80%)-4.4C,1074.0,1053.0046590987718,1.9548734544905257,-1.9548734544905257,-0.008573988605010463,0.10736402753360164
M2_discharge,49,1,batch1-06,4.8C(80%)-4.8C,636.0,766.7314158643072,20.555254066714973,20.555254066714973,0.08118614264759039,0.0
M2_discharge,49,1,batch1-07,4.8C(80%)-4.8C,870.0,901.7289679031394,3.6470078049585504,3.6470078049585504,0.015556768923341124,0.0
M2_discharge,49,2,batch1-09,5.4C(40%)-3.6C,1054.0,900.1717699588999,14.594708732552194,-14.594708732552194,-0.06851522185117886,0.0
M2_discharge,49,0,batch1-11,5.4C(50%)-3C,788.0,746.6630367532174,5.245807518627234,-5.245807518627234,-0.023401565199000718,0.07538258708103562
M2_discharge,49,3,batch1-14,5.4C(60%)-3C,880.0,900.8663094334898,2.371171526532937,2.371171526532937,0.010177673342433469,0.0
M2_discharge,49,3,batch1-15,5.4C(60%)-3C,719.0,782.6951099470921,8.858847002377201,8.858847002377201,0.036863730099031766,0.0
M2_discharge,49,3,batch1-18,5.4C(70%)-3C,691.0,628.5635937626835,9.035659368642044,-9.035659368642044,-0.041128824185876045,0.0
M2_discharge,49,3,batch1-19,5.4C(70%)-3C,788.0,711.407402026207,9.71987283931383,-9.71987283931383,-0.04440783788464531,0.0
M2_discharge,49,3,batch1-20,5.4C(80%)-5.4C,534.0,478.4181024684601,10.408595043359528,-10.408595043359528,-0.047733652826167816,0.06581077380285683
M2_discharge,49,3,batch1-21,5.4C(80%)-5.4C,559.0,531.147442812413,4.982568369872445,-4.982568369872445,-0.022196712960575127,0.08271017940103276
M2_discharge,49,4,batch1-24,6C(40%)-3C,1017.0,860.1949753395567,15.418389838784988,-15.418389838784988,-0.07272405154340378,0.0
M2_discharge,49,4,batch1-25,6C(40%)-3C,854.0,924.0549454270015,8.203155202224998,8.203155202224998,0.034239924975140834,0.0
M2_discharge,49,1,batch1-26,6C(40%)-3.6C,870.0,872.8190430462871,0.3240279363548398,0.3240279363548398,0.001404960442533465,0.0
M2_discharge,49,1,batch1-27,6C(40%)-3.6C,842.0,835.7408571404347,0.7433661353402921,-0.7433661353402921,-0.0032404573151239013,0.0
M2_discharge,49,2,batch1-28,6C(50%)-3C,860.0,829.2876012987401,3.5712091513092874,-3.5712091513092874,-0.015793278961202084,0.0
M2_discharge,49,2,batch1-29,6C(50%)-3C,917.0,830.8914681210921,9.390243389193884,-9.390243389193884,-0.04282503616314637,0.0
M2_discharge,49,4,batch1-34,7C(30%)-3.6C,742.0,804.4559706204934,8.417246714352213,8.417246714352213,0.0350983740574069,0.0
M2_discharge,49,4,batch1-35,7C(30%)-3.6C,703.0,773.4909705845103,10.027165090257503,10.027165090257503,0.04149992326997687,0.0
M2_discharge,49,0,batch1-36,7C(40%)-3C,704.0,744.6543059218465,5.774759363898645,5.774759363898645,0.024382045990571033,0.0
M2_discharge,49,0,batch1-37,7C(40%)-3C,648.0,691.9987084194299,6.789924138800915,6.789924138800915,0.028530277998248366,0.0
M2_discharge,49,2,batch1-38,7C(40%)-3.6C,617.0,578.1324905849172,6.299434265005324,-6.299434265005324,-0.028257786968735044,0.0
M2_discharge,49,2,batch1-39,7C(40%)-3.6C,625.0,638.0167952729998,2.082687243679975,2.082687243679975,0.008952093976427822,0.0
M2_discharge,49,4,batch1-40,8C(15%)-3.6C,966.0,1037.6425544715612,7.416413506372795,7.416413506372795,0.031070647756531677,0.0
M2_discharge,49,4,batch1-41,8C(15%)-3.6C,1051.0,1034.6351095378816,1.5570780649018467,-1.5570780649018467,-0.006815504259596761,0.0
M2_discharge,49,1,batch1-42,8C(25%)-3.6C,702.0,751.3335317675292,7.0275686278531575,7.0275686278531575,0.029495659561860066,0.0
M2_discharge,49,1,batch1-43,8C(25%)-3.6C,651.0,664.8408151372894,2.12608527454522,2.12608527454522,0.009136684730111533,0.0
M2_discharge,50,4,batch1-05,4.4C(80%)-4.4C,1074.0,1034.098124267643,3.7152584480779316,-3.7152584480779316,-0.016442530994316584,0.03198144045256601
M2_discharge,50,3,batch1-06,4.8C(80%)-4.8C,636.0,765.5091165628755,20.36306864196156,20.36306864196156,0.08049325149478159,0.0
M2_discharge,50,3,batch1-07,4.8C(80%)-4.8C,870.0,839.1447125375169,3.5465847658026606,-3.5465847658026606,-0.015682390196281037,0.0
M2_discharge,50,1,batch1-09,5.4C(40%)-3.6C,1054.0,886.7051412783096,15.87237748782641,-15.87237748782641,-0.07506138428578701,0.0
M2_discharge,50,1,batch1-11,5.4C(50%)-3C,788.0,732.3760876923675,7.0588721202579325,-7.0588721202579325,-0.03179206147866909,0.0
M2_discharge,50,3,batch1-14,5.4C(60%)-3C,880.0,968.4830519348109,10.054892265319419,10.054892265319419,0.041609352992113546,0.0
M2_discharge,50,3,batch1-15,5.4C(60%)-3C,719.0,829.57398329651,15.378857203965238,15.378857203965238,0.062126233075324055,0.0
M2_discharge,50,2,batch1-18,5.4C(70%)-3C,691.0,619.8584337570859,10.295450975819698,-10.295450975819698,-0.047185532808686315,0.0
M2_discharge,50,2,batch1-19,5.4C(70%)-3C,788.0,703.1621288237718,10.766227306627943,-10.766227306627943,-0.04947074519312622,0.0
M2_discharge,50,3,batch1-20,5.4C(80%)-5.4C,534.0,413.8655895054703,22.49708061695312,-22.49708061695312,-0.1106819381637747,0.06581077380285683
M2_discharge,50,3,batch1-21,5.4C(80%)-5.4C,559.0,498.73437418706345,10.780970628432298,-10.780970628432298,-0.049542505829496264,0.08271017940103276
M2_discharge,50,1,batch1-24,6C(40%)-3C,1017.0,844.7540507046687,16.936671513798558,-16.936671513798558,-0.08059066997274167,0.0
M2_discharge,50,1,batch1-25,6C(40%)-3C,854.0,888.7423756651622,4.068193871798849,4.068193871798849,0.01731801734333116,0.0
M2_discharge,50,2,batch1-26,6C(40%)-3.6C,870.0,829.7605456867188,4.625224633710478,-4.625224633710478,-0.02056647191827743,0.0
M2_discharge,50,2,batch1-27,6C(40%)-3.6C,842.0,823.3871435680139,2.2105530204258996,-2.2105530204258996,-0.00970800989363374,0.0
M2_discharge,50,2,batch1-28,6C(50%)-3C,860.0,818.9839845647188,4.76930412038154,-4.76930412038154,-0.021223042136598647,0.0
M2_discharge,50,2,batch1-29,6C(50%)-3C,917.0,819.5880902429135,10.62289092225589,-10.62289092225589,-0.04877369679904309,0.0
M2_discharge,50,0,batch1-34,7C(30%)-3.6C,742.0,806.7682046754691,8.728868554645427,8.728868554645427,0.036344868736053026,0.0
M2_discharge,50,0,batch1-35,7C(30%)-3.6C,703.0,780.8446625353832,11.073209464492637,11.073209464492637,0.0456093210039894,0.0
M2_discharge,50,0,batch1-36,7C(40%)-3C,704.0,749.2170383523977,6.422874765965584,6.422874765965584,0.02703498620055189,0.0
M2_discharge,50,0,batch1-37,7C(40%)-3C,648.0,698.6925695100881,7.822927393532115,7.822927393532115,0.03271111875211119,0.0
M2_discharge,50,4,batch1-38,7C(40%)-3.6C,617.0,591.0762936929412,4.201573145390397,-4.201573145390397,-0.01864162259130797,0.0
M2_discharge,50,4,batch1-39,7C(40%)-3.6C,625.0,658.3717756021533,5.339484096344531,5.339484096344531,0.022591187054882944,0.0
M2_discharge,50,0,batch1-40,8C(15%)-3.6C,966.0,1029.9026919342107,6.615185500435889,6.615185500435889,0.02781906687958946,0.0
M2_discharge,50,0,batch1-41,8C(15%)-3.6C,1051.0,1031.10518493129,1.8929414908382427,-1.8929414908382427,-0.008299745308114392,0.0
M2_discharge,50,4,batch1-42,8C(25%)-3.6C,702.0,749.3023338950262,6.738224201570684,6.738224201570684,0.028319973192375336,0.0
M2_discharge,50,4,batch1-43,8C(25%)-3.6C,651.0,682.4602361870022,4.832601564823692,4.832601564823692,0.02049636354364459,0.0
M2_discharge,51,3,batch1-05,4.4C(80%)-4.4C,1074.0,1063.7993693239844,0.9497793925526662,-0.9497793925526662,-0.004144552851427452,0.03198144045256601
M2_discharge,51,1,batch1-06,4.8C(80%)-4.8C,636.0,771.0134801926185,21.228534621480904,21.228534621480904,0.08360485555700592,0.0
M2_discharge,51,1,batch1-07,4.8C(80%)-4.8C,870.0,891.4338652233139,2.463662669346424,2.463662669346424,0.010569876122165311,0.0
M2_discharge,51,0,batch1-09,5.4C(40%)-3.6C,1054.0,886.7051412783096,15.87237748782641,-15.87237748782641,-0.07506138428578701,0.0
M2_discharge,51,0,batch1-11,5.4C(50%)-3C,788.0,732.3760876923675,7.0588721202579325,-7.0588721202579325,-0.03179206147866909,0.0
M2_discharge,51,1,batch1-14,5.4C(60%)-3C,880.0,912.318978637331,3.672611208787618,3.672611208787618,0.015664037276527765,0.0
M2_discharge,51,1,batch1-15,5.4C(60%)-3C,719.0,824.5472189604338,14.679724472939338,14.679724472939338,0.059486640849038874,0.0
M2_discharge,51,4,batch1-18,5.4C(70%)-3C,691.0,631.4896192077158,8.612211402646048,-8.612211402646048,-0.03911183160852083,0.0
M2_discharge,51,4,batch1-19,5.4C(70%)-3C,788.0,714.4395178875061,9.335086562499226,-9.335086562499226,-0.042560748756575784,0.0
M2_discharge,51,2,batch1-20,5.4C(80%)-5.4C,534.0,565.7202366036596,5.9401192141684644,5.9401192141684644,0.02506045731041917,0.2526694804336085
M2_discharge,51,2,batch1-21,5.4C(80%)-5.4C,559.0,592.4263666727375,5.979672034478973,5.979672034478973,0.025222571209293942,0.2695688860317844
M2_discharge,51,0,batch1-24,6C(40%)-3C,1017.0,844.7540507046687,16.936671513798558,-16.936671513798558,-0.08059066997274167,0.0
M2_discharge,51,0,batch1-25,6C(40%)-3C,854.0,888.7423756651622,4.068193871798849,4.068193871798849,0.01731801734333116,0.0
M2_discharge,51,1,batch1-26,6C(40%)-3.6C,870.0,864.3094262868243,0.6540889325489305,-0.6540889325489305,-0.002850003112667032,0.0
M2_discharge,51,1,batch1-27,6C(40%)-3.6C,842.0,835.2231357097144,0.8048532411265593,-0.8048532411265593,-0.003509575702691503,0.0
M2_discharge,51,4,batch1-28,6C(50%)-3C,860.0,816.7285964789539,5.031558548958845,-5.031558548958845,-0.022420689244403214,0.0
M2_discharge,51,4,batch1-29,6C(50%)-3C,917.0,819.9002140457815,10.588853430121977,-10.588853430121977,-0.048608335879371634,0.0
M2_discharge,51,2,batch1-34,7C(30%)-3.6C,742.0,815.2347123916478,9.869907330410756,9.869907330410756,0.04087875821098841,0.0
M2_discharge,51,2,batch1-35,7C(30%)-3.6C,703.0,768.0040853887341,9.246669329834154,9.246669329834154,0.03840820524224098,0.0
M2_discharge,51,3,batch1-36,7C(40%)-3C,704.0,742.7894797380375,5.509869280971231,5.509869280971231,0.02329308497776683,0.0
M2_discharge,51,3,batch1-37,7C(40%)-3C,648.0,692.977516623076,6.940974787511727,6.940974787511727,0.02914413845992625,0.0
M2_discharge,51,2,batch1-38,7C(40%)-3.6C,617.0,584.423938748262,5.2797506080612635,-5.2797506080612635,-0.02355716715198053,0.18685870663075166
M2_discharge,51,2,batch1-39,7C(40%)-3.6C,625.0,653.5847032455707,4.573552519291316,4.573552519291316,0.019421861899714177,0.11537318780629091
M2_discharge,51,3,batch1-40,8C(15%)-3.6C,966.0,1022.2097277180428,5.818812393172134,5.818812393172134,0.02456288312699373,0.0
M2_discharge,51,3,batch1-41,8C(15%)-3.6C,1051.0,1017.9322129042611,3.146316564770593,-3.146316564770593,-0.013883858009658745,0.0
M2_discharge,51,4,batch1-42,8C(25%)-3.6C,702.0,723.9559582205402,3.127629376145327,3.127629376145327,0.01337503461488554,0.0
M2_discharge,51,4,batch1-43,8C(25%)-3.6C,651.0,664.4147099618568,2.060631330546364,2.060631330546364,0.008858250479893748,0.0
M2_discharge,52,2,batch1-05,4.4C(80%)-4.4C,1074.0,1043.9739479476298,2.7957217925856828,-2.7957217925856828,-0.012314620248785157,0.03198144045256601
M2_discharge,52,0,batch1-06,4.8C(80%)-4.8C,636.0,769.3113463918686,20.960903520734057,20.960903520734057,0.08264502214360281,0.0
M2_discharge,52,0,batch1-07,4.8C(80%)-4.8C,870.0,899.5048242445563,3.391359108569689,3.391359108569689,0.014484244287155779,0.0
M2_discharge,52,2,batch1-09,5.4C(40%)-3.6C,1054.0,858.7842557512984,18.521417860408125,-18.521417860408125,-0.08895653703943651,0.0
M2_discharge,52,1,batch1-11,5.4C(50%)-3C,788.0,772.0057643613466,2.029725334854497,-2.029725334854497,-0.008905674380531359,0.0
M2_discharge,52,0,batch1-14,5.4C(60%)-3C,880.0,907.9226228320808,3.173025321827368,3.173025321827368,0.013566165457950863,0.0
M2_discharge,52,0,batch1-15,5.4C(60%)-3C,719.0,817.6283713107179,13.717436899960758,13.717436899960758,0.055827062478586154,0.0
M2_discharge,52,4,batch1-18,5.4C(70%)-3C,691.0,607.8600505439599,12.03183060145298,-12.03183060145298,-0.055674445523609783,0.0
M2_discharge,52,4,batch1-19,5.4C(70%)-3C,788.0,701.046462584367,11.034712870004192,-11.034712870004192,-0.050779415249976534,0.0
M2_discharge,52,3,batch1-20,5.4C(80%)-5.4C,534.0,576.7213016213962,8.000243749325122,8.000243749325122,0.033424735661648164,0.06581077380285683
M2_discharge,52,3,batch1-21,5.4C(80%)-5.4C,559.0,610.5453934469942,9.221000616635822,9.221000616635822,0.03830615096067502,0.08271017940103276
M2_discharge,52,0,batch1-24,6C(40%)-3C,1017.0,862.8359097050744,15.158710943453842,-15.158710943453842,-0.07139274154760367,0.0
M2_discharge,52,0,batch1-25,6C(40%)-3C,854.0,932.9553464855226,9.245356731325828,9.245356731325828,0.03840298716358248,0.0
M2_discharge,52,3,batch1-26,6C(40%)-3.6C,870.0,832.0635119197324,4.36051587129513,-4.36051587129513,-0.019362775097679474,0.0
M2_discharge,52,3,batch1-27,6C(40%)-3.6C,842.0,819.3242164713766,2.6930859297652443,-2.6930859297652443,-0.011856300164648115,0.0
M2_discharge,52,1,batch1-28,6C(50%)-3C,860.0,842.2165882074557,2.067838580528402,-2.067838580528402,-0.009074660257616607,0.0
M2_discharge,52,1,batch1-29,6C(50%)-3C,917.0,849.8222144158585,7.325821764900923,-7.325821764900923,-0.03304125627810395,0.0
M2_discharge,52,1,batch1-34,7C(30%)-3.6C,742.0,797.2131987969749,7.441131913338935,7.441131913338935,0.031170575062070327,0.0
M2_discharge,52,1,batch1-35,7C(30%)-3.6C,703.0,767.1455806152502,9.12454916290899,9.12454916290899,0.03792246247339426,0.0
M2_discharge,52,4,batch1-36,7C(40%)-3C,704.0,711.8358477496739,1.1130465553514086,1.1130465553514086,0.004807195961307187,0.0
M2_discharge,52,4,batch1-37,7C(40%)-3C,648.0,674.4591384195081,4.083200373380883,4.083200373380883,0.01738063754210195,0.0
M2_discharge,52,4,batch1-38,7C(40%)-3.6C,617.0,545.6793325213981,11.559265393614567,-11.559265393614567,-0.05334765874173408,0.0
M2_discharge,52,4,batch1-39,7C(40%)-3.6C,625.0,623.0101973302067,0.31836842716693353,-0.31836842716693353,-0.0013848621648495651,0.0
M2_discharge,52,3,batch1-40,8C(15%)-3.6C,966.0,951.1324079522285,1.5390882037030533,-1.5390882037030533,-0.006736146764899864,0.0
M2_discharge,52,3,batch1-41,8C(15%)-3.6C,1051.0,944.2287043257386,10.159019569387384,-10.159019569387384,-0.04652551728442589,0.0
M2_discharge,52,2,batch1-42,8C(25%)-3.6C,702.0,753.1286892260612,7.283289063541478,7.283289063541478,0.03053207953640591,0.0
M2_discharge,52,2,batch1-43,8C(25%)-3.6C,651.0,726.3355666912967,11.572283669938043,11.572283669938043,0.04755632234190044,0.0
M2_discharge,53,2,batch1-05,4.4C(80%)-4.4C,1074.0,1008.4176008381908,6.106368637039966,-6.106368637039966,-0.027363864152668338,0.03198144045256601
M2_discharge,53,1,batch1-06,4.8C(80%)-4.8C,636.0,750.4903217633349,18.001622918763353,18.001622918763353,0.07188798035541888,0.0
M2_discharge,53,1,batch1-07,4.8C(80%)-4.8C,870.0,895.5054017399553,2.9316553724086605,2.9316553724086605,0.012548957263561533,0.0
M2_discharge,53,2,batch1-09,5.4C(40%)-3.6C,1054.0,892.9278466633617,15.281987982603251,-15.281987982603251,-0.07202424388268325,0.0
M2_discharge,53,0,batch1-11,5.4C(50%)-3C,788.0,786.9331215200111,0.13539067004934932,-0.13539067004934932,-0.0005883926133281037,0.0
M2_discharge,53,3,batch1-14,5.4C(60%)-3C,880.0,902.4374220720351,2.549707053640356,2.549707053640356,0.010934424088400618,0.0
M2_discharge,53,3,batch1-15,5.4C(60%)-3C,719.0,800.7933384046506,11.375985869909684,11.375985869909684,0.04679156131848172,0.0
M2_discharge,53,4,batch1-18,5.4C(70%)-3C,691.0,628.0839365172468,9.10507431009453,-9.10507431009453,-0.04146036107270401,0.0
M2_discharge,53,4,batch1-19,5.4C(70%)-3C,788.0,711.830002623558,9.6662433218835,-9.6662433218835,-0.04414992854039568,0.0
M2_discharge,53,3,batch1-20,5.4C(80%)-5.4C,534.0,517.0714711232858,3.1701364937666954,-3.1701364937666954,-0.013990680338533235,0.06581077380285683
M2_discharge,53,3,batch1-21,5.4C(80%)-5.4C,559.0,566.5014636947853,1.3419434158828878,1.3419434158828878,0.005789228420225445,0.08271017940103276
M2_discharge,53,2,batch1-24,6C(40%)-3C,1017.0,847.7379249122948,16.643271886696674,-16.643271886696674,-0.07905934047239338,0.0
M2_discharge,53,2,batch1-25,6C(40%)-3C,854.0,891.1864504772477,4.354385301785447,4.354385301785447,0.01851070421459733,0.0
M2_discharge,53,0,batch1-26,6C(40%)-3.6C,870.0,852.4176840623841,2.020955854898383,-2.020955854898383,-0.008866801708967476,0.0
M2_discharge,53,0,batch1-27,6C(40%)-3.6C,842.0,834.8430306566929,0.8499963590625988,-0.8499963590625988,-0.0037072655107310837,0.0
M2_discharge,53,4,batch1-28,6C(50%)-3C,860.0,804.4493067149394,6.45938294012332,-6.45938294012332,-0.028999769505390294,0.0
M2_discharge,53,4,batch1-29,6C(50%)-3C,917.0,808.2042675241061,11.864311066073494,-11.864311066073494,-0.05484819637200644,0.0
M2_discharge,53,1,batch1-34,7C(30%)-3.6C,742.0,803.5994657903224,8.301814796539404,8.301814796539404,0.03463573409087273,0.0
M2_discharge,53,1,batch1-35,7C(30%)-3.6C,703.0,774.2704766770773,10.138047891476152,10.138047891476152,0.04193737469226644,0.0
M2_discharge,53,3,batch1-36,7C(40%)-3C,704.0,735.9154932073533,4.533450739680863,4.533450739680863,0.01925528706920776,0.0
M2_discharge,53,3,batch1-37,7C(40%)-3C,648.0,701.902238026023,8.318246608954173,8.318246608954173,0.03470162129842658,0.0
M2_discharge,53,0,batch1-38,7C(40%)-3.6C,617.0,577.7335769407711,6.364088016082486,-6.364088016082486,-0.028557555265693146,0.0
M2_discharge,53,0,batch1-39,7C(40%)-3.6C,625.0,650.1050315211521,4.0168050433843385,4.0168050433843385,0.01710350995277432,0.0
M2_discharge,53,4,batch1-40,8C(15%)-3.6C,966.0,960.5233218893579,0.5669439037931749,-0.5669439037931749,-0.0024692122465244104,0.0
M2_discharge,53,4,batch1-41,8C(15%)-3.6C,1051.0,952.0439064167499,9.41542279574216,-9.41542279574216,-0.04294573836350413,0.0
M2_discharge,53,1,batch1-42,8C(25%)-3.6C,702.0,759.2252836253862,8.151749804186064,8.151749804186064,0.03403355035074496,0.0
M2_discharge,53,1,batch1-43,8C(25%)-3.6C,651.0,690.2829323894099,6.034244606668186,6.034244606668186,0.025446146792103885,0.0
M2_discharge,54,3,batch1-05,4.4C(80%)-4.4C,1074.0,1011.6322186546842,5.8070559911839705,-5.8070559911839705,-0.025981628977918003,0.03198144045256601
M2_discharge,54,3,batch1-06,4.8C(80%)-4.8C,636.0,763.6447892877967,20.069935422609543,20.069935422609543,0.0794342770565648,0.0
M2_discharge,54,3,batch1-07,4.8C(80%)-4.8C,870.0,905.0036780813545,4.023411273718903,4.023411273718903,0.0171310916332037,0.0
M2_discharge,54,4,batch1-09,5.4C(40%)-3.6C,1054.0,887.6273152522263,15.784884700927302,-15.784884700927302,-0.07460995242157997,0.0
M2_discharge,54,0,batch1-11,5.4C(50%)-3C,788.0,757.9220948095751,3.8169930444701614,-3.8169930444701614,-0.016901649763973126,0.0
M2_discharge,54,1,batch1-14,5.4C(60%)-3C,880.0,882.1515584679088,0.24449528044418012,0.24449528044418012,0.0010605335618891765,0.0
M2_discharge,54,1,batch1-15,5.4C(60%)-3C,719.0,806.7009243493203,12.197625083354701,12.197625083354701,0.049983664191889154,0.0
M2_discharge,54,4,batch1-18,5.4C(70%)-3C,691.0,639.3311927901963,7.477396122981726,-7.477396122981726,-0.033752153317029965,0.0
M2_discharge,54,4,batch1-19,5.4C(70%)-3C,788.0,694.5170775944754,11.863315026081803,-11.863315026081803,-0.05484328834628993,0.0
M2_discharge,54,1,batch1-20,5.4C(80%)-5.4C,534.0,572.1560564064272,7.14532891506127,7.14532891506127,0.02997324238081056,0.06581077380285683
M2_discharge,54,1,batch1-21,5.4C(80%)-5.4C,559.0,601.5802350772763,7.6172155773302785,7.6172155773302785,0.031881751183394424,0.08271017940103276
M2_discharge,54,3,batch1-24,6C(40%)-3C,1017.0,848.8788419455759,16.53108732098565,-16.53108732098565,-0.0784752438676306,0.0
M2_discharge,54,3,batch1-25,6C(40%)-3C,854.0,916.0830851871311,7.269682106221444,7.269682106221444,0.03047699359231215,0.0
M2_discharge,54,4,batch1-26,6C(40%)-3.6C,870.0,810.5843171299483,6.829388835638124,-6.829388835638124,-0.030721055692356725,0.0
M2_discharge,54,4,batch1-27,6C(40%)-3.6C,842.0,824.7253816915273,2.051617376303167,-2.051617376303167,-0.009002730913787449,0.0
M2_discharge,54,2,batch1-28,6C(50%)-3C,860.0,824.126127818919,4.171380486172206,-4.171380486172206,-0.018504768158184692,0.0
M2_discharge,54,2,batch1-29,6C(50%)-3C,917.0,830.5326578380076,9.429372100544429,-9.429372100544429,-0.04301262141122564,0.0
M2_discharge,54,1,batch1-34,7C(30%)-3.6C,742.0,814.7395581880456,9.803174957957633,9.803174957957633,0.04061489791722561,0.0
M2_discharge,54,1,batch1-35,7C(30%)-3.6C,703.0,768.7504842942185,9.35284271610505,9.35284271610505,0.038830077358758874,0.0
M2_discharge,54,2,batch1-36,7C(40%)-3C,704.0,724.7052857942546,2.9410917321384322,2.9410917321384322,0.012588769808159483,0.0
M2_discharge,54,2,batch1-37,7C(40%)-3C,648.0,694.5985926788401,7.191140845500012,7.191140845500012,0.03015889318414855,0.0
M2_discharge,54,2,batch1-38,7C(40%)-3.6C,617.0,580.1380825770561,5.974378836781826,-5.974378836781826,-0.026753788808334455,0.0
M2_discharge,54,2,batch1-39,7C(40%)-3.6C,625.0,652.437141332829,4.389942613252643,4.389942613252643,0.01865865883894635,0.0
M2_discharge,54,0,batch1-40,8C(15%)-3.6C,966.0,1015.2079736559656,5.093993132087535,5.093993132087535,0.02157789372433383,0.0
M2_discharge,54,0,batch1-41,8C(15%)-3.6C,1051.0,1012.9825334002214,3.6172660894175617,-3.6172660894175617,-0.016000759032522183,0.0
M2_discharge,54,0,batch1-42,8C(25%)-3.6C,702.0,755.0925076856169,7.563035282851403,7.563035282851403,0.031663048924955195,0.0
M2_discharge,54,0,batch1-43,8C(25%)-3.6C,651.0,683.4195536857295,4.97996216370653,4.97996216370653,0.02110641190615059,0.0
M2_discharge,55,1,batch1-05,4.4C(80%)-4.4C,1074.0,998.0365206240382,7.072949662566276,-7.072949662566276,-0.031857847876465506,0.03198144045256601
M2_discharge,55,2,batch1-06,4.8C(80%)-4.8C,636.0,752.5911189287706,18.331936938485942,18.331936938485942,0.07310197340454438,0.0
M2_discharge,55,2,batch1-07,4.8C(80%)-4.8C,870.0,902.5345745798531,3.7396062735463387,3.7396062735463387,0.01594459536808568,0.0
M2_discharge,55,1,batch1-09,5.4C(40%)-3.6C,1054.0,891.2077160554406,15.445188230034097,-15.445188230034097,-0.07286167291918888,0.0
M2_discharge,55,2,batch1-11,5.4C(50%)-3C,788.0,774.1113689422278,1.7625166316969743,-1.7625166316969743,-0.007722771745033885,0.0
M2_discharge,55,0,batch1-14,5.4C(60%)-3C,880.0,904.729618101584,2.8101838751800043,2.8101838751800043,0.012036135882382393,0.0
M2_discharge,55,0,batch1-15,5.4C(60%)-3C,719.0,795.7412039996199,10.67332461747147,10.67332461747147,0.04404295631255728,0.0
M2_discharge,55,3,batch1-18,5.4C(70%)-3C,691.0,626.0134714591696,9.404707458875595,-9.404707458875595,-0.04289436828928084,0.0
M2_discharge,55,3,batch1-19,5.4C(70%)-3C,788.0,717.7678530638226,8.912709002052969,-8.912709002052969,-0.040542213965489626,0.0
M2_discharge,55,0,batch1-20,5.4C(80%)-5.4C,534.0,496.21523944845336,7.0757978560948755,-7.0757978560948755,-0.03187115911022298,0.2526694804336085
M2_discharge,55,0,batch1-21,5.4C(80%)-5.4C,559.0,547.7029194771939,2.0209446373535136,-2.0209446373535136,-0.00886675198693121,0.2695688860317844
M2_discharge,55,3,batch1-24,6C(40%)-3C,1017.0,844.3728598317996,16.974153408869263,-16.974153408869263,-0.0807866873287102,0.0
M2_discharge,55,3,batch1-25,6C(40%)-3C,854.0,906.6731603575962,6.1678173720838645,6.1678173720838645,0.025992889100574068,0.0
M2_discharge,55,4,batch1-26,6C(40%)-3.6C,870.0,869.9951396325692,0.0005586629230748812,-0.0005586629230748812,-2.4262490248005975e-06,0.0
M2_discharge,55,4,batch1-27,6C(40%)-3.6C,842.0,847.4005250453986,0.6413925232064823,0.6413925232064823,0.00277663725223265,0.0
M2_discharge,55,1,batch1-28,6C(50%)-3C,860.0,818.2720603816964,4.852086002128325,-4.852086002128325,-0.021600728650153833,0.0
M2_discharge,55,1,batch1-29,6C(50%)-3C,917.0,824.0088082527434,10.140806079308245,-10.140806079308245,-0.04643748155164795,0.0
M2_discharge,55,4,batch1-34,7C(30%)-3.6C,742.0,805.5969430825572,8.571016587945719,8.571016587945719,0.03571390429620713,0.0
M2_discharge,55,4,batch1-35,7C(30%)-3.6C,703.0,774.7964122066728,10.212860911333259,10.212860911333259,0.042232275976072486,0.0
M2_discharge,55,3,batch1-36,7C(40%)-3C,704.0,717.1599389481296,1.869309509677499,1.869309509677499,0.008043362434455581,0.0
M2_discharge,55,3,batch1-37,7C(40%)-3C,648.0,689.1877700762857,6.356137357451495,6.356137357451495,0.026762556237508228,0.0
M2_discharge,55,0,batch1-38,7C(40%)-3.6C,617.0,575.1696600097134,6.779633709932995,-6.779633709932995,-0.030489194930118924,0.18685870663075166
M2_discharge,55,0,batch1-39,7C(40%)-3.6C,625.0,643.6499425545727,2.9839908087316327,2.9839908087316327,0.012769717483719578,0.11537318780629091
M2_discharge,55,4,batch1-40,8C(15%)-3.6C,966.0,1029.8561364837033,6.6103660956214565,6.6103660956214565,0.02779943470228563,0.0
M2_discharge,55,4,batch1-41,8C(15%)-3.6C,1051.0,1032.0312215508918,1.8048314413994466,-1.8048314413994466,-0.007909880033401873,0.0
M2_discharge,55,2,batch1-42,8C(25%)-3.6C,702.0,756.983162113534,7.832359275432199,7.832359275432199,0.032749107287695534,0.0
M2_discharge,55,2,batch1-43,8C(25%)-3.6C,651.0,671.3930857557547,3.1325784571051716,3.1325784571051716,0.013395875848144279,0.0
M2_discharge,56,4,batch1-05,4.4C(80%)-4.4C,1074.0,1053.1501622545866,1.9413256746194996,-1.9413256746194996,-0.008513982363180794,0.03198144045256601
M2_discharge,56,1,batch1-06,4.8C(80%)-4.8C,636.0,752.7305079746213,18.35385345512914,18.35385345512914,0.07318240258664321,0.0
M2_discharge,56,1,batch1-07,4.8C(80%)-4.8C,870.0,920.9448357429194,5.855728246312574,5.855728246312574,0.024714364277516054,0.0
M2_discharge,56,3,batch1-09,5.4C(40%)-3.6C,1054.0,876.6219285838697,16.829039033788455,-16.829039033788455,-0.08002828060255807,0.0
M2_discharge,56,1,batch1-11,5.4C(50%)-3C,788.0,770.5529354529845,2.214094485661871,-2.214094485661871,-0.009723738243759605,0.0
M2_discharge,56,4,batch1-14,5.4C(60%)-3C,880.0,875.0913892137341,0.5577966802574834,-0.5577966802574834,-0.0024292616893686336,0.0
M2_discharge,56,4,batch1-15,5.4C(60%)-3C,719.0,780.969239003177,8.618809318939777,8.618809318939777,0.03590503773990461,0.0
M2_discharge,56,4,batch1-18,5.4C(70%)-3C,691.0,626.4544470282353,9.340890444539026,-9.340890444539026,-0.04258855085254476,0.0
M2_discharge,56,4,batch1-19,5.4C(70%)-3C,788.0,711.3697460099173,9.724651521584097,-9.724651521584097,-0.04443082644629248,0.0
M2_discharge,56,2,batch1-20,5.4C(80%)-5.4C,534.0,576.7213016213962,8.000243749325122,8.000243749325122,0.033424735661648164,0.06581077380285683
M2_discharge,56,2,batch1-21,5.4C(80%)-5.4C,559.0,610.5453934469942,9.221000616635822,9.221000616635822,0.03830615096067502,0.08271017940103276
M2_discharge,56,0,batch1-24,6C(40%)-3C,1017.0,857.3580406358763,15.697341137081983,-15.697341137081983,-0.0741587277325122,0.0
M2_discharge,56,0,batch1-25,6C(40%)-3C,854.0,914.606778012751,7.096812413671073,7.096812413671073,0.02977654485842285,0.0
M2_discharge,56,2,batch1-26,6C(40%)-3.6C,870.0,832.0635119197324,4.36051587129513,-4.36051587129513,-0.019362775097679474,0.0
M2_discharge,56,2,batch1-27,6C(40%)-3.6C,842.0,819.3242164713766,2.6930859297652443,-2.6930859297652443,-0.011856300164648115,0.0
M2_discharge,56,3,batch1-28,6C(50%)-3C,860.0,848.4577626241513,1.3421206250986844,-1.3421206250986844,-0.005868223818906504,0.0
M2_discharge,56,3,batch1-29,6C(50%)-3C,917.0,849.7572107900814,7.332910491812274,-7.332910491812274,-0.03307447710388445,0.0
M2_discharge,56,3,batch1-34,7C(30%)-3.6C,742.0,797.4035474901108,7.466785376025712,7.466785376025712,0.0312742581415959,0.0
M2_discharge,56,3,batch1-35,7C(30%)-3.6C,703.0,779.8265494994525,10.928385419552281,10.928385419552281,0.04504269180909937,0.0
M2_discharge,56,0,batch1-36,7C(40%)-3C,704.0,746.9502592134752,6.100889092823181,6.100889092823181,0.025719023170795996,0.0
M2_discharge,56,0,batch1-37,7C(40%)-3C,648.0,694.8585773316915,7.231261933903017,7.231261933903017,0.030321416943595914,0.0
M2_discharge,56,1,batch1-38,7C(40%)-3.6C,617.0,576.6285399220949,6.543186398363876,-6.543186398363876,-0.029389030275295713,0.0
M2_discharge,56,1,batch1-39,7C(40%)-3.6C,625.0,662.2077920116975,5.953246721871601,5.953246721871601,0.025114269322311866,0.0
M2_discharge,56,2,batch1-40,8C(15%)-3.6C,966.0,951.1324079522285,1.5390882037030533,-1.5390882037030533,-0.006736146764899864,0.0
M2_discharge,56,2,batch1-41,8C(15%)-3.6C,1051.0,944.2287043257386,10.159019569387384,-10.159019569387384,-0.04652551728442589,0.0
M2_discharge,56,0,batch1-42,8C(25%)-3.6C,702.0,755.9022535374388,7.678383694791853,7.678383694791853,0.03212852795622734,0.0
M2_discharge,56,0,batch1-43,8C(25%)-3.6C,651.0,668.6405438338026,2.709760957573357,2.709760957573357,0.011611718461681964,0.0
M2_discharge,57,1,batch1-05,4.4C(80%)-4.4C,1074.0,1021.5339996144014,4.885102456759646,-4.885102456759646,-0.02175145557451863,0.11949435672945175
M2_discharge,57,2,batch1-06,4.8C(80%)-4.8C,636.0,761.0830826804561,19.667151364851584,19.667151364851584,0.0779749529226188,0.0
M2_discharge,57,2,batch1-07,4.8C(80%)-4.8C,870.0,890.6825312583874,2.3773024434928014,2.3773024434928014,0.01020368206771316,0.0
M2_discharge,57,3,batch1-09,5.4C(40%)-3.6C,1054.0,904.8265007555261,14.153083419779305,-14.153083419779305,-0.06627529906152896,0.0
M2_discharge,57,1,batch1-11,5.4C(50%)-3C,788.0,771.0207119927254,2.1547319806186027,-2.1547319806186027,-0.009460172793552157,0.08751291627688573
M2_discharge,57,0,batch1-14,5.4C(60%)-3C,880.0,916.7369859588683,4.174657495325946,4.174657495325946,0.017762081261453844,0.0
M2_discharge,57,0,batch1-15,5.4C(60%)-3C,719.0,791.7107765265077,10.112764468220826,10.112764468220826,0.04183766608157846,0.0
M2_discharge,57,4,batch1-18,5.4C(70%)-3C,691.0,645.9313511184965,6.522235728148114,-6.522235728148114,-0.029291683271777558,0.0
M2_discharge,57,4,batch1-19,5.4C(70%)-3C,788.0,722.4111142953302,8.323462652876877,-8.323462652876877,-0.037741798511900626,0.0
M2_discharge,57,4,batch1-20,5.4C(80%)-5.4C,534.0,562.2087415751898,5.282535875503714,5.282535875503714,0.022356336979175495,0.06581077380285683
M2_discharge,57,4,batch1-21,5.4C(80%)-5.4C,559.0,596.0510469572937,6.628094267852182,6.628094267852182,0.02787164726073943,0.08271017940103276
M2_discharge,57,3,batch1-24,6C(40%)-3C,1017.0,850.3361881402415,16.38778877677075,-16.38778877677075,-0.07773029098698103,0.0
M2_discharge,57,3,batch1-25,6C(40%)-3C,854.0,900.3760643517709,5.4304525002073625,5.4304525002073625,0.022966070483860346,0.0
M2_discharge,57,2,batch1-26,6C(40%)-3.6C,870.0,860.3934360604837,1.104202751668536,-1.104202751668536,-0.004822164122144645,0.0
M2_discharge,57,2,batch1-27,6C(40%)-3.6C,842.0,825.3220048251058,1.980759521958937,-1.980759521958937,-0.00868866702920057,0.0
M2_discharge,57,2,batch1-28,6C(50%)-3C,860.0,817.4771686511946,4.9445152731169095,-4.9445152731169095,-0.022022819167837326,0.0
M2_discharge,57,2,batch1-29,6C(50%)-3C,917.0,830.3293893255577,9.45153878674398,-9.45153878674398,-0.04311892571734566,0.0
M2_discharge,57,0,batch1-34,7C(30%)-3.6C,742.0,807.3587549714683,8.808457543324574,8.808457543324574,0.036662653833129166,0.0
M2_discharge,57,0,batch1-35,7C(30%)-3.6C,703.0,784.045060203511,11.528458065933279,11.528458065933279,0.04738569791383229,0.0
M2_discharge,57,0,batch1-36,7C(40%)-3C,704.0,752.5329528652243,6.893885350173902,6.893885350173902,0.028952862976507454,0.0
M2_discharge,57,0,batch1-37,7C(40%)-3C,648.0,699.8951968011798,8.008518024873434,8.008518024873434,0.033458007202900486,0.0
M2_discharge,57,3,batch1-38,7C(40%)-3.6C,617.0,578.3237434823055,6.268437036903479,-6.268437036903479,-0.028114141102520307,0.0
M2_discharge,57,3,batch1-39,7C(40%)-3.6C,625.0,640.3307465551064,2.4529194488170285,2.4529194488170285,0.010524338358946395,0.0
M2_discharge,57,1,batch1-40,8C(15%)-3.6C,966.0,994.5467442869293,2.9551495121044833,2.9551495121044833,0.012648073622931744,0.0
M2_discharge,57,1,batch1-41,8C(15%)-3.6C,1051.0,987.7683055975475,6.016336289481683,-6.016336289481683,-0.026947629133795115,0.01213032919585011
M2_discharge,57,4,batch1-42,8C(25%)-3.6C,702.0,733.7523551417365,4.523127513067882,4.523127513067882,0.01921239609304637,0.0
M2_discharge,57,4,batch1-43,8C(25%)-3.6C,651.0,682.6852103405953,4.8671598065430555,4.8671598065430555,0.020639505850728934,0.0
M2_discharge,58,4,batch1-05,4.4C(80%)-4.4C,1074.0,1018.0946595885463,5.205338958235915,-5.205338958235915,-0.023216122001546324,0.10736402753360164
M2_discharge,58,2,batch1-06,4.8C(80%)-4.8C,636.0,775.4148031464886,21.920566532466758,21.920566532466758,0.08607697205123799,0.0
M2_discharge,58,2,batch1-07,4.8C(80%)-4.8C,870.0,895.2250727570707,2.8994336502380156,2.8994336502380156,0.012412984448989306,0.0
M2_discharge,58,1,batch1-09,5.4C(40%)-3.6C,1054.0,883.2824407151255,16.197111886610482,-16.197111886610482,-0.07674101394616173,0.0
M2_discharge,58,4,batch1-11,5.4C(50%)-3C,788.0,784.2901518327791,0.4707929146219431,-0.4707929146219431,-0.002049455790102961,0.07538258708103562
M2_discharge,58,2,batch1-14,5.4C(60%)-3C,880.0,924.899268701432,5.102189625162726,5.102189625162726,0.0216117639085458,0.0
M2_discharge,58,2,batch1-15,5.4C(60%)-3C,719.0,823.7577911494564,14.569929228018964,14.569929228018964,0.059070644821265894,0.0
M2_discharge,58,3,batch1-18,5.4C(70%)-3C,691.0,631.4896192077158,8.612211402646048,-8.612211402646048,-0.03911183160852083,0.0
M2_discharge,58,3,batch1-19,5.4C(70%)-3C,788.0,714.4395178875061,9.335086562499226,-9.335086562499226,-0.042560748756575784,0.0
M2_discharge,58,0,batch1-20,5.4C(80%)-5.4C,534.0,560.5421549992532,4.970441011096099,4.970441011096099,0.021067021802770647,0.2526694804336085
M2_discharge,58,0,batch1-21,5.4C(80%)-5.4C,559.0,586.0659814407526,4.84185714503624,4.84185714503624,0.02053470533730417,0.2695688860317844
M2_discharge,58,0,batch1-24,6C(40%)-3C,1017.0,840.8509194918637,17.32046022695539,-17.32046022695539,-0.0826019494925414,0.0
M2_discharge,58,0,batch1-25,6C(40%)-3C,854.0,907.0619353540025,6.213341376346892,6.213341376346892,0.026179071568594114,0.0
M2_discharge,58,4,batch1-26,6C(40%)-3.6C,870.0,850.2234751373575,2.273163777315234,-2.273163777315234,-0.009986160712675218,0.0
M2_discharge,58,4,batch1-27,6C(40%)-3.6C,842.0,829.6760070814538,1.4636571162168879,-1.4636571162168879,-0.006403560336592395,0.0
M2_discharge,58,3,batch1-28,6C(50%)-3C,860.0,816.7285964789539,5.031558548958845,-5.031558548958845,-0.022420689244403214,0.0
M2_discharge,58,3,batch1-29,6C(50%)-3C,917.0,819.9002140457815,10.588853430121977,-10.588853430121977,-0.048608335879371634,0.0
M2_discharge,58,1,batch1-34,7C(30%)-3.6C,742.0,800.3029722328662,7.857543427609998,7.857543427609998,0.032850524537505255,0.0
M2_discharge,58,1,batch1-35,7C(30%)-3.6C,703.0,778.3744827820348,10.72183254367493,10.72183254367493,0.044233265127672894,0.0
M2_discharge,58,2,batch1-36,7C(40%)-3C,704.0,742.8362219963387,5.516508806298115,5.516508806298115,0.023320413402194262,0.0
M2_discharge,58,2,batch1-37,7C(40%)-3C,648.0,709.526432445683,9.494819821864658,9.494819821864658,0.039393573276634175,0.0
M2_discharge,58,0,batch1-38,7C(40%)-3.6C,617.0,576.2107609724488,6.610897735421582,-6.610897735421582,-0.02970379938541967,0.18685870663075166
M2_discharge,58,0,batch1-39,7C(40%)-3.6C,625.0,652.0413279951077,4.326612479217238,4.326612479217238,0.01839510592066773,0.11537318780629091
M2_discharge,58,1,batch1-40,8C(15%)-3.6C,966.0,995.4404412893099,3.0476647297422246,3.0476647297422246,0.013038154228007137,0.0
M2_discharge,58,1,batch1-41,8C(15%)-3.6C,1051.0,1009.4672386103553,3.95173752518028,-3.95173752518028,-0.017510487173170386,0.0
M2_discharge,58,3,batch1-42,8C(25%)-3.6C,702.0,723.9559582205402,3.127629376145327,3.127629376145327,0.01337503461488554,0.0
M2_discharge,58,3,batch1-43,8C(25%)-3.6C,651.0,664.4147099618568,2.060631330546364,2.060631330546364,0.008858250479893748,0.0
M2_discharge,59,2,batch1-05,4.4C(80%)-4.4C,1074.0,1021.5339996144014,4.885102456759646,-4.885102456759646,-0.02175145557451863,0.11949435672945175
M2_discharge,59,4,batch1-06,4.8C(80%)-4.8C,636.0,764.6233380592372,20.223795292332895,20.223795292332895,0.07999043390127447,0.0
M2_discharge,59,4,batch1-07,4.8C(80%)-4.8C,870.0,907.8827957402159,4.35434433795585,4.35434433795585,0.018510533734280354,0.0
M2_discharge,59,0,batch1-09,5.4C(40%)-3.6C,1054.0,835.4597211060557,20.73437181156967,-20.73437181156967,-0.10091509419714928,0.0
M2_discharge,59,2,batch1-11,5.4C(50%)-3C,788.0,771.0207119927254,2.1547319806186027,-2.1547319806186027,-0.009460172793552157,0.08751291627688573
M2_discharge,59,1,batch1-14,5.4C(60%)-3C,880.0,920.5731311319596,4.610583083177227,4.610583083177227,0.01957562279251901,0.0
M2_discharge,59,1,batch1-15,5.4C(60%)-3C,719.0,793.1340402218909,10.310714912641297,10.310714912641297,0.04261769921647396,0.0
M2_discharge,59,3,batch1-18,5.4C(70%)-3C,691.0,618.1465940199026,10.543184657032903,-10.543184657032903,-0.048386566744567094,0.0
M2_discharge,59,3,batch1-19,5.4C(70%)-3C,788.0,707.0604443185028,10.271517218464107,-10.271517218464107,-0.047069675670145195,0.0
M2_discharge,59,1,batch1-20,5.4C(80%)-5.4C,534.0,488.28817055042424,8.560267687186473,-8.560267687186473,-0.03886505399551865,0.06581077380285683
M2_discharge,59,1,batch1-21,5.4C(80%)-5.4C,559.0,535.073534755658,4.280226340669412,-4.280226340669412,-0.018998336997797516,0.08271017940103276
M2_discharge,59,1,batch1-24,6C(40%)-3C,1017.0,862.9218601586045,15.150259571425314,-15.150259571425314,-0.07134948193334267,0.0
M2_discharge,59,1,batch1-25,6C(40%)-3C,854.0,928.0571563785882,8.671798170794867,8.671798170794867,0.03611685330510639,0.0
M2_discharge,59,4,batch1-26,6C(40%)-3.6C,870.0,879.6273327723566,1.1065899738340883,1.1065899738340883,0.004779463167657205,0.0
M2_discharge,59,4,batch1-27,6C(40%)-3.6C,842.0,841.1938953943011,0.09573688903787646,-0.09573688903787646,-0.000415979180788284,0.0
M2_discharge,59,3,batch1-28,6C(50%)-3C,860.0,813.5777266861767,5.397938757421317,-5.397938757421317,-0.024099400844240115,0.0
M2_discharge,59,3,batch1-29,6C(50%)-3C,917.0,816.188708742407,10.993597738014502,-10.993597738014502,-0.05057875327587791,0.0
M2_discharge,59,0,batch1-34,7C(30%)-3.6C,742.0,809.4607547642943,9.091745925107046,9.091745925107046,0.037791892340971245,0.0
M2_discharge,59,0,batch1-35,7C(30%)-3.6C,703.0,811.2686047176398,15.400939504642938,15.400939504642938,0.06220934452180327,0.0
M2_discharge,59,4,batch1-36,7C(40%)-3C,704.0,741.2078833220442,5.285210699153999,5.285210699153999,0.022367370588741498,0.0
M2_discharge,59,4,batch1-37,7C(40%)-3C,648.0,705.4338209565583,8.863243974777514,8.863243974777514,0.03688127155146059,0.0
M2_discharge,59,3,batch1-38,7C(40%)-3.6C,617.0,559.8772407400068,9.258145747162601,-9.258145747162601,-0.04219235044417591,0.0
M2_discharge,59,3,batch1-39,7C(40%)-3.6C,625.0,635.0144523600236,1.6023123776037755,1.6023123776037755,0.006903592213701071,0.0
M2_discharge,59,2,batch1-40,8C(15%)-3.6C,966.0,994.5467442869293,2.9551495121044833,2.9551495121044833,0.012648073622931744,0.0
M2_discharge,59,2,batch1-41,8C(15%)-3.6C,1051.0,987.7683055975475,6.016336289481683,-6.016336289481683,-0.026947629133795115,0.01213032919585011
M2_discharge,59,0,batch1-42,8C(25%)-3.6C,702.0,761.6472086055176,8.49675336260934,8.49675336260934,0.03541674262879235,0.0
M2_discharge,59,0,batch1-43,8C(25%)-3.6C,651.0,760.4671245065344,16.815226498699605,16.815226498699605,0.06749945539082702,0.0
M2_discharge,60,1,batch1-05,4.4C(80%)-4.4C,1074.0,1031.6831198819868,3.940119191621337,-3.940119191621337,-0.01745795657167193,0.03198144045256601
M2_discharge,60,4,batch1-06,4.8C(80%)-4.8C,636.0,774.0659351847281,21.70848037495725,21.70848037495725,0.0853208399534382,0.0
M2_discharge,60,4,batch1-07,4.8C(80%)-4.8C,870.0,914.703189976831,5.138297698486325,5.138297698486325,0.021760941047073157,0.0
M2_discharge,60,2,batch1-09,5.4C(40%)-3.6C,1054.0,872.0889420182035,17.259113660512,-17.259113660512,-0.08227983115277437,0.0
M2_discharge,60,3,batch1-11,5.4C(50%)-3C,788.0,725.8897349324569,7.882013333444554,-7.882013333444554,-0.03565556255713753,0.0
M2_discharge,60,1,batch1-14,5.4C(60%)-3C,880.0,889.9567640745854,1.131450463021069,1.131450463021069,0.004886236090321905,0.0
M2_discharge,60,1,batch1-15,5.4C(60%)-3C,719.0,801.3860986645163,11.4584281869981,11.4584281869981,0.047112914240309056,0.0
M2_discharge,60,0,batch1-18,5.4C(70%)-3C,691.0,607.8600505439599,12.03183060145298,-12.03183060145298,-0.055674445523609783,0.0
M2_discharge,60,0,batch1-19,5.4C(70%)-3C,788.0,701.046462584367,11.034712870004192,-11.034712870004192,-0.050779415249976534,0.0
M2_discharge,60,4,batch1-20,5.4C(80%)-5.4C,534.0,568.9891836616216,6.552281584573335,6.552281584573335,0.027562753618323832,0.06581077380285683
M2_discharge,60,4,batch1-21,5.4C(80%)-5.4C,559.0,615.0374748068302,10.024592988699505,10.024592988699505,0.041489770662941794,0.08271017940103276
M2_discharge,60,3,batch1-24,6C(40%)-3C,1017.0,848.8353603470474,16.535362797733786,-16.535362797733786,-0.07849749003637196,0.0
M2_discharge,60,3,batch1-25,6C(40%)-3C,854.0,910.5423036359911,6.620878645900592,6.620878645900592,0.02784225715624844,0.0
M2_discharge,60,1,batch1-26,6C(40%)-3.6C,870.0,847.4454922426316,2.592472156019351,-2.592472156019351,-0.011407478698703066,0.0
M2_discharge,60,1,batch1-27,6C(40%)-3.6C,842.0,830.8981436701782,1.318510252947954,-1.318510252947954,-0.005764302797619081,0.0
M2_discharge,60,2,batch1-28,6C(50%)-3C,860.0,836.1005376443985,2.7790072506513352,-2.7790072506513352,-0.012239948542666301,0.0
M2_discharge,60,2,batch1-29,6C(50%)-3C,917.0,837.2573949571849,8.69603108427645,-8.69603108427645,-0.039510343596765196,0.0
M2_discharge,60,3,batch1-34,7C(30%)-3.6C,742.0,795.2427778262756,7.175576526452243,7.175576526452243,0.030095828376591083,0.0
M2_discharge,60,3,batch1-35,7C(30%)-3.6C,703.0,770.8692284787844,9.654228802103045,9.654228802103045,0.04002538485079565,0.0
M2_discharge,60,0,batch1-36,7C(40%)-3C,704.0,711.8358477496739,1.1130465553514086,1.1130465553514086,0.004807195961307187,0.0
M2_discharge,60,0,batch1-37,7C(40%)-3C,648.0,674.4591384195081,4.083200373380883,4.083200373380883,0.01738063754210195,0.0
M2_discharge,60,0,batch1-38,7C(40%)-3.6C,617.0,545.6793325213981,11.559265393614567,-11.559265393614567,-0.05334765874173408,0.0
M2_discharge,60,0,batch1-39,7C(40%)-3.6C,625.0,623.0101973302067,0.31836842716693353,-0.31836842716693353,-0.0013848621648495651,0.0
M2_discharge,60,4,batch1-40,8C(15%)-3.6C,966.0,983.1531242265506,1.7756857377381605,1.7756857377381605,0.007644037223015765,0.0
M2_discharge,60,4,batch1-41,8C(15%)-3.6C,1051.0,966.6242371548416,8.028141088977964,-8.028141088977964,-0.036345035580606755,0.0
M2_discharge,60,2,batch1-42,8C(25%)-3.6C,702.0,741.5432368853631,5.632939727259695,5.632939727259695,0.023799366219477314,0.0
M2_discharge,60,2,batch1-43,8C(25%)-3.6C,651.0,713.3046553015739,9.570607573206438,9.570607573206438,0.03969406983520196,0.0
M2_discharge,61,3,batch1-05,4.4C(80%)-4.4C,1074.0,1029.7256072453263,4.122382938051557,-4.122382938051557,-0.01828276844008414,0.03198144045256601
M2_discharge,61,3,batch1-06,4.8C(80%)-4.8C,636.0,761.074440624468,19.665792551016985,19.665792551016985,0.07797002150498233,0.0
M2_discharge,61,3,batch1-07,4.8C(80%)-4.8C,870.0,902.0795323160329,3.6873025650612528,3.6873025650612528,0.01572557641257255,0.0
M2_discharge,61,4,batch1-09,5.4C(40%)-3.6C,1054.0,882.9920355305591,16.22466456066802,-16.22466456066802,-0.07688382455912812,0.0
M2_discharge,61,4,batch1-11,5.4C(50%)-3C,788.0,750.1293589599245,4.805918913715165,-4.805918913715165,-0.021390054047024876,0.0
M2_discharge,61,1,batch1-14,5.4C(60%)-3C,880.0,906.1305028723626,2.969375326404844,2.969375326404844,0.012708078060634342,0.0
M2_discharge,61,1,batch1-15,5.4C(60%)-3C,719.0,795.2280268700564,10.601950885960555,10.601950885960555,0.04376278747080553,0.0
M2_discharge,61,2,batch1-18,5.4C(70%)-3C,691.0,622.7708557529297,9.873971671066611,-9.873971671066611,-0.045149766987815365,0.0
M2_discharge,61,2,batch1-19,5.4C(70%)-3C,788.0,699.3929081533325,11.244554802876582,-11.244554802876582,-0.05180499324165044,0.0
M2_discharge,61,1,batch1-20,5.4C(80%)-5.4C,534.0,503.25482448592066,5.757523504509239,-5.757523504509239,-0.025753310054907885,0.06581077380285683
M2_discharge,61,1,batch1-21,5.4C(80%)-5.4C,559.0,555.7004013754249,0.5902680902638788,-0.5902680902638788,-0.0025710974154775634,0.08271017940103276
M2_discharge,61,2,batch1-24,6C(40%)-3C,1017.0,840.7316539305547,17.332187420791083,-17.332187420791083,-0.08266355381226154,0.0
M2_discharge,61,2,batch1-25,6C(40%)-3C,854.0,907.7674151911721,6.295950256577525,6.295950256577525,0.02651671875918815,0.0
M2_discharge,61,2,batch1-26,6C(40%)-3.6C,870.0,853.9393955219125,1.8460464917341952,-1.8460464917341952,-0.008092202918335012,0.0
M2_discharge,61,2,batch1-27,6C(40%)-3.6C,842.0,819.1743321546419,2.710886917500963,-2.710886917500963,-0.011935755751493637,0.0
M2_discharge,61,0,batch1-28,6C(50%)-3C,860.0,835.8863855319709,2.803908659073156,-2.803908659073156,-0.012351199509925248,0.0
M2_discharge,61,0,batch1-29,6C(50%)-3C,917.0,838.0551949168022,8.609029998167701,-8.609029998167701,-0.0390967131514266,0.0
M2_discharge,61,0,batch1-34,7C(30%)-3.6C,742.0,799.9000649801482,7.803243258780075,7.803243258780075,0.032631826789528695,0.0
M2_discharge,61,0,batch1-35,7C(30%)-3.6C,703.0,756.013407152016,7.5410251994332915,7.5410251994332915,0.03157417233390758,0.0
M2_discharge,61,3,batch1-36,7C(40%)-3C,704.0,741.2761020640945,5.294900861377061,5.294900861377061,0.02240734002321476,0.0
M2_discharge,61,3,batch1-37,7C(40%)-3C,648.0,704.2278398142837,8.677135773809212,8.677135773809212,0.036138183904655286,0.0
M2_discharge,61,0,batch1-38,7C(40%)-3.6C,617.0,572.3165809969213,7.242045219299629,-7.242045219299629,-0.032648835683557476,0.0
M2_discharge,61,0,batch1-39,7C(40%)-3.6C,625.0,642.9892120860812,2.878273933772998,2.878273933772998,0.01232366915590255,0.0
M2_discharge,61,4,batch1-40,8C(15%)-3.6C,966.0,991.6577501055873,2.6560817914686643,2.6560817914686643,0.011384683957294417,0.0
M2_discharge,61,4,batch1-41,8C(15%)-3.6C,1051.0,999.1054582099445,4.937634804001479,-4.937634804001479,-0.021991384457500818,0.0
M2_discharge,61,1,batch1-42,8C(25%)-3.6C,702.0,752.9742470136397,7.261288748381721,7.261288748381721,0.03044301072278266,0.0
M2_discharge,61,1,batch1-43,8C(25%)-3.6C,651.0,684.6040576277303,5.161913614090675,5.161913614090675,0.0218584802916717,0.0
M3,42,0,batch1-05,4.4C(80%)-4.4C,1074.0,1008.1116210112126,6.134858378844264,-6.134858378844264,-0.02749566026056538,0.03198144045256601
M3,42,2,batch1-06,4.8C(80%)-4.8C,636.0,770.5797280113704,21.160334592982775,21.160334592982775,0.08336046399793817,0.0
M3,42,2,batch1-07,4.8C(80%)-4.8C,870.0,938.2106315184349,7.840302473383318,7.840302473383318,0.032781097313806296,0.0
M3,42,2,batch1-09,5.4C(40%)-3.6C,1054.0,989.2933691026503,6.139149041494276,-6.139149041494276,-0.027515512717727564,0.0
M3,42,4,batch1-11,5.4C(50%)-3C,788.0,812.3601375292809,3.0913880113300642,3.0913880113300642,0.013222386957871368,0.0
M3,42,3,batch1-14,5.4C(60%)-3C,880.0,902.3413510243965,2.538789889135971,2.538789889135971,0.010888187811111116,0.0
M3,42,3,batch1-15,5.4C(60%)-3C,719.0,826.328574353359,14.927479047755082,14.927479047755082,0.060423880489769655,0.0
M3,42,1,batch1-18,5.4C(70%)-3C,691.0,611.0606678840251,11.568644300430526,-11.568644300430526,-0.05339371696915984,0.0
M3,42,1,batch1-19,5.4C(70%)-3C,788.0,721.0527977505462,8.495837848915452,-8.495837848915452,-0.038559151199802244,0.0
M3,42,4,batch1-20,5.4C(80%)-5.4C,534.0,557.5800519512721,4.4157400657813,4.4157400657813,0.018765970969475188,0.06581077380285683
M3,42,4,batch1-21,5.4C(80%)-5.4C,559.0,599.9945192389428,7.333545481027327,7.333545481027327,0.03073547537196175,0.08271017940103276
M3,42,1,batch1-24,6C(40%)-3C,1017.0,832.9584618995746,18.096513087554126,-18.096513087554126,-0.08669760843984786,0.0
M3,42,1,batch1-25,6C(40%)-3C,854.0,914.4740305474954,7.081268213992439,7.081268213992439,0.02971350609985235,0.0
M3,42,3,batch1-26,6C(40%)-3.6C,870.0,853.7974572756729,1.862361232681281,-1.862361232681281,-0.008164395536482072,0.0
M3,42,3,batch1-27,6C(40%)-3.6C,842.0,886.6736477647713,5.305658879426522,5.305658879426522,0.02245170978068245,0.0
M3,42,0,batch1-28,6C(50%)-3C,860.0,820.2813490271564,4.618447787539958,-4.618447787539958,-0.02053561425882089,0.0
M3,42,0,batch1-29,6C(50%)-3C,917.0,831.8296946851206,9.28792860576657,-9.28792860576657,-0.0423349159049895,0.0
M3,42,3,batch1-34,7C(30%)-3.6C,742.0,809.3670330870223,9.0791149712968,9.0791149712968,0.03774160557467665,0.0
M3,42,3,batch1-35,7C(30%)-3.6C,703.0,743.2286458408746,5.722424728431665,5.722424728431665,0.02416711505466118,0.0
M3,42,4,batch1-36,7C(40%)-3C,704.0,715.401299394452,1.6195027548937577,1.6195027548937577,0.006977065487344003,0.0
M3,42,4,batch1-37,7C(40%)-3C,648.0,703.8466357024458,8.618307978772506,8.618307978772506,0.035903033208902535,0.0
M3,42,0,batch1-38,7C(40%)-3.6C,617.0,565.641297750569,8.323938776244887,-8.323938776244887,-0.037744054032171626,0.0
M3,42,0,batch1-39,7C(40%)-3.6C,625.0,651.6724682810038,4.267594924960613,4.267594924960613,0.01814935605875201,0.0
M3,42,1,batch1-40,8C(15%)-3.6C,966.0,1037.0913593071607,7.359353965544586,7.359353965544586,0.03083988946758387,0.0
M3,42,1,batch1-41,8C(15%)-3.6C,1051.0,1000.066444730143,4.846199359643866,-4.846199359643866,-0.02157386040723086,0.0
M3,42,2,batch1-42,8C(25%)-3.6C,702.0,735.4045880276316,4.758488323024441,4.758488323024441,0.02018922287933389,0.0
M3,42,2,batch1-43,8C(25%)-3.6C,651.0,646.1571954129549,0.7439023943233588,-0.7439023943233588,-0.003242803706869246,0.0
M3,43,4,batch1-05,4.4C(80%)-4.4C,1074.0,1043.7295262900434,2.8184798612622535,-2.8184798612622535,-0.012416311872085473,0.03198144045256601
M3,43,4,batch1-06,4.8C(80%)-4.8C,636.0,772.7569451929712,21.502664338517487,21.502664338517487,0.08458580134856408,0.0
M3,43,4,batch1-07,4.8C(80%)-4.8C,870.0,925.2110249877487,6.346094826178013,6.346094826178013,0.026721546645132044,0.0
M3,43,1,batch1-09,5.4C(40%)-3.6C,1054.0,978.8854730699918,7.1266154582550465,-7.1266154582550465,-0.032108727370885326,0.0
M3,43,2,batch1-11,5.4C(50%)-3C,788.0,806.0533253849504,2.291031140222135,2.291031140222135,0.009837556516974377,0.0
M3,43,4,batch1-14,5.4C(60%)-3C,880.0,899.4474166462388,2.2099337097998664,2.2099337097998664,0.009493106617669334,0.0
M3,43,4,batch1-15,5.4C(60%)-3C,719.0,815.8878644241163,13.475363619487663,13.475363619487663,0.054901583066651494,0.0
M3,43,3,batch1-18,5.4C(70%)-3C,691.0,614.5453829362284,11.064344003440173,-11.064344003440173,-0.050924087196472456,0.0
M3,43,3,batch1-19,5.4C(70%)-3C,788.0,727.4371366377915,7.685642558655906,-7.685642558655906,-0.034730748891321106,0.0
M3,43,1,batch1-20,5.4C(80%)-5.4C,534.0,552.0453573307087,3.379280399009125,3.379280399009125,0.014433504811482756,0.06581077380285683
M3,43,1,batch1-21,5.4C(80%)-5.4C,559.0,597.5873972232812,6.902933313646008,6.902933313646008,0.028989621995049397,0.08271017940103276
M3,43,2,batch1-24,6C(40%)-3C,1017.0,839.9391968596901,17.410108470040303,-17.410108470040303,-0.08307310427047865,0.0
M3,43,2,batch1-25,6C(40%)-3C,854.0,924.9754840706021,8.31094661248268,8.31094661248268,0.034672351483592045,0.0
M3,43,0,batch1-26,6C(40%)-3.6C,870.0,846.9246077902887,2.652343932150719,-2.652343932150719,-0.01167450093957445,0.0
M3,43,0,batch1-27,6C(40%)-3.6C,842.0,809.7040001176143,3.8356294397132626,-3.8356294397132626,-0.01698580670696348,0.0
M3,43,0,batch1-28,6C(50%)-3C,860.0,792.9851792618971,7.792421016058477,-7.792421016058477,-0.03523338072914761,0.0
M3,43,0,batch1-29,6C(50%)-3C,917.0,812.1656906878026,11.432312902093503,-11.432312902093503,-0.05272469656338963,0.0
M3,43,3,batch1-34,7C(30%)-3.6C,742.0,793.8520738141937,6.988150109729603,6.988150109729603,0.029335678367951257,0.0
M3,43,3,batch1-35,7C(30%)-3.6C,703.0,729.1094263931926,3.7140009094157356,3.7140009094157356,0.01583738808876678,0.0
M3,43,2,batch1-36,7C(40%)-3C,704.0,699.5841052247663,0.6272577805729701,-0.6272577805729701,-0.0027327255332916245,0.0
M3,43,2,batch1-37,7C(40%)-3C,648.0,683.8958573404967,5.539484157484061,5.539484157484061,0.023414967156760724,0.0
M3,43,0,batch1-38,7C(40%)-3.6C,617.0,563.0461579472111,8.744544903207277,-8.744544903207277,-0.03974116470575639,0.0
M3,43,0,batch1-39,7C(40%)-3.6C,625.0,647.6629238895573,3.6260678223291687,3.6260678223291687,0.015469018800364331,0.0
M3,43,3,batch1-40,8C(15%)-3.6C,966.0,1038.6354988631786,7.519202780867346,7.519202780867346,0.03148603557253127,0.0
M3,43,3,batch1-41,8C(15%)-3.6C,1051.0,995.8012463547651,5.252022230754984,-5.252022230754984,-0.023430050521159096,0.0
M3,43,1,batch1-42,8C(25%)-3.6C,702.0,725.2224599776679,3.308042731861521,3.308042731861521,0.014134133505083302,0.0
M3,43,1,batch1-43,8C(25%)-3.6C,651.0,657.6670325509801,1.0241217436221413,1.0241217436221413,0.004425083578367239,0.0
M3,44,3,batch1-05,4.4C(80%)-4.4C,1074.0,1015.61200117442,5.4364989595512085,-5.4364989595512085,-0.024276457207310642,0.03198144045256601
M3,44,4,batch1-06,4.8C(80%)-4.8C,636.0,775.8544329865767,21.989690721159867,21.989690721159867,0.08632313024775806,0.0
M3,44,4,batch1-07,4.8C(80%)-4.8C,870.0,902.5162476975493,3.73749973535049,3.73749973535049,0.015935776487467912,0.0
M3,44,2,batch1-09,5.4C(40%)-3.6C,1054.0,980.2665976486843,6.995578970713065,-6.995578970713065,-0.03149640646769969,0.0
M3,44,4,batch1-11,5.4C(50%)-3C,788.0,881.0246583107331,11.805159684103188,11.805159684103188,0.0484618462214943,0.0
M3,44,4,batch1-14,5.4C(60%)-3C,880.0,924.3722626841625,5.042302577745737,5.042302577745737,0.021364233129488763,0.0
M3,44,4,batch1-15,5.4C(60%)-3C,719.0,851.1154939264841,18.374894843739092,18.374894843739092,0.07325960621361816,0.0
M3,44,0,batch1-18,5.4C(70%)-3C,691.0,615.5319961946768,10.921563502941126,-10.921563502941126,-0.05022741429918964,0.0
M3,44,0,batch1-19,5.4C(70%)-3C,788.0,723.5019228083468,8.18503517660574,-8.18503517660574,-0.03708652783416033,0.0
M3,44,0,batch1-20,5.4C(80%)-5.4C,534.0,540.86416375736,1.2854239245992436,1.2854239245992436,0.005546950152060415,0.06581077380285683
M3,44,0,batch1-21,5.4C(80%)-5.4C,559.0,577.2225909099922,3.2598552611792777,3.2598552611792777,0.013931511963235721,0.08271017940103276
M3,44,0,batch1-24,6C(40%)-3C,1017.0,833.8093284437491,18.01284872726164,-18.01284872726164,-0.08625420333061617,0.0
M3,44,0,batch1-25,6C(40%)-3C,854.0,918.9646629455915,7.607103389413525,7.607103389413525,0.03184094104226798,0.0
M3,44,1,batch1-26,6C(40%)-3.6C,870.0,848.3281962718487,2.491011922776012,-2.491011922776012,-0.01095535053294272,0.0
M3,44,1,batch1-27,6C(40%)-3.6C,842.0,818.4784567552066,2.793532451875701,-2.793532451875701,-0.012304838705222032,0.0
M3,44,1,batch1-28,6C(50%)-3C,860.0,806.0099031869559,6.2779182340749005,-6.2779182340749005,-0.028158073367725134,0.0
M3,44,1,batch1-29,6C(50%)-3C,917.0,818.8057851081899,10.708202278278096,-10.708202278278096,-0.049188433248081864,0.0
M3,44,2,batch1-34,7C(30%)-3.6C,742.0,796.7195153886931,7.374597761279398,7.374597761279398,0.030901549920705484,0.0
M3,44,2,batch1-35,7C(30%)-3.6C,703.0,739.036824805486,5.1261486209795235,5.1261486209795235,0.02171075398578326,0.0
M3,44,1,batch1-36,7C(40%)-3C,704.0,708.7781719442264,0.6787176057139793,0.6787176057139793,0.00293767508938636,0.0
M3,44,1,batch1-37,7C(40%)-3C,648.0,690.7477841912583,6.596880276428757,6.596880276428757,0.02774449457274697,0.0
M3,44,3,batch1-38,7C(40%)-3.6C,617.0,566.5933723749673,8.169631705839981,-8.169631705839981,-0.03701367390144261,0.0
M3,44,3,batch1-39,7C(40%)-3.6C,625.0,655.4459219815718,4.87134751705149,4.87134751705149,0.020656848393965976,0.0
M3,44,3,batch1-40,8C(15%)-3.6C,966.0,1039.4789856314255,7.606520251700366,7.606520251700366,0.03183858753428126,0.0
M3,44,3,batch1-41,8C(15%)-3.6C,1051.0,991.7718517452981,5.635408968097227,-5.635408968097227,-0.025190937950514414,0.0
M3,44,2,batch1-42,8C(25%)-3.6C,702.0,725.6713559734516,3.371988030406206,3.371988030406206,0.014402868622697795,0.0
M3,44,2,batch1-43,8C(25%)-3.6C,651.0,652.384887084707,0.2127322710763402,0.2127322710763402,0.000922903205717418,0.0
M3,45,3,batch1-05,4.4C(80%)-4.4C,1074.0,1013.7055266182784,5.614010556957314,-5.614010556957314,-0.025092467133672525,0.03198144045256601
M3,45,2,batch1-06,4.8C(80%)-4.8C,636.0,775.4595773658837,21.927606504069757,21.927606504069757,0.08610204848123715,0.0
M3,45,2,batch1-07,4.8C(80%)-4.8C,870.0,931.5866641595753,7.0789269148937155,7.0789269148937155,0.029704010280346527,0.0
M3,45,1,batch1-09,5.4C(40%)-3.6C,1054.0,984.7379592965176,6.571351110387324,-6.571351110387324,-0.02951993161931421,0.0
M3,45,4,batch1-11,5.4C(50%)-3C,788.0,811.9945539997532,3.0449941624052257,3.0449941624052257,0.01302689897355691,0.0
M3,45,2,batch1-14,5.4C(60%)-3C,880.0,903.8578065128447,2.711114376459627,2.711114376459627,0.011617441174654353,0.0
M3,45,2,batch1-15,5.4C(60%)-3C,719.0,818.5075021104061,13.839708221196956,13.839708221196956,0.05629377395178592,0.0
M3,45,3,batch1-18,5.4C(70%)-3C,691.0,613.6668541938828,11.191482750523466,-11.191482750523466,-0.05154538087606664,0.0
M3,45,3,batch1-19,5.4C(70%)-3C,788.0,724.6679121816663,8.037066982022038,-8.037066982022038,-0.03638718601943891,0.0
M3,45,0,batch1-20,5.4C(80%)-5.4C,534.0,566.3895391733915,6.065456774043359,6.065456774043359,0.025573966605794585,0.06581077380285683
M3,45,0,batch1-21,5.4C(80%)-5.4C,559.0,592.4355394428123,5.981312959358201,5.981312959358201,0.0252292955092428,0.08271017940103276
M3,45,0,batch1-24,6C(40%)-3C,1017.0,836.6112688270533,17.737338365088167,-17.737338365088167,-0.08479724286167789,0.0
M3,45,0,batch1-25,6C(40%)-3C,854.0,942.0030879844021,10.304811239391347,10.304811239391347,0.04259445576882781,0.0
M3,45,1,batch1-26,6C(40%)-3.6C,870.0,855.7325850304904,1.6399327551160414,-1.6399327551160414,-0.007181183023275306,0.0
M3,45,1,batch1-27,6C(40%)-3.6C,842.0,888.1605496671867,5.482250554297711,5.482250554297711,0.023179387265554574,0.0
M3,45,0,batch1-28,6C(50%)-3C,860.0,787.0008966788988,8.488267828035022,-8.488267828035022,-0.03852322406560127,0.0
M3,45,0,batch1-29,6C(50%)-3C,917.0,801.5372943283593,12.591352854050243,-12.591352854050243,-0.058445601438744,0.0
M3,45,1,batch1-34,7C(30%)-3.6C,742.0,800.2767859390091,7.854014277494484,7.854014277494484,0.032836313983027665,0.0
M3,45,1,batch1-35,7C(30%)-3.6C,703.0,733.8547790998111,4.389015519176549,4.389015519176549,0.018654801823421163,0.0
M3,45,4,batch1-36,7C(40%)-3C,704.0,712.9394707549646,1.2698111867847508,1.2698111867847508,0.005480000256739892,0.0
M3,45,4,batch1-37,7C(40%)-3C,648.0,693.9094106354261,7.084785591886739,7.084785591886739,0.02972777145874783,0.0
M3,45,4,batch1-38,7C(40%)-3.6C,617.0,568.0796390866108,7.928745690986909,-7.928745690986909,-0.03587594030922503,0.0
M3,45,4,batch1-39,7C(40%)-3.6C,625.0,655.8845467635987,4.941527482175789,4.941527482175789,0.02094738130554674,0.0
M3,45,3,batch1-40,8C(15%)-3.6C,966.0,1033.5825707426131,6.996125335674239,6.996125335674239,0.029368050808534107,0.0
M3,45,3,batch1-41,8C(15%)-3.6C,1051.0,985.4494142296029,6.236972956269944,-6.236972956269944,-0.027968380345102517,0.0
M3,45,2,batch1-42,8C(25%)-3.6C,702.0,736.4002354395094,4.900318438676552,4.900318438676552,0.020776806553425953,0.0
M3,45,2,batch1-43,8C(25%)-3.6C,651.0,654.1299986028406,0.4807985565039326,0.4807985565039326,0.002083077898943131,0.0
M3,46,1,batch1-05,4.4C(80%)-4.4C,1074.0,1013.0703219741214,5.673154378573428,-5.673154378573428,-0.025364688535028268,0.03198144045256601
M3,46,0,batch1-06,4.8C(80%)-4.8C,636.0,780.7085789232912,22.752921214353954,22.752921214353954,0.08903183604697107,0.0
M3,46,0,batch1-07,4.8C(80%)-4.8C,870.0,948.7808079051621,9.055265276455412,9.055265276455412,0.03764663850993211,0.0
M3,46,2,batch1-09,5.4C(40%)-3.6C,1054.0,977.7262820739672,7.236595628655859,-7.236595628655859,-0.03262332134756196,0.0
M3,46,3,batch1-11,5.4C(50%)-3C,788.0,909.461361422655,15.413878353128812,15.413878353128812,0.06225803524762075,0.0
M3,46,3,batch1-14,5.4C(60%)-3C,880.0,932.5328240153877,5.969639092657698,5.969639092657698,0.025181455234438044,0.0
M3,46,3,batch1-15,5.4C(60%)-3C,719.0,867.3808464734999,20.637113556815006,20.637113556815006,0.08148093743365425,0.0
M3,46,4,batch1-18,5.4C(70%)-3C,691.0,611.0606678840251,11.568644300430526,-11.568644300430526,-0.05339371696915984,0.0
M3,46,4,batch1-19,5.4C(70%)-3C,788.0,721.0527977505462,8.495837848915452,-8.495837848915452,-0.038559151199802244,0.0
M3,46,0,batch1-20,5.4C(80%)-5.4C,534.0,558.9040145223664,4.663673131529293,4.663673131529293,0.019795972069634793,0.06581077380285683
M3,46,0,batch1-21,5.4C(80%)-5.4C,559.0,613.802993682744,9.803755578308417,9.803755578308417,0.04061719438586442,0.08271017940103276
M3,46,4,batch1-24,6C(40%)-3C,1017.0,832.9584618995746,18.096513087554126,-18.096513087554126,-0.08669760843984786,0.0
M3,46,4,batch1-25,6C(40%)-3C,854.0,914.4740305474954,7.081268213992439,7.081268213992439,0.02971350609985235,0.0
M3,46,1,batch1-26,6C(40%)-3.6C,870.0,853.8361908140216,1.8579091018365954,-1.8579091018365954,-0.008144693697049288,0.0
M3,46,1,batch1-27,6C(40%)-3.6C,842.0,886.310527717292,5.262532983051302,5.262532983051302,0.022273816444380312,0.0
M3,46,2,batch1-28,6C(50%)-3C,860.0,810.5584798111482,5.74901397544788,-5.74901397544788,-0.025714097644376377,0.0
M3,46,2,batch1-29,6C(50%)-3C,917.0,817.651818158718,10.834043821295746,-10.834043821295746,-0.04980092887341536,0.0
M3,46,3,batch1-34,7C(30%)-3.6C,742.0,815.9219551411949,9.962527647061304,9.962527647061304,0.04124471417028719,0.0
M3,46,3,batch1-35,7C(30%)-3.6C,703.0,758.1275997395068,7.841763832077777,7.841763832077777,0.0327869824578797,0.0
M3,46,0,batch1-36,7C(40%)-3C,704.0,734.1738338632796,4.286055946488577,4.286055946488577,0.01822624293910513,0.0
M3,46,0,batch1-37,7C(40%)-3C,648.0,711.1669379395306,9.747984249927564,9.747984249927564,0.0403965522656593,0.0
M3,46,1,batch1-38,7C(40%)-3.6C,617.0,568.2709783832029,7.8977344597726304,-7.8977344597726304,-0.03572968685507272,0.0
M3,46,1,batch1-39,7C(40%)-3.6C,625.0,655.8385812674907,4.934173002798507,4.934173002798507,0.020916944148650973,0.0
M3,46,4,batch1-40,8C(15%)-3.6C,966.0,1037.0913593071607,7.359353965544586,7.359353965544586,0.03083988946758387,0.0
M3,46,4,batch1-41,8C(15%)-3.6C,1051.0,1000.066444730143,4.846199359643866,-4.846199359643866,-0.02157386040723086,0.0
M3,46,2,batch1-42,8C(25%)-3.6C,702.0,723.3160415736944,3.036473158645927,3.036473158645927,0.012990984779397419,0.0
M3,46,2,batch1-43,8C(25%)-3.6C,651.0,642.3861040852827,1.3231790959627217,-1.3231790959627217,-0.005784850731495261,0.0
M3,47,2,batch1-05,4.4C(80%)-4.4C,1074.0,1005.6227075000228,6.36660079143177,-6.36660079143177,-0.02856920997261314,0.03198144045256601
M3,47,1,batch1-06,4.8C(80%)-4.8C,636.0,776.8187623508242,22.141314835035246,22.141314835035246,0.08686259080743897,0.0
M3,47,1,batch1-07,4.8C(80%)-4.8C,870.0,949.3278054336728,9.118138555594573,9.118138555594573,0.03789694875367022,0.0
M3,47,0,batch1-09,5.4C(40%)-3.6C,1054.0,982.8442313290615,6.7510216955349645,-6.7510216955349645,-0.03035591790172898,0.0
M3,47,3,batch1-11,5.4C(50%)-3C,788.0,794.1414955515683,0.7793776080670375,0.7793776080670375,0.003371671917976382,0.0
M3,47,0,batch1-14,5.4C(60%)-3C,880.0,889.0877581796972,1.0326997931474065,1.0326997931474065,0.004461958350010509,0.0
M3,47,0,batch1-15,5.4C(60%)-3C,719.0,808.6883313922625,12.474037745794508,12.474037745794508,0.051052286314339224,0.0
M3,47,0,batch1-18,5.4C(70%)-3C,691.0,620.5702488568786,10.19243866036489,-10.19243866036489,-0.04668709640804325,0.0
M3,47,0,batch1-19,5.4C(70%)-3C,788.0,719.7932021941768,8.655685000738979,-8.655685000738979,-0.03931847667794042,0.0
M3,47,4,batch1-20,5.4C(80%)-5.4C,534.0,561.054495732846,5.066384968697757,5.066384968697757,0.02146378969394558,0.06581077380285683
M3,47,4,batch1-21,5.4C(80%)-5.4C,559.0,599.9091415688347,7.31827219478259,7.31827219478259,0.030673671991774842,0.08271017940103276
M3,47,3,batch1-24,6C(40%)-3C,1017.0,836.3967548804794,17.75843118186043,-17.75843118186043,-0.08490861378456493,0.0
M3,47,3,batch1-25,6C(40%)-3C,854.0,925.5748846666708,8.381134035909925,8.381134035909925,0.034953690900041856,0.0
M3,47,4,batch1-26,6C(40%)-3.6C,870.0,858.0197241227839,1.3770432042777079,-1.3770432042777079,-0.0060219811111412724,0.0
M3,47,4,batch1-27,6C(40%)-3.6C,842.0,885.697841446601,5.189767392707963,5.189767392707963,0.021973494750947342,0.0
M3,47,2,batch1-28,6C(50%)-3C,860.0,821.2259330833424,4.508612432169488,-4.508612432169488,-0.02003579596005922,0.0
M3,47,2,batch1-29,6C(50%)-3C,917.0,829.1535148813831,9.579769369532922,-9.579769369532922,-0.043734389566583154,0.0
M3,47,1,batch1-34,7C(30%)-3.6C,742.0,812.3408341044949,9.479896779581521,9.479896779581521,0.039334379274446274,0.0
M3,47,1,batch1-35,7C(30%)-3.6C,703.0,743.5721213281138,5.77128326146711,5.77128326146711,0.02436777342762486,0.0
M3,47,2,batch1-36,7C(40%)-3C,704.0,709.0437573391987,0.7164428038634505,0.7164428038634505,0.0031003785579635235,0.0
M3,47,2,batch1-37,7C(40%)-3C,648.0,692.051701671826,6.798102109849688,6.798102109849688,0.02856353499082198,0.0
M3,47,3,batch1-38,7C(40%)-3.6C,617.0,563.5648252022115,8.660482139025685,-8.660482139025685,-0.0393412851624646,0.0
M3,47,3,batch1-39,7C(40%)-3.6C,625.0,654.067868656405,4.650858985024806,4.650858985024806,0.01974279742315499,0.0
M3,47,1,batch1-40,8C(15%)-3.6C,966.0,1047.792835441539,8.467167229972977,8.467167229972977,0.035298298104104564,0.0
M3,47,1,batch1-41,8C(15%)-3.6C,1051.0,1010.5299252745792,3.85062556854622,-3.85062556854622,-0.017053537029780852,0.0
M3,47,4,batch1-42,8C(25%)-3.6C,702.0,724.1242638256091,3.1516045335625487,3.1516045335625487,0.013475987855971372,0.0
M3,47,4,batch1-43,8C(25%)-3.6C,651.0,672.785105331255,3.34640634888709,3.34640634888709,0.01429537956047211,0.0
M3,48,4,batch1-05,4.4C(80%)-4.4C,1074.0,1030.7823455623252,4.023990171105662,-4.023990171105662,-0.01783730967881203,0.10736402753360164
M3,48,4,batch1-06,4.8C(80%)-4.8C,636.0,769.9380385979409,21.05944003112279,21.05944003112279,0.08299866072178474,0.0
M3,48,4,batch1-07,4.8C(80%)-4.8C,870.0,934.6666311376554,7.43294610777648,7.43294610777648,0.0311374854477231,0.0
M3,48,2,batch1-09,5.4C(40%)-3.6C,1054.0,990.1090662944232,6.06175841608888,-6.06175841608888,-0.027157573571034543,0.0
M3,48,4,batch1-11,5.4C(50%)-3C,788.0,798.0664861712679,1.2774728643741005,1.2774728643741005,0.005512856034750602,0.07538258708103562
M3,48,3,batch1-14,5.4C(60%)-3C,880.0,905.2299289005822,2.8670373750661584,2.8670373750661584,0.01227623210457196,0.0
M3,48,3,batch1-15,5.4C(60%)-3C,719.0,827.8051757781357,15.132847813370745,15.132847813370745,0.061199247077916574,0.0
M3,48,1,batch1-18,5.4C(70%)-3C,691.0,595.8786440479695,13.76575339392627,-13.76575339392627,-0.0643202265379701,0.0
M3,48,1,batch1-19,5.4C(70%)-3C,788.0,713.0685586614588,9.509066159713345,-9.509066159713345,-0.04339492997014949,0.0
M3,48,2,batch1-20,5.4C(80%)-5.4C,534.0,556.3920378056205,4.1932655066705005,4.1932655066705005,0.01783964940679228,0.06581077380285683
M3,48,2,batch1-21,5.4C(80%)-5.4C,559.0,594.4146179488621,6.335352048096975,6.335352048096975,0.02667767324372905,0.08271017940103276
M3,48,2,batch1-24,6C(40%)-3C,1017.0,833.6097639399585,18.032471588991296,-18.032471588991296,-0.08635816011459418,0.0
M3,48,2,batch1-25,6C(40%)-3C,854.0,916.8502289102828,7.359511582000327,7.359511582000327,0.030840527063696666,0.0
M3,48,0,batch1-26,6C(40%)-3.6C,870.0,857.8245060799475,1.399482059776153,-1.399482059776153,-0.006120803740428116,0.0
M3,48,0,batch1-27,6C(40%)-3.6C,842.0,885.9007578711689,5.2138667305426285,5.2138667305426285,0.022072981715880235,0.0
M3,48,1,batch1-28,6C(50%)-3C,860.0,806.6516718432749,6.203293971712218,-6.203293971712218,-0.027812412994678848,0.0
M3,48,1,batch1-29,6C(50%)-3C,917.0,814.9264905405553,11.13124421586093,-11.13124421586093,-0.051250900172287395,0.0
M3,48,3,batch1-34,7C(30%)-3.6C,742.0,806.3118635761663,8.667367058782517,8.667367058782517,0.0360991445088672,0.0
M3,48,3,batch1-35,7C(30%)-3.6C,703.0,748.2393208869169,6.435180780500264,6.435180780500264,0.02708520214562249,0.0
M3,48,0,batch1-36,7C(40%)-3C,704.0,707.2273492882176,0.4584302966218216,0.4584302966218216,0.0019863878505925747,0.0
M3,48,0,batch1-37,7C(40%)-3C,648.0,693.8172992830656,7.070570877016298,7.070570877016298,0.02967011824529653,0.0
M3,48,1,batch1-38,7C(40%)-3.6C,617.0,540.8364160068826,12.344178929192449,-12.344178929192449,-0.057219237870395734,0.0
M3,48,1,batch1-39,7C(40%)-3.6C,625.0,632.7560759846327,1.2409721575412367,1.2409721575412367,0.005356306780849085,0.0
M3,48,0,batch1-40,8C(15%)-3.6C,966.0,1041.7315125251487,7.839701089559904,7.839701089559904,0.03277867541403179,0.0
M3,48,0,batch1-41,8C(15%)-3.6C,1051.0,991.5068896059065,5.660619447582635,-5.660619447582635,-0.025306979728542345,0.0
M3,48,3,batch1-42,8C(25%)-3.6C,702.0,729.4156076203878,3.90535721088146,3.90535721088146,0.016637939733740836,0.0
M3,48,3,batch1-43,8C(25%)-3.6C,651.0,659.1725233769479,1.2553799350150352,1.2553799350150352,0.0054181075807080425,0.0
M3,49,0,batch1-05,4.4C(80%)-4.4C,1074.0,1018.4935692373981,5.1681965328307164,-5.1681965328307164,-0.023045990151584927,0.10736402753360164
M3,49,1,batch1-06,4.8C(80%)-4.8C,636.0,772.6234263631651,21.48167081181841,21.48167081181841,0.08451075640529115,0.0
M3,49,1,batch1-07,4.8C(80%)-4.8C,870.0,949.2161719995946,9.105307126390185,9.105307126390185,0.03784587615798829,0.0
M3,49,2,batch1-09,5.4C(40%)-3.6C,1054.0,983.6374581014635,6.675762988475949,-6.675762988475949,-0.030005552036958427,0.0
M3,49,0,batch1-11,5.4C(50%)-3C,788.0,811.7807252203036,3.0178585304953764,3.0178585304953764,0.012912517801836554,0.07538258708103562
M3,49,3,batch1-14,5.4C(60%)-3C,880.0,890.9785510419304,1.2475626184011772,1.2475626184011772,0.005384577031200433,0.0
M3,49,3,batch1-15,5.4C(60%)-3C,719.0,809.8560316649097,12.636443903325405,12.636443903325405,0.051678930704802006,0.0
M3,49,3,batch1-18,5.4C(70%)-3C,691.0,622.8907212078364,9.856625006101831,-9.856625006101831,-0.04506618585027322,0.0
M3,49,3,batch1-19,5.4C(70%)-3C,788.0,722.9596421760266,8.253852515732667,-8.253852515732667,-0.0374121631679909,0.0
M3,49,3,batch1-20,5.4C(80%)-5.4C,534.0,536.9963410348818,0.5611125533486454,0.5611125533486454,0.0024300695019601193,0.06581077380285683
M3,49,3,batch1-21,5.4C(80%)-5.4C,559.0,573.6223529703967,2.6158055403214164,2.6158055403214164,0.011214258731738092,0.08271017940103276
M3,49,4,batch1-24,6C(40%)-3C,1017.0,845.0158813754122,16.910926118445214,-16.910926118445214,-0.08045608169033924,0.0
M3,49,4,batch1-25,6C(40%)-3C,854.0,918.1002963082585,7.505889497454159,7.505889497454159,0.03143225686727913,0.0
M3,49,1,batch1-26,6C(40%)-3.6C,870.0,883.1599294709239,1.5126355713705615,1.5126355713705615,0.006520103504222607,0.0
M3,49,1,batch1-27,6C(40%)-3.6C,842.0,841.5399735771379,0.054634967085765165,-0.054634967085765165,-0.00023734148887077922,0.0
M3,49,2,batch1-28,6C(50%)-3C,860.0,826.0122460036704,3.952064418177862,-3.952064418177862,-0.01751196526411114,0.0
M3,49,2,batch1-29,6C(50%)-3C,917.0,833.2871526404185,9.128990987958721,-9.128990987958721,-0.04157464960865909,0.0
M3,49,4,batch1-34,7C(30%)-3.6C,742.0,788.1010280159967,6.213076552021117,6.213076552021117,0.026177988730174295,0.0
M3,49,4,batch1-35,7C(30%)-3.6C,703.0,731.3325060113737,4.030228451120007,4.030228451120007,0.01715955220262666,0.0
M3,49,0,batch1-36,7C(40%)-3C,704.0,714.0875338493836,1.4328883308783509,1.4328883308783509,0.006178792322685922,0.0
M3,49,0,batch1-37,7C(40%)-3C,648.0,697.2649074376163,7.602609172471656,7.602609172471656,0.031822802329145805,0.0
M3,49,2,batch1-38,7C(40%)-3.6C,617.0,561.4843061184635,8.997681342226345,-8.997681342226345,-0.04094754210255536,0.0
M3,49,2,batch1-39,7C(40%)-3.6C,625.0,647.3239147722383,3.5718263635581207,3.5718263635581207,0.015241634570757778,0.0
M3,49,4,batch1-40,8C(15%)-3.6C,966.0,1036.1190823827023,7.25870418040397,7.25870418040397,0.030432545837010494,0.0
M3,49,4,batch1-41,8C(15%)-3.6C,1051.0,994.4427143874224,5.381283122034027,-5.381283122034027,-0.024022945704039955,0.0
M3,49,1,batch1-42,8C(25%)-3.6C,702.0,741.9869355981002,5.696144672094048,5.696144672094048,0.024059146454337377,0.0
M3,49,1,batch1-43,8C(25%)-3.6C,651.0,643.2289687946933,1.1937067903696947,-1.1937067903696947,-0.0052153932749732235,0.0
M3,50,4,batch1-05,4.4C(80%)-4.4C,1074.0,1018.7507808886296,5.144247589513072,-5.144247589513072,-0.022936326721768374,0.03198144045256601
M3,50,3,batch1-06,4.8C(80%)-4.8C,636.0,777.2722940171293,22.21262484546058,22.21262484546058,0.08711607184361014,0.0
M3,50,3,batch1-07,4.8C(80%)-4.8C,870.0,930.3216231026023,6.93351989685084,6.93351989685084,0.029113862592919926,0.0
M3,50,1,batch1-09,5.4C(40%)-3.6C,1054.0,989.6551802883284,6.104821604522918,-6.104821604522918,-0.0273567085858768,0.0
M3,50,1,batch1-11,5.4C(50%)-3C,788.0,799.4843445947093,1.4574041363844341,1.4574041363844341,0.0062837463741884925,0.0
M3,50,3,batch1-14,5.4C(60%)-3C,880.0,897.9870794118631,2.0439862968026223,2.0439862968026223,0.00878741576379527,0.0
M3,50,3,batch1-15,5.4C(60%)-3C,719.0,814.8847290437809,13.33584548592224,13.33584548592224,0.05436728881008257,0.0
M3,50,2,batch1-18,5.4C(70%)-3C,691.0,613.2494165670125,11.251893405642182,-11.251893405642182,-0.05184090367449112,0.0
M3,50,2,batch1-19,5.4C(70%)-3C,788.0,714.6360376734704,9.310147503366705,-9.310147503366705,-0.04244130446430594,0.0
M3,50,3,batch1-20,5.4C(80%)-5.4C,534.0,553.8108798281728,3.7099025895454685,3.7099025895454685,0.01582022634728064,0.06581077380285683
M3,50,3,batch1-21,5.4C(80%)-5.4C,559.0,598.4851474473028,7.0635326381579215,7.0635326381579215,0.02964156914219318,0.08271017940103276
M3,50,1,batch1-24,6C(40%)-3C,1017.0,834.5775696839856,17.937308782302296,-17.937308782302296,-0.08585424459759006,0.0
M3,50,1,batch1-25,6C(40%)-3C,854.0,921.6287535296284,7.919057790354614,7.919057790354614,0.03309814498263908,0.0
M3,50,2,batch1-26,6C(40%)-3.6C,870.0,841.6173719500144,3.262371040228225,-3.262371040228225,-0.014404561379099068,0.0
M3,50,2,batch1-27,6C(40%)-3.6C,842.0,807.8419202393466,4.056779068961216,-4.056779068961216,-0.017985705829510756,0.0
M3,50,2,batch1-28,6C(50%)-3C,860.0,792.8152928081468,7.812175254866657,-7.812175254866657,-0.03532643247304046,0.0
M3,50,2,batch1-29,6C(50%)-3C,917.0,809.6623906566498,11.705300909852804,-11.705300909852804,-0.05406536918577798,0.0
M3,50,0,batch1-34,7C(30%)-3.6C,742.0,799.8415294067884,7.7953543674916945,7.7953543674916945,0.032600044560941566,0.0
M3,50,0,batch1-35,7C(30%)-3.6C,703.0,741.9891011582611,5.546102582967435,5.546102582967435,0.023442201092640946,0.0
M3,50,0,batch1-36,7C(40%)-3C,704.0,716.1457650103036,1.725250711690859,1.725250711690859,0.0074287688872765045,0.0
M3,50,0,batch1-37,7C(40%)-3C,648.0,699.6417694302776,7.969408862697157,7.969408862697157,0.03330072359753,0.0
M3,50,4,batch1-38,7C(40%)-3.6C,617.0,568.0070074169854,7.9405174364691415,-7.9405174364691415,-0.035931470463495874,0.0
M3,50,4,batch1-39,7C(40%)-3.6C,625.0,656.9960802399921,5.11937283839874,5.11937283839874,0.021682761142311158,0.0
M3,50,0,batch1-40,8C(15%)-3.6C,966.0,1034.1367188999882,7.0534905693569545,7.0534905693569545,0.02960083239921918,0.0
M3,50,0,batch1-41,8C(15%)-3.6C,1051.0,990.5960493741161,5.7472835990374795,-5.7472835990374795,-0.025706124401230213,0.0
M3,50,4,batch1-42,8C(25%)-3.6C,702.0,721.5539580361446,2.785464107712913,2.785464107712913,0.011931701194567434,0.0
M3,50,4,batch1-43,8C(25%)-3.6C,651.0,653.3703569164675,0.3641101254174304,0.3641101254174304,0.0015784382966015365,0.0
M3,51,3,batch1-05,4.4C(80%)-4.4C,1074.0,1008.9213558196806,6.059464076379835,-6.059464076379835,-0.027146966528679428,0.03198144045256601
M3,51,1,batch1-06,4.8C(80%)-4.8C,636.0,773.3621785027749,21.597826808612407,21.597826808612407,0.08492581331285498,0.0
M3,51,1,batch1-07,4.8C(80%)-4.8C,870.0,928.4374780165497,6.7169514961551355,6.7169514961551355,0.02823341058195794,0.0
M3,51,0,batch1-09,5.4C(40%)-3.6C,1054.0,989.6551802883284,6.104821604522918,-6.104821604522918,-0.0273567085858768,0.0
M3,51,0,batch1-11,5.4C(50%)-3C,788.0,799.4843445947093,1.4574041363844341,1.4574041363844341,0.0062837463741884925,0.0
M3,51,1,batch1-14,5.4C(60%)-3C,880.0,903.0372183764864,2.617865724600728,2.617865724600728,0.011222977833810432,0.0
M3,51,1,batch1-15,5.4C(60%)-3C,719.0,818.0827279229643,13.780629752846215,13.780629752846215,0.05606833317080362,0.0
M3,51,4,batch1-18,5.4C(70%)-3C,691.0,604.1950535142819,12.5622209096553,-12.5622209096553,-0.058300881948763816,0.0
M3,51,4,batch1-19,5.4C(70%)-3C,788.0,719.6278553324398,8.676668105020328,-8.676668105020328,-0.039418251833504225,0.0
M3,51,2,batch1-20,5.4C(80%)-5.4C,534.0,548.6556346761366,2.7445008756810165,2.7445008756810165,0.011758586720779007,0.2526694804336085
M3,51,2,batch1-21,5.4C(80%)-5.4C,559.0,597.1806772353282,6.830174818484467,6.830174818484467,0.028693939080437048,0.2695688860317844
M3,51,0,batch1-24,6C(40%)-3C,1017.0,834.5775696839856,17.937308782302296,-17.937308782302296,-0.08585424459759006,0.0
M3,51,0,batch1-25,6C(40%)-3C,854.0,921.6287535296284,7.919057790354614,7.919057790354614,0.03309814498263908,0.0
M3,51,1,batch1-26,6C(40%)-3.6C,870.0,870.5780509442199,0.06644263726664984,0.06644263726664984,0.0002884608873778838,0.0
M3,51,1,batch1-27,6C(40%)-3.6C,842.0,870.7046205919244,3.409099832770115,3.409099832770115,0.014558757648330811,0.0
M3,51,4,batch1-28,6C(50%)-3C,860.0,808.768762611833,5.957120626531042,-5.957120626531042,-0.026674082260145227,0.0
M3,51,4,batch1-29,6C(50%)-3C,917.0,816.8996883078422,10.916064524771842,-10.916064524771842,-0.05020060531759185,0.0
M3,51,2,batch1-34,7C(30%)-3.6C,742.0,799.9768667769607,7.813593905250771,7.813593905250771,0.032673523242448876,0.0
M3,51,2,batch1-35,7C(30%)-3.6C,703.0,737.3868269780078,4.891440537412201,4.891440537412201,0.02074004988051259,0.0
M3,51,3,batch1-36,7C(40%)-3C,704.0,711.8610944022507,1.116632727592433,1.116632727592433,0.004822598792594057,0.0
M3,51,3,batch1-37,7C(40%)-3C,648.0,695.8801942069807,7.388918859101963,7.388918859101963,0.03095947012862732,0.0
M3,51,2,batch1-38,7C(40%)-3.6C,617.0,579.6925777445099,6.046583833953016,-6.046583833953016,-0.027087424237316693,0.18685870663075166
M3,51,2,batch1-39,7C(40%)-3.6C,625.0,667.3779694303215,6.780475108851443,6.780475108851443,0.028491848875265458,0.11537318780629091
M3,51,3,batch1-40,8C(15%)-3.6C,966.0,1029.9807785373903,6.623268999729842,6.623268999729842,0.027851993577991507,0.0
M3,51,3,batch1-41,8C(15%)-3.6C,1051.0,979.6510371786313,6.788673912594545,-6.788673912594545,-0.03053131341420512,0.0
M3,51,4,batch1-42,8C(25%)-3.6C,702.0,716.5245052377545,2.0690178401359702,2.0690178401359702,0.008893935789245688,0.0
M3,51,4,batch1-43,8C(25%)-3.6C,651.0,627.2436671226898,3.6492062791567172,-3.6492062791567172,-0.01614470335245599,0.0
M3,52,2,batch1-05,4.4C(80%)-4.4C,1074.0,1007.0602460830596,6.232751761353854,-6.232751761353854,-0.027948828924334368,0.03198144045256601
M3,52,0,batch1-06,4.8C(80%)-4.8C,636.0,758.5153653960032,19.26342223207597,19.26342223207597,0.07650726715278866,0.0
M3,52,0,batch1-07,4.8C(80%)-4.8C,870.0,930.0680702111507,6.904375886339162,6.904375886339162,0.028995482424823305,0.0
M3,52,2,batch1-09,5.4C(40%)-3.6C,1054.0,976.5763942824625,7.345693142081357,-7.345693142081357,-0.03313438852904804,0.0
M3,52,1,batch1-11,5.4C(50%)-3C,788.0,823.2493354761664,4.473265923371368,4.473265923371368,0.019005171333624116,0.0
M3,52,0,batch1-14,5.4C(60%)-3C,880.0,898.6260580730989,2.1165975083066906,2.1165975083066906,0.009096335822921464,0.0
M3,52,0,batch1-15,5.4C(60%)-3C,719.0,812.0213320908784,12.93759834365486,12.93759834365486,0.05283854807955546,0.0
M3,52,4,batch1-18,5.4C(70%)-3C,691.0,605.8674890890262,12.320189712152503,-12.320189712152503,-0.05710039853842552,0.0
M3,52,4,batch1-19,5.4C(70%)-3C,788.0,723.102815037236,8.235683370909133,-8.235683370909133,-0.03732616524518395,0.0
M3,52,3,batch1-20,5.4C(80%)-5.4C,534.0,557.3443999178645,4.371610471510207,4.371610471510207,0.018582384755879033,0.06581077380285683
M3,52,3,batch1-21,5.4C(80%)-5.4C,559.0,594.3111638094781,6.3168450464182655,6.3168450464182655,0.026602080432220454,0.08271017940103276
M3,52,0,batch1-24,6C(40%)-3C,1017.0,846.4911060152345,16.765869615021185,-16.765869615021185,-0.07969855353602773,0.0
M3,52,0,batch1-25,6C(40%)-3C,854.0,945.216050848595,10.681036399132909,10.681036399132909,0.04407321715049317,0.0
M3,52,3,batch1-26,6C(40%)-3.6C,870.0,856.7392696368363,1.524221880823414,-1.524221880823414,-0.006670578870894506,0.0
M3,52,3,batch1-27,6C(40%)-3.6C,842.0,889.9399506483206,5.693580837092712,5.693580837092712,0.024048611794802888,0.0
M3,52,1,batch1-28,6C(50%)-3C,860.0,821.6594342204718,4.458205323200956,-4.458205323200956,-0.019806605098821706,0.0
M3,52,1,batch1-29,6C(50%)-3C,917.0,833.4727538985362,9.108750938000414,-9.108750938000414,-0.04147792829654717,0.0
M3,52,1,batch1-34,7C(30%)-3.6C,742.0,802.5318511822835,8.15793142618376,8.15793142618376,0.03405837258069111,0.0
M3,52,1,batch1-35,7C(30%)-3.6C,703.0,735.6314562644657,4.641743423110337,4.641743423110337,0.019704966766974863,0.0
M3,52,4,batch1-36,7C(40%)-3C,704.0,704.5345659547304,0.07593266402420408,0.07593266402420408,0.0003296462310697912,0.0
M3,52,4,batch1-37,7C(40%)-3C,648.0,680.0146974705464,4.940539733109007,4.940539733109007,0.020943293543548958,0.0
M3,52,4,batch1-38,7C(40%)-3.6C,617.0,550.9747723769774,10.701009339225704,-10.701009339225704,-0.0491534498789048,0.0
M3,52,4,batch1-39,7C(40%)-3.6C,625.0,642.7446474697249,2.8391435951559836,2.8391435951559836,0.012158451348431853,0.0
M3,52,3,batch1-40,8C(15%)-3.6C,966.0,1049.4117834693982,8.634760193519481,8.634760193519481,0.03596881001153607,0.0
M3,52,3,batch1-41,8C(15%)-3.6C,1051.0,994.7466514959845,5.352364272503858,-5.352364272503858,-0.023890230124130607,0.0
M3,52,2,batch1-42,8C(25%)-3.6C,702.0,722.6021141474105,2.9347740950727172,2.9347740950727172,0.012562115737696722,0.0
M3,52,2,batch1-43,8C(25%)-3.6C,651.0,650.8099248789933,0.02919740722068469,-0.02919740722068469,-0.0001268212435769911,0.0
M3,53,2,batch1-05,4.4C(80%)-4.4C,1074.0,996.8042652465126,7.18768480013849,-7.18768480013849,-0.032394393732770865,0.03198144045256601
M3,53,1,batch1-06,4.8C(80%)-4.8C,636.0,776.7186686266899,22.125576828095898,22.125576828095898,0.0868066280076274,0.0
M3,53,1,batch1-07,4.8C(80%)-4.8C,870.0,948.5695514071502,9.030982920362097,9.030982920362097,0.03754992729233164,0.0
M3,53,2,batch1-09,5.4C(40%)-3.6C,1054.0,987.1648228194573,6.341098404226063,-6.341098404226063,-0.028450939802834085,0.0
M3,53,0,batch1-11,5.4C(50%)-3C,788.0,809.9315481400762,2.783191388334542,2.783191388334542,0.011922098276431647,0.0
M3,53,3,batch1-14,5.4C(60%)-3C,880.0,895.0413161343287,1.709240469810076,1.709240469810076,0.007360411160159952,0.0
M3,53,3,batch1-15,5.4C(60%)-3C,719.0,820.2385994826784,14.080472807048459,14.080472807048459,0.05721131244701416,0.0
M3,53,4,batch1-18,5.4C(70%)-3C,691.0,610.2394277956123,11.687492359535124,-11.687492359535124,-0.053977783233845056,0.0
M3,53,4,batch1-19,5.4C(70%)-3C,788.0,717.6782927728141,8.924074521216488,-8.924074521216488,-0.04059640692890509,0.0
M3,53,3,batch1-20,5.4C(80%)-5.4C,534.0,558.4224693964521,4.573496141657702,4.573496141657702,0.019421627763059668,0.06581077380285683
M3,53,3,batch1-21,5.4C(80%)-5.4C,559.0,597.0455379411235,6.805999631685776,6.805999631685776,0.028595649075970453,0.08271017940103276
M3,53,2,batch1-24,6C(40%)-3C,1017.0,830.0863617920199,18.378922144344155,-18.378922144344155,-0.08819767440380666,0.0
M3,53,2,batch1-25,6C(40%)-3C,854.0,908.501890757438,6.381954421245667,6.381954421245667,0.026867964801682742,0.0
M3,53,0,batch1-26,6C(40%)-3.6C,870.0,855.8213685737702,1.6297277501413563,-1.6297277501413563,-0.007136126654606834,0.0
M3,53,0,batch1-27,6C(40%)-3.6C,842.0,888.272730192508,5.495573657067458,5.495573657067458,0.023234238054200773,0.0
M3,53,4,batch1-28,6C(50%)-3C,860.0,825.3475897313012,4.029350031244042,-4.029350031244042,-0.017861563892820786,0.0
M3,53,4,batch1-29,6C(50%)-3C,917.0,831.9177430690936,9.278326819073762,-9.278326819073762,-0.04228894867887334,0.0
M3,53,1,batch1-34,7C(30%)-3.6C,742.0,806.9220863512187,8.749607324962088,8.749607324962088,0.036427697471180576,0.0
M3,53,1,batch1-35,7C(30%)-3.6C,703.0,746.0385234516307,6.122122823845047,6.122122823845047,0.025805928847616677,0.0
M3,53,3,batch1-36,7C(40%)-3C,704.0,714.6615999797739,1.5144318153087901,1.5144318153087901,0.006527788182336014,0.0
M3,53,3,batch1-37,7C(40%)-3C,648.0,706.9443362622935,9.096348188625543,9.096348188625543,0.037810213575764084,0.0
M3,53,0,batch1-38,7C(40%)-3.6C,617.0,564.9370235086279,8.438083710108925,-8.438083710108925,-0.03828512659801353,0.0
M3,53,0,batch1-39,7C(40%)-3.6C,625.0,651.6518609880399,4.264297758086377,4.264297758086377,0.01813562251074563,0.0
M3,53,4,batch1-40,8C(15%)-3.6C,966.0,1041.0805765653472,7.772316414632216,7.772316414632216,0.03250721750758023,0.0
M3,53,4,batch1-41,8C(15%)-3.6C,1051.0,987.4997087513719,6.041892602153003,-6.041892602153003,-0.027065739818544987,0.0
M3,53,1,batch1-42,8C(25%)-3.6C,702.0,739.7437343326266,5.376600332282985,5.376600332282985,0.022744183221905967,0.0
M3,53,1,batch1-43,8C(25%)-3.6C,651.0,649.6286518322364,0.210652560332348,-0.210652560332348,-0.0009158173809069581,0.0
M3,54,3,batch1-05,4.4C(80%)-4.4C,1074.0,1023.8657595570583,4.667992592452676,-4.667992592452676,-0.0207612619359705,0.03198144045256601
M3,54,3,batch1-06,4.8C(80%)-4.8C,636.0,758.89572629623,19.323227405067612,19.323227405067612,0.07672499146555323,0.0
M3,54,3,batch1-07,4.8C(80%)-4.8C,870.0,934.8122705810754,7.449686273686826,7.449686273686826,0.03120515179762906,0.0
M3,54,4,batch1-09,5.4C(40%)-3.6C,1054.0,982.5901385288511,6.775129171835761,-6.775129171835761,-0.03046820972213249,0.0
M3,54,0,batch1-11,5.4C(50%)-3C,788.0,808.6243245522434,2.617300070081645,2.617300070081645,0.01122058389088787,0.0
M3,54,1,batch1-14,5.4C(60%)-3C,880.0,898.8611274801999,2.143309940931808,2.143309940931808,0.009209927004845575,0.0
M3,54,1,batch1-15,5.4C(60%)-3C,719.0,823.9315861130026,14.594100989291043,14.594100989291043,0.059162261839585284,0.0
M3,54,4,batch1-18,5.4C(70%)-3C,691.0,613.7776626255863,11.175446798033814,-11.175446798033814,-0.051466968385875056,0.0
M3,54,4,batch1-19,5.4C(70%)-3C,788.0,720.5579685136283,8.558633437356809,-8.558633437356809,-0.038857292168982926,0.0
M3,54,1,batch1-20,5.4C(80%)-5.4C,534.0,557.4097245263814,4.383843544266182,4.383843544266182,0.018633284082325563,0.06581077380285683
M3,54,1,batch1-21,5.4C(80%)-5.4C,559.0,593.8021676583261,6.225790278770319,6.225790278770319,0.0262299707564444,0.08271017940103276
M3,54,3,batch1-24,6C(40%)-3C,1017.0,836.9367485734851,17.70533445688445,-17.70533445688445,-0.08462831545934568,0.0
M3,54,3,batch1-25,6C(40%)-3C,854.0,929.8887392457419,8.886269232522475,8.886269232522475,0.0369731178410162,0.0
M3,54,4,batch1-26,6C(40%)-3.6C,870.0,849.6788969202769,2.335758974680818,-2.335758974680818,-0.0102644206017386,0.0
M3,54,4,batch1-27,6C(40%)-3.6C,842.0,888.3565715050025,5.505531057601251,5.505531057601251,0.02327522783114988,0.0
M3,54,2,batch1-28,6C(50%)-3C,860.0,820.656745757984,4.574797004885578,-4.574797004885578,-0.020336907516518732,0.0
M3,54,2,batch1-29,6C(50%)-3C,917.0,829.344293970885,9.558964670568699,-9.558964670568699,-0.043634474684867364,0.0
M3,54,1,batch1-34,7C(30%)-3.6C,742.0,807.8925426496562,8.880396583511619,8.880396583511619,0.03694969406262816,0.0
M3,54,1,batch1-35,7C(30%)-3.6C,703.0,747.9464850969987,6.393525618349742,6.393525618349742,0.026915200573918607,0.0
M3,54,2,batch1-36,7C(40%)-3C,704.0,709.2832173786327,0.7504570140103245,0.7504570140103245,0.0032470248202209895,0.0
M3,54,2,batch1-37,7C(40%)-3C,648.0,688.2997372731407,6.219095258200733,6.219095258200733,0.026202597911169967,0.0
M3,54,2,batch1-38,7C(40%)-3.6C,617.0,564.5994883398054,8.492789572154722,-8.492789572154722,-0.03854468379531273,0.0
M3,54,2,batch1-39,7C(40%)-3.6C,625.0,651.8342910762009,4.293486572192141,4.293486572192141,0.018257186335590703,0.0
M3,54,0,batch1-40,8C(15%)-3.6C,966.0,1020.3003476016443,5.621153996029427,5.621153996029427,0.023750908194795972,0.0
M3,54,0,batch1-41,8C(15%)-3.6C,1051.0,981.727516473452,6.591102143344238,-6.591102143344238,-0.02961175218543044,0.0
M3,54,0,batch1-42,8C(25%)-3.6C,702.0,727.0607193103657,3.5699030356646295,3.5699030356646295,0.015233569651212697,0.0
M3,54,0,batch1-43,8C(25%)-3.6C,651.0,646.0945998232162,0.7535176922863003,-0.7535176922863003,-0.003284877425530741,0.0
M3,55,1,batch1-05,4.4C(80%)-4.4C,1074.0,997.7709191755868,7.097679778809426,-7.097679778809426,-0.031973439432873896,0.03198144045256601
M3,55,2,batch1-06,4.8C(80%)-4.8C,636.0,772.2172900277163,21.417812897439674,21.417812897439674,0.08428240564837752,0.0
M3,55,2,batch1-07,4.8C(80%)-4.8C,870.0,943.5181278439381,8.450359522291741,8.450359522291741,0.03523099607624802,0.0
M3,55,1,batch1-09,5.4C(40%)-3.6C,1054.0,982.3402909348307,6.798833877150787,-6.798833877150787,-0.030578653766723196,0.0
M3,55,2,batch1-11,5.4C(50%)-3C,788.0,797.852172626332,1.250275714001529,1.250275714001529,0.0053962145129422545,0.0
M3,55,0,batch1-14,5.4C(60%)-3C,880.0,892.5851382013926,1.4301293410673437,1.4301293410673437,0.00616697928683152,0.0
M3,55,0,batch1-15,5.4C(60%)-3C,719.0,813.2228382284372,13.104706290464149,13.104706290464149,0.0534806763087845,0.0
M3,55,3,batch1-18,5.4C(70%)-3C,691.0,613.3530770820455,11.23689188392974,-11.23689188392974,-0.05176749898142985,0.0
M3,55,3,batch1-19,5.4C(70%)-3C,788.0,724.226337149729,8.093104422623218,-8.093104422623218,-0.036651903207380876,0.0
M3,55,0,batch1-20,5.4C(80%)-5.4C,534.0,542.1409512958724,1.5245227145828382,1.5245227145828382,0.0065709564687952415,0.2526694804336085
M3,55,0,batch1-21,5.4C(80%)-5.4C,559.0,585.4064932439569,4.723880723426995,4.723880723426995,0.02004572736949939,0.2695688860317844
M3,55,3,batch1-24,6C(40%)-3C,1017.0,836.6538023376743,17.73315611232308,-17.73315611232308,-0.08477516379090666,0.0
M3,55,3,batch1-25,6C(40%)-3C,854.0,920.8236055992368,7.824778173212736,7.824778173212736,0.032718573349417746,0.0
M3,55,4,batch1-26,6C(40%)-3.6C,870.0,860.1372118512163,1.1336538102050222,-1.1336538102050222,-0.004951515797655404,0.0
M3,55,4,batch1-27,6C(40%)-3.6C,842.0,889.5442976068266,5.646591164706248,5.646591164706248,0.02385548849442065,0.0
M3,55,1,batch1-28,6C(50%)-3C,860.0,826.4352725703926,3.902875282512487,-3.902875282512487,-0.017289606483485098,0.0
M3,55,1,batch1-29,6C(50%)-3C,917.0,831.5584550538118,9.31750762771954,-9.31750762771954,-0.042476551970165755,0.0
M3,55,4,batch1-34,7C(30%)-3.6C,742.0,802.6297510111992,8.171125473207445,8.171125473207445,0.03411134837511831,0.0
M3,55,4,batch1-35,7C(30%)-3.6C,703.0,731.4659099962364,4.04920483588,4.04920483588,0.01723876559801507,0.0
M3,55,3,batch1-36,7C(40%)-3C,704.0,699.8482494400398,0.5897372954488909,-0.5897372954488909,-0.0025687785213479586,0.0
M3,55,3,batch1-37,7C(40%)-3C,648.0,678.238989445052,4.666510716829008,4.666510716829008,0.01980774626879711,0.0
M3,55,0,batch1-38,7C(40%)-3.6C,617.0,573.6322666989241,7.028806045555247,-7.028806045555247,-0.03165159170968446,0.18685870663075166
M3,55,0,batch1-39,7C(40%)-3.6C,625.0,657.4004058904284,5.18406494246854,5.18406494246854,0.021949950542568875,0.11537318780629091
M3,55,4,batch1-40,8C(15%)-3.6C,966.0,1048.2256752429412,8.511974662830351,8.511974662830351,0.03547766669174912,0.0
M3,55,4,batch1-41,8C(15%)-3.6C,1051.0,999.1007409781727,4.938083636710498,-4.938083636710498,-0.021993434964329595,0.0
M3,55,2,batch1-42,8C(25%)-3.6C,702.0,739.2163867087655,5.301479588143238,5.301479588143238,0.022434473487971562,0.0
M3,55,2,batch1-43,8C(25%)-3.6C,651.0,645.0848643667509,0.9086229851381052,-0.9086229851381052,-0.003964136410794961,0.0
M3,56,4,batch1-05,4.4C(80%)-4.4C,1074.0,1030.022038044998,4.094782304935009,-4.094782304935009,-0.018157764523466735,0.03198144045256601
M3,56,1,batch1-06,4.8C(80%)-4.8C,636.0,770.1690243693482,21.095758548639658,21.095758548639658,0.08312893198549709,0.0
M3,56,1,batch1-07,4.8C(80%)-4.8C,870.0,947.763614018058,8.93834643885724,8.93834643885724,0.03718077888708571,0.0
M3,56,3,batch1-09,5.4C(40%)-3.6C,1054.0,982.2658174325353,6.805899674332514,-6.805899674332514,-0.03061157988964691,0.0
M3,56,1,batch1-11,5.4C(50%)-3C,788.0,791.5517475903688,0.4507293896407095,0.4507293896407095,0.001953094580993131,0.0
M3,56,4,batch1-14,5.4C(60%)-3C,880.0,887.4757215625652,0.8495138139278683,0.8495138139278683,0.003673808860759742,0.0
M3,56,4,batch1-15,5.4C(60%)-3C,719.0,806.6470225503657,12.190128310203853,12.190128310203853,0.04995464471855815,0.0
M3,56,4,batch1-18,5.4C(70%)-3C,691.0,621.4120215060519,10.070619174232718,-10.070619174232718,-0.04609839674419991,0.0
M3,56,4,batch1-19,5.4C(70%)-3C,788.0,721.7923901809258,8.401980941506872,-8.401980941506872,-0.038113918485731535,0.0
M3,56,2,batch1-20,5.4C(80%)-5.4C,534.0,557.3443999178645,4.371610471510207,4.371610471510207,0.018582384755879033,0.06581077380285683
M3,56,2,batch1-21,5.4C(80%)-5.4C,559.0,594.3111638094781,6.3168450464182655,6.3168450464182655,0.026602080432220454,0.08271017940103276
M3,56,0,batch1-24,6C(40%)-3C,1017.0,840.0839649398082,17.395873653902832,-17.395873653902832,-0.0829982577089119,0.0
M3,56,0,batch1-25,6C(40%)-3C,854.0,923.2768232581102,8.112040194158103,8.112040194158103,0.03387406304399221,0.0
M3,56,2,batch1-26,6C(40%)-3.6C,870.0,856.7392696368363,1.524221880823414,-1.524221880823414,-0.006670578870894506,0.0
M3,56,2,batch1-27,6C(40%)-3.6C,842.0,889.9399506483206,5.693580837092712,5.693580837092712,0.024048611794802888,0.0
M3,56,3,batch1-28,6C(50%)-3C,860.0,826.739068956669,3.8675501213175547,-3.8675501213175547,-0.017129989808639667,0.0
M3,56,3,batch1-29,6C(50%)-3C,917.0,833.7848101585507,9.074720811499375,-9.074720811499375,-0.04131535675838549,0.0
M3,56,3,batch1-34,7C(30%)-3.6C,742.0,793.4138660239761,6.929092456061467,6.929092456061467,0.029095880832734178,0.0
M3,56,3,batch1-35,7C(30%)-3.6C,703.0,731.8959078057758,4.110370953879912,4.110370953879912,0.017493993907263583,0.0
M3,56,0,batch1-36,7C(40%)-3C,704.0,716.2268963966833,1.7367750563470576,1.7367750563470576,0.007477966857051932,0.0
M3,56,0,batch1-37,7C(40%)-3C,648.0,687.0692724081712,6.029208704964687,6.029208704964687,0.025425520283504977,0.0
M3,56,1,batch1-38,7C(40%)-3.6C,617.0,566.472672242853,8.189194125955748,-8.189194125955748,-0.03710620054945135,0.0
M3,56,1,batch1-39,7C(40%)-3.6C,625.0,663.6225418292108,6.179606692673733,6.179606692673733,0.02604111230747508,0.0
M3,56,2,batch1-40,8C(15%)-3.6C,966.0,1049.4117834693982,8.634760193519481,8.634760193519481,0.03596881001153607,0.0
M3,56,2,batch1-41,8C(15%)-3.6C,1051.0,994.7466514959845,5.352364272503858,-5.352364272503858,-0.023890230124130607,0.0
M3,56,0,batch1-42,8C(25%)-3.6C,702.0,731.795293059173,4.2443437406229325,4.2443437406229325,0.01805249962777733,0.0
M3,56,0,batch1-43,8C(25%)-3.6C,651.0,665.3786588883218,2.2087033622614056,2.2087033622614056,0.009487878785662929,0.0
M3,57,1,batch1-05,4.4C(80%)-4.4C,1074.0,1010.5584382444101,5.90703554521321,-5.90703554521321,-0.026442848546108788,0.11949435672945175
M3,57,2,batch1-06,4.8C(80%)-4.8C,636.0,765.1183359828345,20.30162515453373,20.30162515453373,0.08027149426319413,0.0
M3,57,2,batch1-07,4.8C(80%)-4.8C,870.0,926.9498049124813,6.545954587641534,6.545954587641534,0.027536964762397975,0.0
M3,57,3,batch1-09,5.4C(40%)-3.6C,1054.0,990.2293513191582,6.050346174652918,-6.050346174652918,-0.02710481579781998,0.0
M3,57,1,batch1-11,5.4C(50%)-3C,788.0,801.0868364641307,1.6607660487475469,1.6607660487475469,0.0071533779369232775,0.08751291627688573
M3,57,0,batch1-14,5.4C(60%)-3C,880.0,907.481695428677,3.1229199350769283,3.1229199350769283,0.013355201608126865,0.0
M3,57,0,batch1-15,5.4C(60%)-3C,719.0,831.0847435588572,15.588976851023256,15.588976851023256,0.06291641954266991,0.0
M3,57,4,batch1-18,5.4C(70%)-3C,691.0,609.168047400351,11.842540173610558,-11.842540173610558,-0.05474093209568842,0.0
M3,57,4,batch1-19,5.4C(70%)-3C,788.0,727.4590942123993,7.682856064416326,-7.682856064416326,-0.034717639979102266,0.0
M3,57,4,batch1-20,5.4C(80%)-5.4C,534.0,529.849555865009,0.777236729399054,-0.777236729399054,-0.003388682394941611,0.06581077380285683
M3,57,4,batch1-21,5.4C(80%)-5.4C,559.0,575.8279682944533,3.0103699990077435,3.0103699990077435,0.012880947099828788,0.08271017940103276
M3,57,3,batch1-24,6C(40%)-3C,1017.0,835.7003271430907,17.826909818771806,-17.826909818771806,-0.08527038074670257,0.0
M3,57,3,batch1-25,6C(40%)-3C,854.0,920.8845044200618,7.8319091826770295,7.8319091826770295,0.03274729453678127,0.0
M3,57,2,batch1-26,6C(40%)-3.6C,870.0,866.549842913431,0.3965697800654015,-0.3965697800654015,-0.001725704749626189,0.0
M3,57,2,batch1-27,6C(40%)-3.6C,842.0,831.6088381253795,1.234104735703145,-1.234104735703145,-0.005392995245357302,0.0
M3,57,2,batch1-28,6C(50%)-3C,860.0,822.7516877604272,4.331199097624743,-4.331199097624743,-0.019229669381637393,0.0
M3,57,2,batch1-29,6C(50%)-3C,917.0,831.0248826358742,9.375694369043165,-9.375694369043165,-0.04275530799942295,0.0
M3,57,0,batch1-34,7C(30%)-3.6C,742.0,808.5815296062947,8.973251968503327,8.973251968503327,0.037319911261440186,0.0
M3,57,0,batch1-35,7C(30%)-3.6C,703.0,750.8898596177008,6.812213316884898,6.812213316884898,0.028620914423505894,0.0
M3,57,0,batch1-36,7C(40%)-3C,704.0,722.4065254378903,2.6145632724276004,2.6145632724276004,0.011209001126887053,0.0
M3,57,0,batch1-37,7C(40%)-3C,648.0,705.0115045522156,8.798071690156723,8.798071690156723,0.03662119810346898,0.0
M3,57,3,batch1-38,7C(40%)-3.6C,617.0,562.7550460392612,8.791726735938221,-8.791726735938221,-0.039965766167558314,0.0
M3,57,3,batch1-39,7C(40%)-3.6C,625.0,651.5717610510961,4.251481768175381,4.251481768175381,0.018082236491537618,0.0
M3,57,1,batch1-40,8C(15%)-3.6C,966.0,1030.6319590143623,6.690678986994031,6.690678986994031,0.02812647901830001,0.0
M3,57,1,batch1-41,8C(15%)-3.6C,1051.0,982.1805780607868,6.547994475662527,-6.547994475662527,-0.029411374019690406,0.01213032919585011
M3,57,4,batch1-42,8C(25%)-3.6C,702.0,718.7919601544266,2.392017116015192,2.392017116015192,0.010266098655356881,0.0
M3,57,4,batch1-43,8C(25%)-3.6C,651.0,632.5018431648626,2.84149874579683,-2.84149874579683,-0.01251919314695682,0.0
M3,58,4,batch1-05,4.4C(80%)-4.4C,1074.0,1011.6918435937117,5.801504320883452,-5.801504320883452,-0.025956032700491072,0.10736402753360164
M3,58,2,batch1-06,4.8C(80%)-4.8C,636.0,777.8213203845696,22.29894974600151,22.29894974600151,0.08742272750664837,0.0
M3,58,2,batch1-07,4.8C(80%)-4.8C,870.0,931.0467511706333,7.016867950647511,7.016867950647511,0.029452236381690255,0.0
M3,58,1,batch1-09,5.4C(40%)-3.6C,1054.0,983.7619308283757,6.663953431842909,-6.663953431842909,-0.029950598458318822,0.0
M3,58,4,batch1-11,5.4C(50%)-3C,788.0,809.6030938067577,2.741509366339806,2.741509366339806,0.011745941616637445,0.07538258708103562
M3,58,2,batch1-14,5.4C(60%)-3C,880.0,906.3306781185196,2.992122513468135,2.992122513468135,0.01280400839678153,0.0
M3,58,2,batch1-15,5.4C(60%)-3C,719.0,822.3202955779841,14.369999384976925,14.369999384976925,0.05831211877297404,0.0
M3,58,3,batch1-18,5.4C(70%)-3C,691.0,604.1950535142819,12.5622209096553,-12.5622209096553,-0.058300881948763816,0.0
M3,58,3,batch1-19,5.4C(70%)-3C,788.0,719.6278553324398,8.676668105020328,-8.676668105020328,-0.039418251833504225,0.0
M3,58,0,batch1-20,5.4C(80%)-5.4C,534.0,537.885211379736,0.7275676741078663,0.7275676741078663,0.0031483469215052295,0.2526694804336085
M3,58,0,batch1-21,5.4C(80%)-5.4C,559.0,588.0588878610558,5.198369921476894,5.198369921476894,0.022009010353913894,0.2695688860317844
M3,58,0,batch1-24,6C(40%)-3C,1017.0,838.1184949814055,17.589135203401618,-17.589135203401618,-0.08401552847086613,0.0
M3,58,0,batch1-25,6C(40%)-3C,854.0,923.9842216955489,8.194873734841785,8.194873734841785,0.03420668441739627,0.0
M3,58,4,batch1-26,6C(40%)-3.6C,870.0,849.5010231370006,2.3562042371263643,-2.3562042371263643,-0.010355346350003902,0.0
M3,58,4,batch1-27,6C(40%)-3.6C,842.0,890.0085939655536,5.701733250065747,5.701733250065747,0.024082108733800123,0.0
M3,58,3,batch1-28,6C(50%)-3C,860.0,808.768762611833,5.957120626531042,-5.957120626531042,-0.026674082260145227,0.0
M3,58,3,batch1-29,6C(50%)-3C,917.0,816.8996883078422,10.916064524771842,-10.916064524771842,-0.05020060531759185,0.0
M3,58,1,batch1-34,7C(30%)-3.6C,742.0,795.5604422140572,7.218388438552179,7.218388438552179,0.030269275212511992,0.0
M3,58,1,batch1-35,7C(30%)-3.6C,703.0,735.7156582383252,4.653720944285236,4.653720944285236,0.019754674211658774,0.0
M3,58,2,batch1-36,7C(40%)-3C,704.0,728.9324202743538,3.5415369707888966,3.5415369707888966,0.015114607361872423,0.0
M3,58,2,batch1-37,7C(40%)-3C,648.0,706.1928830273272,8.980383183229504,8.980383183229504,0.03734833058285947,0.0
M3,58,0,batch1-38,7C(40%)-3.6C,617.0,569.0502297197729,7.771437646714276,-7.771437646714276,-0.03513456103479484,0.18685870663075166
M3,58,0,batch1-39,7C(40%)-3.6C,625.0,659.2595353192183,5.481525651074935,5.481525651074935,0.0231764026634087,0.11537318780629091
M3,58,1,batch1-40,8C(15%)-3.6C,966.0,989.9254619292361,2.476755893295665,2.476755893295665,0.010625368493646814,0.0
M3,58,1,batch1-41,8C(15%)-3.6C,1051.0,972.4212188621163,7.476572896087884,-7.476572896087884,-0.03374828916608896,0.0
M3,58,3,batch1-42,8C(25%)-3.6C,702.0,716.5245052377545,2.0690178401359702,2.0690178401359702,0.008893935789245688,0.0
M3,58,3,batch1-43,8C(25%)-3.6C,651.0,627.2436671226898,3.6492062791567172,-3.6492062791567172,-0.01614470335245599,0.0
M3,59,2,batch1-05,4.4C(80%)-4.4C,1074.0,1010.5584382444101,5.90703554521321,-5.90703554521321,-0.026442848546108788,0.11949435672945175
M3,59,4,batch1-06,4.8C(80%)-4.8C,636.0,775.1056147456154,21.87195200402758,21.87195200402758,0.08590376721420645,0.0
M3,59,4,batch1-07,4.8C(80%)-4.8C,870.0,947.8221297992972,8.945072390723812,8.945072390723812,0.03720759179279298,0.0
M3,59,0,batch1-09,5.4C(40%)-3.6C,1054.0,980.2665976486843,6.995578970713065,-6.995578970713065,-0.03149640646769969,0.0
M3,59,2,batch1-11,5.4C(50%)-3C,788.0,801.0868364641307,1.6607660487475469,1.6607660487475469,0.0071533779369232775,0.08751291627688573
M3,59,1,batch1-14,5.4C(60%)-3C,880.0,884.6383279970589,0.527082726938514,0.527082726938514,0.002283079610777783,0.0
M3,59,1,batch1-15,5.4C(60%)-3C,719.0,808.2478007165633,12.412767832623553,12.412767832623553,0.05081564116491144,0.0
M3,59,3,batch1-18,5.4C(70%)-3C,691.0,595.8786440479695,13.76575339392627,-13.76575339392627,-0.0643202265379701,0.0
M3,59,3,batch1-19,5.4C(70%)-3C,788.0,713.0685586614588,9.509066159713345,-9.509066159713345,-0.04339492997014949,0.0
M3,59,1,batch1-20,5.4C(80%)-5.4C,534.0,560.3206312266711,4.928957158552648,4.928957158552648,0.020895356627554484,0.06581077380285683
M3,59,1,batch1-21,5.4C(80%)-5.4C,559.0,590.7205714193369,5.674520826357231,5.674520826357231,0.023970287227900844,0.08271017940103276
M3,59,1,batch1-24,6C(40%)-3C,1017.0,841.0783512031097,17.29809722683287,-17.29809722683287,-0.0824844982542201,0.0
M3,59,1,batch1-25,6C(40%)-3C,854.0,929.6238871986451,8.855256112253523,8.855256112253523,0.03684940393693514,0.0
M3,59,4,batch1-26,6C(40%)-3.6C,870.0,883.2857387827736,1.5270964118130566,1.5270964118130566,0.006581965910729348,0.0
M3,59,4,batch1-27,6C(40%)-3.6C,842.0,843.1748500400616,0.13953088361777224,0.13953088361777224,0.0006055525598607225,0.0
M3,59,3,batch1-28,6C(50%)-3C,860.0,806.6516718432749,6.203293971712218,-6.203293971712218,-0.027812412994678848,0.0
M3,59,3,batch1-29,6C(50%)-3C,917.0,814.9264905405553,11.13124421586093,-11.13124421586093,-0.051250900172287395,0.0
M3,59,0,batch1-34,7C(30%)-3.6C,742.0,796.7195153886931,7.374597761279398,7.374597761279398,0.030901549920705484,0.0
M3,59,0,batch1-35,7C(30%)-3.6C,703.0,739.036824805486,5.1261486209795235,5.1261486209795235,0.02171075398578326,0.0
M3,59,4,batch1-36,7C(40%)-3C,704.0,734.9791697155354,4.400450243684,4.400450243684,0.018702371634881754,0.0
M3,59,4,batch1-37,7C(40%)-3C,648.0,702.3637238092111,8.389463550804187,8.389463550804187,0.034987066850447945,0.0
M3,59,3,batch1-38,7C(40%)-3.6C,617.0,540.8364160068826,12.344178929192449,-12.344178929192449,-0.057219237870395734,0.0
M3,59,3,batch1-39,7C(40%)-3.6C,625.0,632.7560759846327,1.2409721575412367,1.2409721575412367,0.005356306780849085,0.0
M3,59,2,batch1-40,8C(15%)-3.6C,966.0,1030.6319590143623,6.690678986994031,6.690678986994031,0.02812647901830001,0.0
M3,59,2,batch1-41,8C(15%)-3.6C,1051.0,982.1805780607868,6.547994475662527,-6.547994475662527,-0.029411374019690406,0.01213032919585011
M3,59,0,batch1-42,8C(25%)-3.6C,702.0,725.6713559734516,3.371988030406206,3.371988030406206,0.014402868622697795,0.0
M3,59,0,batch1-43,8C(25%)-3.6C,651.0,652.384887084707,0.2127322710763402,0.2127322710763402,0.000922903205717418,0.0
M3,60,1,batch1-05,4.4C(80%)-4.4C,1074.0,1021.3038440251013,4.90653221367772,-4.90653221367772,-0.021849314837451672,0.03198144045256601
M3,60,4,batch1-06,4.8C(80%)-4.8C,636.0,775.0100644901759,21.856928378958468,21.856928378958468,0.08585022676004517,0.0
M3,60,4,batch1-07,4.8C(80%)-4.8C,870.0,945.9002101002337,8.724162080486634,8.724162080486634,0.03632606931301652,0.0
M3,60,2,batch1-09,5.4C(40%)-3.6C,1054.0,977.7262820739672,7.236595628655859,-7.236595628655859,-0.03262332134756196,0.0
M3,60,3,batch1-11,5.4C(50%)-3C,788.0,810.2981595899562,2.8297156840045923,2.8297156840045923,0.012118635016429735,0.0
M3,60,1,batch1-14,5.4C(60%)-3C,880.0,888.4995431021991,0.9658571707044478,0.9658571707044478,0.00417453666166967,0.0
M3,60,1,batch1-15,5.4C(60%)-3C,719.0,814.0742075426689,13.223116487158398,13.223116487158398,0.05393510474879015,0.0
M3,60,0,batch1-18,5.4C(70%)-3C,691.0,605.8674890890262,12.320189712152503,-12.320189712152503,-0.05710039853842552,0.0
M3,60,0,batch1-19,5.4C(70%)-3C,788.0,723.102815037236,8.235683370909133,-8.235683370909133,-0.03732616524518395,0.0
M3,60,4,batch1-20,5.4C(80%)-5.4C,534.0,552.9244452292537,3.5439036009838403,3.5439036009838403,0.015124533838901222,0.06581077380285683
M3,60,4,batch1-21,5.4C(80%)-5.4C,559.0,604.8286079604727,8.198319849816226,8.198319849816226,0.03422051691085626,0.08271017940103276
M3,60,3,batch1-24,6C(40%)-3C,1017.0,848.9870929923495,16.520443166927283,-16.520443166927283,-0.07841986513439814,0.0
M3,60,3,batch1-25,6C(40%)-3C,854.0,925.57231100653,8.38083267055386,8.38083267055386,0.03495248329602196,0.0
M3,60,1,batch1-26,6C(40%)-3.6C,870.0,846.6621501427363,2.6825114778463997,-2.6825114778463997,-0.011809107458483403,0.0
M3,60,1,batch1-27,6C(40%)-3.6C,842.0,887.7539947963886,5.433966127837127,5.433966127837127,0.02298054375631775,0.0
M3,60,2,batch1-28,6C(50%)-3C,860.0,810.5584798111482,5.74901397544788,-5.74901397544788,-0.025714097644376377,0.0
M3,60,2,batch1-29,6C(50%)-3C,917.0,817.651818158718,10.834043821295746,-10.834043821295746,-0.04980092887341536,0.0
M3,60,3,batch1-34,7C(30%)-3.6C,742.0,783.3564851732611,5.573650292892339,5.573650292892339,0.02355553789144249,0.0
M3,60,3,batch1-35,7C(30%)-3.6C,703.0,730.284818505739,3.8811975114849293,3.8811975114849293,0.01653694740347511,0.0
M3,60,0,batch1-36,7C(40%)-3C,704.0,704.5345659547304,0.07593266402420408,0.07593266402420408,0.0003296462310697912,0.0
M3,60,0,batch1-37,7C(40%)-3C,648.0,680.0146974705464,4.940539733109007,4.940539733109007,0.020943293543548958,0.0
M3,60,0,batch1-38,7C(40%)-3.6C,617.0,550.9747723769774,10.701009339225704,-10.701009339225704,-0.0491534498789048,0.0
M3,60,0,batch1-39,7C(40%)-3.6C,625.0,642.7446474697249,2.8391435951559836,2.8391435951559836,0.012158451348431853,0.0
M3,60,4,batch1-40,8C(15%)-3.6C,966.0,1044.0512761945254,8.079842256162047,8.079842256162047,0.0337447021563837,0.0
M3,60,4,batch1-41,8C(15%)-3.6C,1051.0,1000.043927795167,4.84834178923245,-4.84834178923245,-0.021583638848205133,0.0
M3,60,2,batch1-42,8C(25%)-3.6C,702.0,723.3160415736944,3.036473158645927,3.036473158645927,0.012990984779397419,0.0
M3,60,2,batch1-43,8C(25%)-3.6C,651.0,642.3861040852827,1.3231790959627217,-1.3231790959627217,-0.005784850731495261,0.0
M3,61,3,batch1-05,4.4C(80%)-4.4C,1074.0,1030.926156104405,4.010599990278866,-4.010599990278866,-0.017776722913112053,0.03198144045256601
M3,61,3,batch1-06,4.8C(80%)-4.8C,636.0,773.313396316478,21.59015665353428,21.59015665353428,0.08489841799521258,0.0
M3,61,3,batch1-07,4.8C(80%)-4.8C,870.0,939.8616462089967,8.030074276896174,8.030074276896174,0.03354467469351219,0.0
M3,61,4,batch1-09,5.4C(40%)-3.6C,1054.0,979.1167941029233,7.104668491183744,-7.104668491183744,-0.03200611109683704,0.0
M3,61,4,batch1-11,5.4C(50%)-3C,788.0,809.4455056760956,2.721510872600971,2.721510872600971,0.011661398563639569,0.0
M3,61,1,batch1-14,5.4C(60%)-3C,880.0,893.1210552377667,1.4910290042916652,1.4910290042916652,0.006427655785012476,0.0
M3,61,1,batch1-15,5.4C(60%)-3C,719.0,817.9905033922358,13.767802975276194,13.767802975276194,0.05601937129786627,0.0
M3,61,2,batch1-18,5.4C(70%)-3C,691.0,613.6314245514353,11.196610050443514,-11.196610050443514,-0.05157045529926352,0.0
M3,61,2,batch1-19,5.4C(70%)-3C,788.0,718.7263466705484,8.791072757544615,-8.791072757544615,-0.03996265221550965,0.0
M3,61,1,batch1-20,5.4C(80%)-5.4C,534.0,558.3790411047378,4.565363502759884,4.565363502759884,0.019387851541802448,0.06581077380285683
M3,61,1,batch1-21,5.4C(80%)-5.4C,559.0,594.4241724141077,6.3370612547598775,6.3370612547598775,0.026684653923645385,0.08271017940103276
M3,61,2,batch1-24,6C(40%)-3C,1017.0,832.0204935146307,18.188742033959613,-18.188742033959613,-0.08718692938357453,0.0
M3,61,2,batch1-25,6C(40%)-3C,854.0,916.8876493868635,7.363893370827104,7.363893370827104,0.03085825206865378,0.0
M3,61,2,batch1-26,6C(40%)-3.6C,870.0,849.6115425125007,2.343500860632103,-2.343500860632103,-0.01029884867473374,0.0
M3,61,2,batch1-27,6C(40%)-3.6C,842.0,882.9241929592499,4.860355458343221,4.860355458343221,0.020611325562859495,0.0
M3,61,0,batch1-28,6C(50%)-3C,860.0,822.4545130945827,4.365754291327593,-4.365754291327593,-0.01938656317267018,0.0
M3,61,0,batch1-29,6C(50%)-3C,917.0,833.3102635616101,9.126470713019618,-9.126470713019618,-0.04156260477353779,0.0
M3,61,0,batch1-34,7C(30%)-3.6C,742.0,794.5428813858746,7.081250860629998,7.081250860629998,0.029713435719007197,0.0
M3,61,0,batch1-35,7C(30%)-3.6C,703.0,729.1731897507133,3.7230710882949185,3.7230710882949185,0.01587536711152948,0.0
M3,61,3,batch1-36,7C(40%)-3C,704.0,726.8747900328842,3.249259947852872,3.249259947852872,0.01388694747889252,0.0
M3,61,3,batch1-37,7C(40%)-3C,648.0,702.279089865888,8.376402757081475,8.376402757081475,0.034934731759628246,0.0
M3,61,0,batch1-38,7C(40%)-3.6C,617.0,564.6615218656981,8.482735516094312,-8.482735516094312,-0.03849696972784411,0.0
M3,61,0,batch1-39,7C(40%)-3.6C,625.0,651.7430173057237,4.278882768915791,4.278882768915791,0.01819636954372017,0.0
M3,61,4,batch1-40,8C(15%)-3.6C,966.0,985.0140866744441,1.9683319538762025,1.9683319538762025,0.008465314966620063,0.0
M3,61,4,batch1-41,8C(15%)-3.6C,1051.0,968.9926763997597,7.802790066626097,-7.802790066626097,-0.03528222134196746,0.0
M3,61,1,batch1-42,8C(25%)-3.6C,702.0,724.4543704104861,3.198628263602016,3.198628263602016,0.013673924602165766,0.0
M3,61,1,batch1-43,8C(25%)-3.6C,651.0,673.0282206513089,3.383751252121176,3.383751252121176,0.014452286378194401,0.0
M4_GBR,42,0,batch1-05,4.4C(80%)-4.4C,1074.0,932.9411515617721,13.133970990524011,-13.133970990524011,-0.06115003135555641,0.03198144045256601
M4_GBR,42,2,batch1-06,4.8C(80%)-4.8C,636.0,745.9785273856044,17.29222128704471,17.29222128704471,0.06926921105728878,0.0
M4_GBR,42,2,batch1-07,4.8C(80%)-4.8C,870.0,890.6998696241805,2.379295359101201,2.379295359101201,0.010212136127420557,0.0
M4_GBR,42,2,batch1-09,5.4C(40%)-3.6C,1054.0,1017.3822982698126,3.474165249543394,-3.474165249543394,-0.015356433931320801,0.0
M4_GBR,42,4,batch1-11,5.4C(50%)-3C,788.0,931.0644726146445,18.155389925716307,18.155389925716307,0.07245353774667684,0.0
M4_GBR,42,3,batch1-14,5.4C(60%)-3C,880.0,837.9517488821069,4.778210354306031,-4.778210354306031,-0.02126366043821948,0.0
M4_GBR,42,3,batch1-15,5.4C(60%)-3C,719.0,805.5663170547564,12.039821565334686,12.039821565334686,0.0493724084945133,0.0
M4_GBR,42,1,batch1-18,5.4C(70%)-3C,691.0,631.2433875926689,8.64784550033735,-8.64784550033735,-0.03928120554974912,0.0
M4_GBR,42,1,batch1-19,5.4C(70%)-3C,788.0,680.7089891263083,13.615610516965948,-13.615610516965948,-0.06356473175615429,0.0
M4_GBR,42,4,batch1-20,5.4C(80%)-5.4C,534.0,649.5325239756426,21.63530411528887,21.63530411528887,0.08505964530813603,0.06581077380285683
M4_GBR,42,4,batch1-21,5.4C(80%)-5.4C,559.0,685.5233290440167,22.633869238643413,22.633869238643413,0.08861043096585819,0.08271017940103276
M4_GBR,42,1,batch1-24,6C(40%)-3C,1017.0,782.4308007252416,23.06481802111685,-23.06481802111685,-0.11387501461748384,0.0
M4_GBR,42,1,batch1-25,6C(40%)-3C,854.0,861.4819130004637,0.8761022248786524,0.8761022248786524,0.0037882930839550077,0.0
M4_GBR,42,3,batch1-26,6C(40%)-3.6C,870.0,834.9321997825407,4.030781634190725,-4.030781634190725,-0.0178680423515738,0.0
M4_GBR,42,3,batch1-27,6C(40%)-3.6C,842.0,872.7000222074356,3.6460833975576734,3.6460833975576734,0.015552895518483378,0.0
M4_GBR,42,0,batch1-28,6C(50%)-3C,860.0,777.6955010098504,9.57029058024995,-9.57029058024995,-0.04368886468685895,0.0
M4_GBR,42,0,batch1-29,6C(50%)-3C,917.0,813.906501590023,11.242475290073825,-11.242475290073825,-0.05179481797461705,0.0
M4_GBR,42,3,batch1-34,7C(30%)-3.6C,742.0,876.3556634867471,18.107232275841923,18.107232275841923,0.07227649237490708,0.0
M4_GBR,42,3,batch1-35,7C(30%)-3.6C,703.0,702.6527569815526,0.04939445497118682,-0.04939445497118682,-0.0002145703896068163,0.0
M4_GBR,42,4,batch1-36,7C(40%)-3C,704.0,710.4889523560919,0.9217261869448702,0.9217261869448702,0.003984670175437799,0.0
M4_GBR,42,4,batch1-37,7C(40%)-3C,648.0,688.2794478828066,6.215964179445464,6.215964179445464,0.026189795784915315,0.0
M4_GBR,42,0,batch1-38,7C(40%)-3.6C,617.0,599.865230175779,2.7771101822076263,-2.7771101822076263,-0.012231474258507014,0.0
M4_GBR,42,0,batch1-39,7C(40%)-3.6C,625.0,626.5517835060816,0.24828536097305912,0.24828536097305912,0.0010769532160490591,0.0
M4_GBR,42,1,batch1-40,8C(15%)-3.6C,966.0,1027.7179657804493,6.389023372717316,6.389023372717316,0.026896822182984614,0.0
M4_GBR,42,1,batch1-41,8C(15%)-3.6C,1051.0,1041.6460819061062,0.8900017215883685,-0.8900017215883685,-0.0038825314066159855,0.0
M4_GBR,42,2,batch1-42,8C(25%)-3.6C,702.0,732.8801080737621,4.39887579398321,4.39887579398321,0.01869582204652742,0.0
M4_GBR,42,2,batch1-43,8C(25%)-3.6C,651.0,658.1334511570984,1.0957682268968387,1.0957682268968387,0.004732976815809309,0.0
M4_GBR,43,4,batch1-05,4.4C(80%)-4.4C,1074.0,872.3379368474369,18.776728412715368,-18.776728412715368,-0.09031952157228584,0.03198144045256601
M4_GBR,43,4,batch1-06,4.8C(80%)-4.8C,636.0,699.1152819097177,9.923786463792098,9.923786463792098,0.04109167979560713,0.0
M4_GBR,43,4,batch1-07,4.8C(80%)-4.8C,870.0,899.8832794978503,3.434859712396581,3.434859712396581,0.014666929756993685,0.0
M4_GBR,43,1,batch1-09,5.4C(40%)-3.6C,1054.0,1000.0833577770298,5.115430950945935,-5.115430950945935,-0.0228044105627081,0.0
M4_GBR,43,2,batch1-11,5.4C(50%)-3C,788.0,955.1631885199528,21.21360260405492,21.21360260405492,0.0835513591404653,0.0
M4_GBR,43,4,batch1-14,5.4C(60%)-3C,880.0,783.8560196589781,10.925452311479763,-10.925452311479763,-0.050246374274488304,0.0
M4_GBR,43,4,batch1-15,5.4C(60%)-3C,719.0,792.9077059065365,10.279235870171979,10.279235870171979,0.04249374819799545,0.0
M4_GBR,43,3,batch1-18,5.4C(70%)-3C,691.0,617.3122575549158,10.663927994947056,-10.663927994947056,-0.04897314682761422,0.0
M4_GBR,43,3,batch1-19,5.4C(70%)-3C,788.0,672.3464739840306,14.676843403041802,-14.676843403041802,-0.06893308586112745,0.0
M4_GBR,43,1,batch1-20,5.4C(80%)-5.4C,534.0,642.7425171886762,20.363767263797037,20.363767263797037,0.0804957722574291,0.06581077380285683
M4_GBR,43,1,batch1-21,5.4C(80%)-5.4C,559.0,694.6755244805722,24.27111350278573,24.27111350278573,0.09437018974958011,0.08271017940103276
M4_GBR,43,2,batch1-24,6C(40%)-3C,1017.0,762.656227568599,25.009220494729696,-25.009220494729696,-0.12499213202366866,0.0
M4_GBR,43,2,batch1-25,6C(40%)-3C,854.0,797.3007603148924,6.639255232448198,-6.639255232448198,-0.02983569244739126,0.0
M4_GBR,43,0,batch1-26,6C(40%)-3.6C,870.0,866.790609089507,0.36889550695321505,-0.36889550695321505,-0.0016050551423889559,0.0
M4_GBR,43,0,batch1-27,6C(40%)-3.6C,842.0,816.9288109135883,2.97757590099901,-2.97757590099901,-0.01312787875481325,0.0
M4_GBR,43,0,batch1-28,6C(50%)-3C,860.0,805.4863871104576,6.338792196458419,-6.338792196458419,-0.028440246094498356,0.0
M4_GBR,43,0,batch1-29,6C(50%)-3C,917.0,820.3870427227715,10.535764152369516,-10.535764152369516,-0.04835054321118548,0.0
M4_GBR,43,3,batch1-34,7C(30%)-3.6C,742.0,896.1733200698498,20.778075481111827,20.778075481111827,0.08198810513160915,0.0
M4_GBR,43,3,batch1-35,7C(30%)-3.6C,703.0,700.6051602495115,0.3406599929571084,-0.3406599929571084,-0.0014819932661906954,0.0
M4_GBR,43,2,batch1-36,7C(40%)-3C,704.0,714.3725652982233,1.47337575258854,1.47337575258854,0.006352108451175287,0.0
M4_GBR,43,2,batch1-37,7C(40%)-3C,648.0,667.6135237113248,3.0267783505130827,3.0267783505130827,0.012950119640684044,0.0
M4_GBR,43,0,batch1-38,7C(40%)-3.6C,617.0,600.5495532649262,2.6661988225403235,-2.6661988225403235,-0.01173631578870138,0.0
M4_GBR,43,0,batch1-39,7C(40%)-3.6C,625.0,637.604989227744,2.0167982764390397,2.0167982764390397,0.008671689390280068,0.0
M4_GBR,43,3,batch1-40,8C(15%)-3.6C,966.0,1001.044429022905,3.627787683530536,3.627787683530536,0.015476226639539181,0.0
M4_GBR,43,3,batch1-41,8C(15%)-3.6C,1051.0,1017.5504018175822,3.1826449269664936,-3.1826449269664936,-0.014046785905794668,0.0
M4_GBR,43,1,batch1-42,8C(25%)-3.6C,702.0,712.405453505302,1.4822583340886089,1.4822583340886089,0.00639012322371757,0.0
M4_GBR,43,1,batch1-43,8C(25%)-3.6C,651.0,644.2150562776495,1.042234058732792,-1.042234058732792,-0.004550117848740154,0.0
M4_GBR,44,3,batch1-05,4.4C(80%)-4.4C,1074.0,897.2117390825352,16.460731929000445,-16.460731929000445,-0.07810933412378906,0.03198144045256601
M4_GBR,44,4,batch1-06,4.8C(80%)-4.8C,636.0,718.3671469584177,12.950809270191465,12.950809270191465,0.05288934690152969,0.0
M4_GBR,44,4,batch1-07,4.8C(80%)-4.8C,870.0,880.9255382540844,1.25580899472234,1.25580899472234,0.005419947856934559,0.0
M4_GBR,44,2,batch1-09,5.4C(40%)-3.6C,1054.0,990.2449067591717,6.048870326454296,-6.048870326454296,-0.027097993551346455,0.0
M4_GBR,44,4,batch1-11,5.4C(50%)-3C,788.0,980.3569510976157,24.410780596144125,24.410780596144125,0.09485801500558733,0.0
M4_GBR,44,4,batch1-14,5.4C(60%)-3C,880.0,930.2047718168476,5.705087706459954,5.705087706459954,0.024095890899345385,0.0
M4_GBR,44,4,batch1-15,5.4C(60%)-3C,719.0,902.0078830479337,25.453113080380202,25.453113080380202,0.09848144266821457,0.0
M4_GBR,44,0,batch1-18,5.4C(70%)-3C,691.0,622.5666215851778,9.90352799056761,-9.90352799056761,-0.04529221475716305,0.0
M4_GBR,44,0,batch1-19,5.4C(70%)-3C,788.0,660.5382291321184,16.175351632979897,-16.175351632979897,-0.076628259701506,0.0
M4_GBR,44,0,batch1-20,5.4C(80%)-5.4C,534.0,628.0636176939955,17.614909680523507,17.614909680523507,0.07046237940628375,0.06581077380285683
M4_GBR,44,0,batch1-21,5.4C(80%)-5.4C,559.0,661.9170116378245,18.410914425371118,18.410914425371118,0.07339173495657114,0.08271017940103276
M4_GBR,44,0,batch1-24,6C(40%)-3C,1017.0,766.8192328594558,24.599878774881432,-24.599878774881432,-0.12262795588940723,0.0
M4_GBR,44,0,batch1-25,6C(40%)-3C,854.0,824.538786688541,3.4497907858851296,-3.4497907858851296,-0.01524678081325348,0.0
M4_GBR,44,1,batch1-26,6C(40%)-3.6C,870.0,838.832145199372,3.5825120460491946,-3.5825120460491946,-0.015844187745661653,0.0
M4_GBR,44,1,batch1-27,6C(40%)-3.6C,842.0,803.9933428055605,4.513854773686404,-4.513854773686404,-0.020059638764605925,0.0
M4_GBR,44,1,batch1-28,6C(50%)-3C,860.0,786.0664740602605,8.596921620899945,-8.596921620899945,-0.03903917734556828,0.0
M4_GBR,44,1,batch1-29,6C(50%)-3C,917.0,809.2712820548613,11.747951793362995,-11.747951793362995,-0.05427520645551809,0.0
M4_GBR,44,2,batch1-34,7C(30%)-3.6C,742.0,891.3527836940547,20.128407505937286,20.128407505937286,0.07964571984444291,0.0
M4_GBR,44,2,batch1-35,7C(30%)-3.6C,703.0,687.161640659514,2.2529671892583245,-2.2529671892583245,-0.009896417087903231,0.0
M4_GBR,44,1,batch1-36,7C(40%)-3C,704.0,700.2515358988101,0.5324522871008436,-0.5324522871008436,-0.002318589084354894,0.0
M4_GBR,44,1,batch1-37,7C(40%)-3C,648.0,729.9046836830615,12.639611679484805,12.639611679484805,0.051691144587919347,0.0
M4_GBR,44,3,batch1-38,7C(40%)-3.6C,617.0,598.1898152092034,3.048652316174489,-3.048652316174489,-0.013446149580832234,0.0
M4_GBR,44,3,batch1-39,7C(40%)-3.6C,625.0,633.226095964945,1.316175354391198,1.316175354391198,0.00567878698275992,0.0
M4_GBR,44,3,batch1-40,8C(15%)-3.6C,966.0,976.9198450243376,1.1304187395794651,1.1304187395794651,0.004881805479655554,0.0
M4_GBR,44,3,batch1-41,8C(15%)-3.6C,1051.0,982.4665548143805,6.520784508622215,-6.520784508622215,-0.029284941008044463,0.0
M4_GBR,44,2,batch1-42,8C(25%)-3.6C,702.0,699.1332294581142,0.4083718720635021,-0.4083718720635021,-0.0017771677073739056,0.0
M4_GBR,44,2,batch1-43,8C(25%)-3.6C,651.0,641.2098983299421,1.5038558632961414,-1.5038558632961414,-0.006580770648883405,0.0
M4_GBR,45,3,batch1-05,4.4C(80%)-4.4C,1074.0,911.3385200696248,15.145389192772365,-15.145389192772365,-0.07132455412732064,0.03198144045256601
M4_GBR,45,2,batch1-06,4.8C(80%)-4.8C,636.0,755.491819483187,18.788021931318706,18.788021931318706,0.07477265048189752,0.0
M4_GBR,45,2,batch1-07,4.8C(80%)-4.8C,870.0,877.7082416068251,0.8860047823936943,0.8860047823936943,0.0038309237459035472,0.0
M4_GBR,45,1,batch1-09,5.4C(40%)-3.6C,1054.0,994.1000201294136,5.683110044647669,-5.683110044647669,-0.02541052828507917,0.0
M4_GBR,45,4,batch1-11,5.4C(50%)-3C,788.0,922.1370293707436,17.02246565618573,17.02246565618573,0.06826924442924209,0.0
M4_GBR,45,2,batch1-14,5.4C(60%)-3C,880.0,814.7982909645415,7.409285117665741,-7.409285117665741,-0.03343256275165363,0.0
M4_GBR,45,2,batch1-15,5.4C(60%)-3C,719.0,793.01307233732,10.293890450253123,10.293890450253123,0.04255145607364996,0.0
M4_GBR,45,3,batch1-18,5.4C(70%)-3C,691.0,629.9002381777362,8.842223129126449,-8.842223129126449,-0.040206274808963105,0.0
M4_GBR,45,3,batch1-19,5.4C(70%)-3C,788.0,669.6384320995893,15.020503540661256,-15.020503540661256,-0.07068584662351673,0.0
M4_GBR,45,0,batch1-20,5.4C(80%)-5.4C,534.0,631.7794278993073,18.31075428825979,18.31075428825979,0.07302422320586155,0.06581077380285683
M4_GBR,45,0,batch1-21,5.4C(80%)-5.4C,559.0,647.9548619681897,15.913213232234288,15.913213232234288,0.06413294508150758,0.08271017940103276
M4_GBR,45,0,batch1-24,6C(40%)-3C,1017.0,776.6118714783898,23.63698412208556,-23.63698412208556,-0.11711692793065209,0.0
M4_GBR,45,0,batch1-25,6C(40%)-3C,854.0,798.0728898015097,6.548841943617126,-6.548841943617126,-0.029415312429819096,0.0
M4_GBR,45,1,batch1-26,6C(40%)-3.6C,870.0,822.7044399075992,5.4362712749886,-5.4362712749886,-0.024275411539278036,0.0
M4_GBR,45,1,batch1-27,6C(40%)-3.6C,842.0,875.4357223113282,3.9709883980199723,3.9709883980199723,0.01691217260308031,0.0
M4_GBR,45,0,batch1-28,6C(50%)-3C,860.0,809.4849461327276,5.873843472938651,-5.873843472938651,-0.026289674586885248,0.0
M4_GBR,45,0,batch1-29,6C(50%)-3C,917.0,811.2660727872048,11.530417362354978,-11.530417362354978,-0.05320602154277321,0.0
M4_GBR,45,1,batch1-34,7C(30%)-3.6C,742.0,896.1957881987923,20.781103530834546,20.781103530834546,0.08199899327331384,0.0
M4_GBR,45,1,batch1-35,7C(30%)-3.6C,703.0,700.0044009167881,0.4261165125479252,-0.4261165125479252,-0.0018545545943267072,0.0
M4_GBR,45,4,batch1-36,7C(40%)-3C,704.0,699.1207191460144,0.693079666759321,-0.693079666759321,-0.0030204860683937795,0.0
M4_GBR,45,4,batch1-37,7C(40%)-3C,648.0,685.3398935614142,5.762329253304663,5.762329253304663,0.02433100691764123,0.0
M4_GBR,45,4,batch1-38,7C(40%)-3.6C,617.0,617.8576632995618,0.13900539701162887,0.13900539701162887,0.0006032735744279094,0.0
M4_GBR,45,4,batch1-39,7C(40%)-3.6C,625.0,631.2245548078089,0.9959287692494218,0.9959287692494218,0.0043038673600075406,0.0
M4_GBR,45,3,batch1-40,8C(15%)-3.6C,966.0,977.020326966264,1.1408205969217342,1.1408205969217342,0.00492647291991144,0.0
M4_GBR,45,3,batch1-41,8C(15%)-3.6C,1051.0,1002.1744897057905,4.645624195452854,-4.645624195452854,-0.020659372422236366,0.0
M4_GBR,45,2,batch1-42,8C(25%)-3.6C,702.0,733.209489727079,4.445796257418663,4.445796257418663,0.018890965149782613,0.0
M4_GBR,45,2,batch1-43,8C(25%)-3.6C,651.0,654.9332716088186,0.6041891872225171,0.6041891872225171,0.002616065242919685,0.0
M4_GBR,46,1,batch1-05,4.4C(80%)-4.4C,1074.0,908.8231086511889,15.379598822049449,-15.379598822049449,-0.07252492004753686,0.03198144045256601
M4_GBR,46,0,batch1-06,4.8C(80%)-4.8C,636.0,755.8169974264786,18.83915053875449,18.83915053875449,0.0749595388094284,0.0
M4_GBR,46,0,batch1-07,4.8C(80%)-4.8C,870.0,878.5608778453368,0.984008947739861,0.984008947739861,0.004252607687671883,0.0
M4_GBR,46,2,batch1-09,5.4C(40%)-3.6C,1054.0,1000.1245618276391,5.111521648231582,-5.111521648231582,-0.022786517731029132,0.0
M4_GBR,46,3,batch1-11,5.4C(50%)-3C,788.0,1018.5063305720985,29.252072407626713,29.252072407626713,0.11143751523198375,0.0
M4_GBR,46,3,batch1-14,5.4C(60%)-3C,880.0,980.9032225779316,11.466275292946774,11.466275292946774,0.047143489181180165,0.0
M4_GBR,46,3,batch1-15,5.4C(60%)-3C,719.0,914.1668547799807,27.14420789707659,27.14420789707659,0.10429658051145907,0.0
M4_GBR,46,4,batch1-18,5.4C(70%)-3C,691.0,631.2433875926689,8.64784550033735,-8.64784550033735,-0.03928120554974912,0.0
M4_GBR,46,4,batch1-19,5.4C(70%)-3C,788.0,680.7089891263083,13.615610516965948,-13.615610516965948,-0.06356473175615429,0.0
M4_GBR,46,0,batch1-20,5.4C(80%)-5.4C,534.0,650.6879329107699,21.851672829732184,21.851672829732184,0.08583149573440751,0.06581077380285683
M4_GBR,46,0,batch1-21,5.4C(80%)-5.4C,559.0,696.0051121167636,24.50896460049438,24.50896460049438,0.09520062160337428,0.08271017940103276
M4_GBR,46,4,batch1-24,6C(40%)-3C,1017.0,782.4308007252416,23.06481802111685,-23.06481802111685,-0.11387501461748384,0.0
M4_GBR,46,4,batch1-25,6C(40%)-3C,854.0,861.4819130004637,0.8761022248786524,0.8761022248786524,0.0037882930839550077,0.0
M4_GBR,46,1,batch1-26,6C(40%)-3.6C,870.0,847.1463365640487,2.6268578662012945,-2.6268578662012945,-0.011560815519499279,0.0
M4_GBR,46,1,batch1-27,6C(40%)-3.6C,842.0,844.7770191077799,0.32981224557955974,0.32981224557955974,0.0014299995205431237,0.0
M4_GBR,46,2,batch1-28,6C(50%)-3C,860.0,793.9084117481736,7.685068401375157,-7.685068401375157,-0.0347280477669214,0.0
M4_GBR,46,2,batch1-29,6C(50%)-3C,917.0,801.9883422184408,12.542165515982461,-12.542165515982461,-0.058201280287353274,0.0
M4_GBR,46,3,batch1-34,7C(30%)-3.6C,742.0,879.822514022689,18.57446280629232,18.57446280629232,0.07399116578613629,0.0
M4_GBR,46,3,batch1-35,7C(30%)-3.6C,703.0,698.3751409844295,0.6578746821579589,-0.6578746821579589,-0.002866552978427972,0.0
M4_GBR,46,0,batch1-36,7C(40%)-3C,704.0,716.6327845471278,1.7944296231715642,1.7944296231715642,0.007724013264899465,0.0
M4_GBR,46,0,batch1-37,7C(40%)-3C,648.0,714.0330899565959,10.190291659968496,10.190291659968496,0.04214333258984304,0.0
M4_GBR,46,1,batch1-38,7C(40%)-3.6C,617.0,604.8837404687661,1.9637373632469912,-1.9637373632469912,-0.008613253388677133,0.0
M4_GBR,46,1,batch1-39,7C(40%)-3.6C,625.0,644.715633591931,3.1545013747089614,3.1545013747089614,0.013488184122478764,0.0
M4_GBR,46,4,batch1-40,8C(15%)-3.6C,966.0,1027.7179657804493,6.389023372717316,6.389023372717316,0.026896822182984614,0.0
M4_GBR,46,4,batch1-41,8C(15%)-3.6C,1051.0,1041.6460819061062,0.8900017215883685,-0.8900017215883685,-0.0038825314066159855,0.0
M4_GBR,46,2,batch1-42,8C(25%)-3.6C,702.0,692.8552817132895,1.3026664226083313,-1.3026664226083313,-0.005694580139558703,0.0
M4_GBR,46,2,batch1-43,8C(25%)-3.6C,651.0,648.3449708655297,0.4078385767235458,-0.4078385767235458,-0.0017748421443966045,0.0
M4_GBR,47,2,batch1-05,4.4C(80%)-4.4C,1074.0,929.3467233264159,13.468647734970581,-13.468647734970581,-0.06282650931337974,0.03198144045256601
M4_GBR,47,1,batch1-06,4.8C(80%)-4.8C,636.0,847.6675788009826,33.2810658492111,33.2810658492111,0.12476845713129014,0.0
M4_GBR,47,1,batch1-07,4.8C(80%)-4.8C,870.0,874.3435658748659,0.4992604453868886,0.4992604453868886,0.0021628658792010036,0.0
M4_GBR,47,0,batch1-09,5.4C(40%)-3.6C,1054.0,996.3452012466195,5.47009475838525,-5.47009475838525,-0.024430777450297203,0.0
M4_GBR,47,3,batch1-11,5.4C(50%)-3C,788.0,948.2445859743416,20.33560735714995,20.33560735714995,0.08039415427738383,0.0
M4_GBR,47,0,batch1-14,5.4C(60%)-3C,880.0,836.5577796033757,4.9366159541618515,-4.9366159541618515,-0.021986729844803765,0.0
M4_GBR,47,0,batch1-15,5.4C(60%)-3C,719.0,821.6205373240093,14.2726755666216,14.2726755666216,0.05794239601818951,0.0
M4_GBR,47,0,batch1-18,5.4C(70%)-3C,691.0,629.378467764166,8.917732595634446,-8.917732595634446,-0.040566166584043994,0.0
M4_GBR,47,0,batch1-19,5.4C(70%)-3C,788.0,678.5304393089563,13.892076229827884,-13.892076229827884,-0.06495688232889485,0.0
M4_GBR,47,4,batch1-20,5.4C(80%)-5.4C,534.0,651.537460898266,22.010760467840072,22.010760467840072,0.08639813400038632,0.06581077380285683
M4_GBR,47,4,batch1-21,5.4C(80%)-5.4C,559.0,702.0712587132664,25.594142882516348,25.594142882516348,0.09896938643051278,0.08271017940103276
M4_GBR,47,3,batch1-24,6C(40%)-3C,1017.0,760.7834346037469,25.193369262168453,-25.193369262168453,-0.126059905274285,0.0
M4_GBR,47,3,batch1-25,6C(40%)-3C,854.0,818.3370342653399,4.175991303824372,-4.175991303824372,-0.01852566484697471,0.0
M4_GBR,47,4,batch1-26,6C(40%)-3.6C,870.0,851.6338826142194,2.1110479753770837,-2.1110479753770837,-0.009266320918958737,0.0
M4_GBR,47,4,batch1-27,6C(40%)-3.6C,842.0,849.8942393035339,0.9375581120586624,0.9375581120586624,0.004052794044525854,0.0
M4_GBR,47,2,batch1-28,6C(50%)-3C,860.0,786.9907583800929,8.4894466999892,-8.4894466999892,-0.038528818767724626,0.0
M4_GBR,47,2,batch1-29,6C(50%)-3C,917.0,822.3439453542866,10.32236146627191,-10.32236146627191,-0.047315836466540695,0.0
M4_GBR,47,1,batch1-34,7C(30%)-3.6C,742.0,879.6322650787872,18.548822786898548,18.548822786898548,0.07389724570608891,0.0
M4_GBR,47,1,batch1-35,7C(30%)-3.6C,703.0,832.5045552333698,18.421700602186323,18.421700602186323,0.07343129350364341,0.0
M4_GBR,47,2,batch1-36,7C(40%)-3C,704.0,705.8437880975749,0.2619017184055297,0.2619017184055297,0.0011359378391428976,0.0
M4_GBR,47,2,batch1-37,7C(40%)-3C,648.0,712.8238920926948,10.003687051341789,10.003687051341789,0.041407241878376855,0.0
M4_GBR,47,3,batch1-38,7C(40%)-3.6C,617.0,586.0996026497918,5.0081681280726436,-5.0081681280726436,-0.022313737084417973,0.0
M4_GBR,47,3,batch1-39,7C(40%)-3.6C,625.0,630.953637766455,0.9525820426328028,0.9525820426328028,0.004117431278933381,0.0
M4_GBR,47,1,batch1-40,8C(15%)-3.6C,966.0,1014.7236540142902,5.043856523218449,5.043856523218449,0.021370657826354833,0.0
M4_GBR,47,1,batch1-41,8C(15%)-3.6C,1051.0,1013.448787474937,3.572903189825211,-3.572903189825211,-0.015800908612425335,0.0
M4_GBR,47,4,batch1-42,8C(25%)-3.6C,702.0,724.4797576890917,3.2022446850557955,3.2022446850557955,0.013689143451382169,0.0
M4_GBR,47,4,batch1-43,8C(25%)-3.6C,651.0,648.2237303365719,0.4264623138906511,-0.4264623138906511,-0.001856062819882709,0.0
M4_GBR,48,4,batch1-05,4.4C(80%)-4.4C,1074.0,936.3101983149463,12.820279486504067,-12.820279486504067,-0.05958452760602739,0.10736402753360164
M4_GBR,48,4,batch1-06,4.8C(80%)-4.8C,636.0,755.0798938598907,18.723253751555145,18.723253751555145,0.0745357904533317,0.0
M4_GBR,48,4,batch1-07,4.8C(80%)-4.8C,870.0,890.4409960788681,2.349539779180244,2.349539779180244,0.010085894171833143,0.0
M4_GBR,48,2,batch1-09,5.4C(40%)-3.6C,1054.0,986.6892512589918,6.38621904563645,-6.38621904563645,-0.02866021374174288,0.0
M4_GBR,48,4,batch1-11,5.4C(50%)-3C,788.0,852.0284819666273,8.125441873937472,8.125441873937472,0.033927895298494715,0.07538258708103562
M4_GBR,48,3,batch1-14,5.4C(60%)-3C,880.0,851.9925712280085,3.1826623604535795,-3.1826623604535795,-0.014046864107351897,0.0
M4_GBR,48,3,batch1-15,5.4C(60%)-3C,719.0,828.7648326001951,15.26631885955425,15.26631885955425,0.06170242377054702,0.0
M4_GBR,48,1,batch1-18,5.4C(70%)-3C,691.0,571.9213999474963,17.232793061143806,-17.232793061143806,-0.08214170025009837,0.0
M4_GBR,48,1,batch1-19,5.4C(70%)-3C,788.0,614.1531157605182,22.061787340035764,-22.061787340035764,-0.10824955800978131,0.0
M4_GBR,48,2,batch1-20,5.4C(80%)-5.4C,534.0,644.3151375556263,20.65826545985511,20.65826545985511,0.08155707776284782,0.06581077380285683
M4_GBR,48,2,batch1-21,5.4C(80%)-5.4C,559.0,679.5072010911342,21.557638835623294,21.557638835623294,0.08478225565092279,0.08271017940103276
M4_GBR,48,2,batch1-24,6C(40%)-3C,1017.0,758.4460862296902,25.423197027562424,-25.423197027562424,-0.12739623831433544,0.0
M4_GBR,48,2,batch1-25,6C(40%)-3C,854.0,844.9244170877216,1.0627146267304892,-1.0627146267304892,-0.004640009916685006,0.0
M4_GBR,48,0,batch1-26,6C(40%)-3.6C,870.0,849.469385328746,2.3598407668108115,-2.3598407668108115,-0.010371520999636008,0.0
M4_GBR,48,0,batch1-27,6C(40%)-3.6C,842.0,857.7548904805265,1.8711271354544485,1.8711271354544485,0.008051111361061292,0.0
M4_GBR,48,1,batch1-28,6C(50%)-3C,860.0,831.284624802054,3.3389971160402263,-3.3389971160402263,-0.014748703251449946,0.0
M4_GBR,48,1,batch1-29,6C(50%)-3C,917.0,879.1923151116732,4.122975451289725,-4.122975451289725,-0.01828545234100698,0.0
M4_GBR,48,3,batch1-34,7C(30%)-3.6C,742.0,876.3489991580415,18.10633411833443,18.10633411833443,0.07227318972929409,0.0
M4_GBR,48,3,batch1-35,7C(30%)-3.6C,703.0,684.4408980156442,2.6399860575186107,-2.6399860575186107,-0.0116193725846645,0.0
M4_GBR,48,0,batch1-36,7C(40%)-3C,704.0,710.9956598895551,0.9937016888572585,0.9937016888572585,0.004294290544377244,0.0
M4_GBR,48,0,batch1-37,7C(40%)-3C,648.0,705.5738063394613,8.884846657324271,8.884846657324271,0.036967443841907865,0.0
M4_GBR,48,1,batch1-38,7C(40%)-3.6C,617.0,592.2944461919377,4.004141622052235,-4.004141622052235,-0.017747503652138175,0.0
M4_GBR,48,1,batch1-39,7C(40%)-3.6C,625.0,615.2115925676935,1.5661451891690377,-1.5661451891690377,-0.006855506966913172,0.0
M4_GBR,48,0,batch1-40,8C(15%)-3.6C,966.0,1035.22737903991,7.166395345746368,7.166395345746368,0.030058623007194196,0.0
M4_GBR,48,0,batch1-41,8C(15%)-3.6C,1051.0,1030.1883957071293,1.9801716739172879,-1.9801716739172879,-0.008686062454895449,0.0
M4_GBR,48,3,batch1-42,8C(25%)-3.6C,702.0,716.9897557416417,2.135292840689703,2.135292840689703,0.009175838438051365,0.0
M4_GBR,48,3,batch1-43,8C(25%)-3.6C,651.0,640.0057912106191,1.6888185544363867,-1.6888185544363867,-0.007397084772685858,0.0
M4_GBR,49,0,batch1-05,4.4C(80%)-4.4C,1074.0,936.3509751879916,12.816482757170242,-12.816482757170242,-0.05956561423162077,0.10736402753360164
M4_GBR,49,1,batch1-06,4.8C(80%)-4.8C,636.0,744.5799521594287,17.072319521922747,17.072319521922747,0.06845422299766257,0.0
M4_GBR,49,1,batch1-07,4.8C(80%)-4.8C,870.0,865.5590515901505,0.5104538402125874,-0.5104538402125874,-0.002222550245558619,0.0
M4_GBR,49,2,batch1-09,5.4C(40%)-3.6C,1054.0,982.0137772991698,6.829812400458277,-6.829812400458277,-0.030723030051867273,0.0
M4_GBR,49,0,batch1-11,5.4C(50%)-3C,788.0,865.3106436751433,9.810995390246612,9.810995390246612,0.040645828258243366,0.07538258708103562
M4_GBR,49,3,batch1-14,5.4C(60%)-3C,880.0,839.9577795695442,4.550252321642706,-4.550252321642706,-0.020225215327327906,0.0
M4_GBR,49,3,batch1-15,5.4C(60%)-3C,719.0,822.7195724202184,14.425531630072093,14.425531630072093,0.05852293887054438,0.0
M4_GBR,49,3,batch1-18,5.4C(70%)-3C,691.0,627.2790080193538,9.221561791699886,-9.221561791699886,-0.04201729331989146,0.0
M4_GBR,49,3,batch1-19,5.4C(70%)-3C,788.0,669.3971614708778,15.05112164075155,-15.05112164075155,-0.07084235105750158,0.0
M4_GBR,49,3,batch1-20,5.4C(80%)-5.4C,534.0,627.2790080193538,17.467979029841533,17.467979029841533,0.06991949702575084,0.06581077380285683
M4_GBR,49,3,batch1-21,5.4C(80%)-5.4C,559.0,670.7644383532418,19.99363834583931,19.99363834583931,0.07915822184317145,0.08271017940103276
M4_GBR,49,4,batch1-24,6C(40%)-3C,1017.0,812.0587052842502,20.15155306939526,-20.15155306939526,-0.09773352656404333,0.0
M4_GBR,49,4,batch1-25,6C(40%)-3C,854.0,830.3157357744077,2.7733330474932436,-2.7733330474932436,-0.01221460213196357,0.0
M4_GBR,49,1,batch1-26,6C(40%)-3.6C,870.0,771.5164931237601,11.31994331910803,-11.31994331910803,-0.05217403797308018,0.0
M4_GBR,49,1,batch1-27,6C(40%)-3.6C,842.0,836.882184518098,0.6078165655465524,-0.6078165655465524,-0.002647768769349579,0.0
M4_GBR,49,2,batch1-28,6C(50%)-3C,860.0,792.9837379404968,7.792588611570142,-7.792588611570142,-0.03523417009888119,0.0
M4_GBR,49,2,batch1-29,6C(50%)-3C,917.0,804.414048073554,12.277639250430317,-12.277639250430317,-0.05688968927546023,0.0
M4_GBR,49,4,batch1-34,7C(30%)-3.6C,742.0,800.4924470307183,7.883079114652057,7.883079114652057,0.03295333325192429,0.0
M4_GBR,49,4,batch1-35,7C(30%)-3.6C,703.0,682.7407656653616,2.8818256521534065,-2.8818256521534065,-0.012699490170262617,0.0
M4_GBR,49,0,batch1-36,7C(40%)-3C,704.0,720.0924088009864,2.285853522867385,2.285853522867385,0.009815573479636353,0.0
M4_GBR,49,0,batch1-37,7C(40%)-3C,648.0,703.8563246285524,8.619803183418586,8.619803183418586,0.03590901152572412,0.0
M4_GBR,49,2,batch1-38,7C(40%)-3.6C,617.0,608.0728145379294,1.4468696048736807,-1.4468696048736807,-0.006329576440470497,0.0
M4_GBR,49,2,batch1-39,7C(40%)-3.6C,625.0,625.0530056440177,0.008480903042836871,0.008480903042836871,3.6830532171627794e-05,0.0
M4_GBR,49,4,batch1-40,8C(15%)-3.6C,966.0,1027.61823616184,6.378699395635618,6.378699395635618,0.02685467625762472,0.0
M4_GBR,49,4,batch1-41,8C(15%)-3.6C,1051.0,1028.3992292942285,2.1504063468859695,-2.1504063468859695,-0.009440973527459207,0.0
M4_GBR,49,1,batch1-42,8C(25%)-3.6C,702.0,734.594239863235,4.643054111571933,4.643054111571933,0.019710406481403098,0.0
M4_GBR,49,1,batch1-43,8C(25%)-3.6C,651.0,658.3904783059661,1.1352501238043162,1.1352501238043162,0.004902552881040911,0.0
M4_GBR,50,4,batch1-05,4.4C(80%)-4.4C,1074.0,909.1604589703219,15.34818817780988,-15.34818817780988,-0.072363742150928,0.03198144045256601
M4_GBR,50,3,batch1-06,4.8C(80%)-4.8C,636.0,758.271878140104,19.2251380723434,19.2251380723434,0.07636783405429748,0.0
M4_GBR,50,3,batch1-07,4.8C(80%)-4.8C,870.0,880.748042655143,1.2354072017405708,1.2354072017405708,0.005332434074269532,0.0
M4_GBR,50,1,batch1-09,5.4C(40%)-3.6C,1054.0,1023.0886784149159,2.932762958736634,-2.932762958736634,-0.012927332123180424,0.0
M4_GBR,50,1,batch1-11,5.4C(50%)-3C,788.0,914.6313940545581,16.069973864791635,16.069973864791635,0.06471988665183126,0.0
M4_GBR,50,3,batch1-14,5.4C(60%)-3C,880.0,833.5397136264244,5.27957799699723,-5.27957799699723,-0.02355637572707625,0.0
M4_GBR,50,3,batch1-15,5.4C(60%)-3C,719.0,812.3739637317836,12.986643078134025,12.986643078134025,0.05302710560442536,0.0
M4_GBR,50,2,batch1-18,5.4C(70%)-3C,691.0,624.4926729920037,9.624794067727397,-9.624794067727397,-0.04395070009688462,0.0
M4_GBR,50,2,batch1-19,5.4C(70%)-3C,788.0,675.8476318764823,14.232534025827121,-14.232534025827121,-0.06667742109514885,0.0
M4_GBR,50,3,batch1-20,5.4C(80%)-5.4C,534.0,647.0038364212649,21.16176712008705,21.16176712008705,0.08336559880497552,0.06581077380285683
M4_GBR,50,3,batch1-21,5.4C(80%)-5.4C,559.0,694.3414862483634,24.211357110619563,24.211357110619563,0.09416130683069701,0.08271017940103276
M4_GBR,50,1,batch1-24,6C(40%)-3C,1017.0,758.8392651121482,25.38453637048691,-25.38453637048691,-0.12717115814372226,0.0
M4_GBR,50,1,batch1-25,6C(40%)-3C,854.0,824.3027685989961,3.477427564520367,-3.477427564520367,-0.015371112170975643,0.0
M4_GBR,50,2,batch1-26,6C(40%)-3.6C,870.0,829.8306929698848,4.617161727599448,-4.617161727599448,-0.02052975856705208,0.0
M4_GBR,50,2,batch1-27,6C(40%)-3.6C,842.0,833.1460946204019,1.051532705415455,-1.051532705415455,-0.004590928599168542,0.0
M4_GBR,50,2,batch1-28,6C(50%)-3C,860.0,828.0248643840033,3.7180390251158943,-3.7180390251158943,-0.016455073030383627,0.0
M4_GBR,50,2,batch1-29,6C(50%)-3C,917.0,835.7172956463144,8.863980845549142,-8.863980845549142,-0.04030994543771804,0.0
M4_GBR,50,0,batch1-34,7C(30%)-3.6C,742.0,883.4871893383466,19.06835435826774,19.06835435826774,0.07579635129154116,0.0
M4_GBR,50,0,batch1-35,7C(30%)-3.6C,703.0,739.7331983024943,5.225206017424512,5.225206017424512,0.022119784713650503,0.0
M4_GBR,50,0,batch1-36,7C(40%)-3C,704.0,689.5612321083546,2.050961348245085,-2.050961348245085,-0.00899982215303119,0.0
M4_GBR,50,0,batch1-37,7C(40%)-3C,648.0,716.800490694593,10.617359675091514,10.617359675091514,0.04382328808520697,0.0
M4_GBR,50,4,batch1-38,7C(40%)-3.6C,617.0,605.7119412940449,1.8295070836231946,-1.8295070836231946,-0.00801902839703228,0.0
M4_GBR,50,4,batch1-39,7C(40%)-3.6C,625.0,631.7191422875724,1.0750627660115788,1.0750627660115788,0.004644019695783541,0.0
M4_GBR,50,0,batch1-40,8C(15%)-3.6C,966.0,1013.5831887382451,4.925795935636139,4.925795935636139,0.020882272323781592,0.0
M4_GBR,50,0,batch1-41,8C(15%)-3.6C,1051.0,1012.2573382162784,3.6862665826566685,-3.6862665826566685,-0.016311782220011395,0.0
M4_GBR,50,4,batch1-42,8C(25%)-3.6C,702.0,703.6158824347679,0.23018268301536393,0.23018268301536393,0.0009985219187358396,0.0
M4_GBR,50,4,batch1-43,8C(25%)-3.6C,651.0,645.0509309805058,0.9138354868654734,-0.9138354868654734,-0.003986982195641975,0.0
M4_GBR,51,3,batch1-05,4.4C(80%)-4.4C,1074.0,894.3035444073005,16.731513556117275,-16.731513556117275,-0.07951932936168316,0.03198144045256601
M4_GBR,51,1,batch1-06,4.8C(80%)-4.8C,636.0,755.1151047115357,18.728790048983594,18.728790048983594,0.07455604198189558,0.0
M4_GBR,51,1,batch1-07,4.8C(80%)-4.8C,870.0,876.6437355552321,0.7636477649692034,0.7636477649692034,0.0033038810920738015,0.0
M4_GBR,51,0,batch1-09,5.4C(40%)-3.6C,1054.0,1023.0886784149159,2.932762958736634,-2.932762958736634,-0.012927332123180424,0.0
M4_GBR,51,0,batch1-11,5.4C(50%)-3C,788.0,914.6313940545581,16.069973864791635,16.069973864791635,0.06471988665183126,0.0
M4_GBR,51,1,batch1-14,5.4C(60%)-3C,880.0,815.7803433831369,7.297688251916257,-7.297688251916257,-0.03290943557591364,0.0
M4_GBR,51,1,batch1-15,5.4C(60%)-3C,719.0,803.7670981415063,11.789582495341623,11.789582495341623,0.04840133418022097,0.0
M4_GBR,51,4,batch1-18,5.4C(70%)-3C,691.0,616.328999194818,10.806222981936608,-10.806222981936608,-0.04966544496236658,0.0
M4_GBR,51,4,batch1-19,5.4C(70%)-3C,788.0,668.123031519948,15.21281325888985,-15.21281325888985,-0.07166977448960576,0.0
M4_GBR,51,2,batch1-20,5.4C(80%)-5.4C,534.0,697.3957345028139,30.598452154084992,30.598452154084992,0.11593802973443612,0.2526694804336085
M4_GBR,51,2,batch1-21,5.4C(80%)-5.4C,559.0,736.7364224546376,31.79542441048973,31.79542441048973,0.1199003329608006,0.2695688860317844
M4_GBR,51,0,batch1-24,6C(40%)-3C,1017.0,758.8392651121482,25.38453637048691,-25.38453637048691,-0.12717115814372226,0.0
M4_GBR,51,0,batch1-25,6C(40%)-3C,854.0,824.3027685989961,3.477427564520367,-3.477427564520367,-0.015371112170975643,0.0
M4_GBR,51,1,batch1-26,6C(40%)-3.6C,870.0,773.8664190101131,11.049836895389301,-11.049836895389301,-0.05085325122966333,0.0
M4_GBR,51,1,batch1-27,6C(40%)-3.6C,842.0,830.9566676438353,1.3115596622523378,-1.3115596622523378,-0.0057337145192017935,0.0
M4_GBR,51,4,batch1-28,6C(50%)-3C,860.0,830.2153438129174,3.463332114777052,-3.463332114777052,-0.015307695615061068,0.0
M4_GBR,51,4,batch1-29,6C(50%)-3C,917.0,846.6785291557948,7.6686445849733085,-7.6686445849733085,-0.034650788993194404,0.0
M4_GBR,51,2,batch1-34,7C(30%)-3.6C,742.0,878.9610526309762,18.45836288827172,18.45836288827172,0.07356572633377167,0.0
M4_GBR,51,2,batch1-35,7C(30%)-3.6C,703.0,696.8304858563203,0.8775980289729371,-0.8775980289729371,-0.003828182518559764,0.0
M4_GBR,51,3,batch1-36,7C(40%)-3C,704.0,700.3808873609147,0.5140784998700713,-0.5140784998700713,-0.0022383729970432142,0.0
M4_GBR,51,3,batch1-37,7C(40%)-3C,648.0,701.6276330789253,8.275869302303292,8.275869302303292,0.0345316791871757,0.0
M4_GBR,51,2,batch1-38,7C(40%)-3.6C,617.0,697.3957345028139,13.030102836760756,13.030102836760756,0.05319412272975077,0.18685870663075166
M4_GBR,51,2,batch1-39,7C(40%)-3.6C,625.0,736.7364224546376,17.877827592742015,17.877827592742015,0.07143212350314831,0.11537318780629091
M4_GBR,51,3,batch1-40,8C(15%)-3.6C,966.0,995.0501435949456,3.00726124171279,3.00726124171279,0.012867840297942301,0.0
M4_GBR,51,3,batch1-41,8C(15%)-3.6C,1051.0,994.4397232780005,5.381567718553707,-5.381567718553707,-0.02402425198770164,0.0
M4_GBR,51,4,batch1-42,8C(25%)-3.6C,702.0,673.652527721197,4.038101464216956,-4.038101464216956,-0.017901168421402325,0.0
M4_GBR,51,4,batch1-43,8C(25%)-3.6C,651.0,616.328999194818,5.3258065752967685,-5.3258065752967685,-0.023768386156360233,0.0
M4_GBR,52,2,batch1-05,4.4C(80%)-4.4C,1074.0,903.3134553672178,15.892601921115663,-15.892601921115663,-0.07516580201984224,0.03198144045256601
M4_GBR,52,0,batch1-06,4.8C(80%)-4.8C,636.0,778.8534237311321,22.461230146404425,22.461230146404425,0.08799861769249606,0.0
M4_GBR,52,0,batch1-07,4.8C(80%)-4.8C,870.0,876.498185438063,0.7469178664440284,0.7469178664440284,0.003231768718152228,0.0
M4_GBR,52,2,batch1-09,5.4C(40%)-3.6C,1054.0,986.2105755618027,6.431634197172423,-6.431634197172423,-0.028870955529200604,0.0
M4_GBR,52,1,batch1-11,5.4C(50%)-3C,788.0,941.9067465965967,19.531313019872677,19.531313019872677,0.07748169014061235,0.0
M4_GBR,52,0,batch1-14,5.4C(60%)-3C,880.0,800.9846865107446,8.979012896506294,-8.979012896506294,-0.04085845897161855,0.0
M4_GBR,52,0,batch1-15,5.4C(60%)-3C,719.0,803.4829556641756,11.750063374711491,11.750063374711491,0.04824777809730474,0.0
M4_GBR,52,4,batch1-18,5.4C(70%)-3C,691.0,579.6615570343128,16.112654553645044,-16.112654553645044,-0.07630354831699604,0.0
M4_GBR,52,4,batch1-19,5.4C(70%)-3C,788.0,605.7249285038104,23.13135425078549,-23.13135425078549,-0.11425077014478369,0.0
M4_GBR,52,3,batch1-20,5.4C(80%)-5.4C,534.0,647.0400110118906,21.168541387994484,21.168541387994484,0.08338987993753388,0.06581077380285683
M4_GBR,52,3,batch1-21,5.4C(80%)-5.4C,559.0,709.0084227963573,26.835138246217767,26.835138246217767,0.10323958660870591,0.08271017940103276
M4_GBR,52,0,batch1-24,6C(40%)-3C,1017.0,759.5585534916718,25.3138098828248,-25.3138098828248,-0.12675969417339283,0.0
M4_GBR,52,0,batch1-25,6C(40%)-3C,854.0,935.5291481303744,9.546738656952511,9.546738656952511,0.03959945260076214,0.0
M4_GBR,52,3,batch1-26,6C(40%)-3.6C,870.0,853.8225039096424,1.8594823092365098,-1.8594823092365098,-0.008151655447737216,0.0
M4_GBR,52,3,batch1-27,6C(40%)-3.6C,842.0,844.1225465335764,0.25208391135111435,0.25208391135111435,0.0010934089410397085,0.0
M4_GBR,52,1,batch1-28,6C(50%)-3C,860.0,830.9459028482846,3.378383389734347,-3.378383389734347,-0.014925700454919255,0.0
M4_GBR,52,1,batch1-29,6C(50%)-3C,917.0,838.012681616668,8.61366612686281,-8.61366612686281,-0.03911874482677602,0.0
M4_GBR,52,1,batch1-34,7C(30%)-3.6C,742.0,873.2052460360634,17.682647713755173,17.682647713755173,0.07071243091711077,0.0
M4_GBR,52,1,batch1-35,7C(30%)-3.6C,703.0,690.0633764800509,1.8402024921691438,-1.8402024921691438,-0.008066346178794426,0.0
M4_GBR,52,4,batch1-36,7C(40%)-3C,704.0,657.0204719314744,6.67322841882466,-6.67322841882466,-0.029993757301725488,0.0
M4_GBR,52,4,batch1-37,7C(40%)-3C,648.0,651.0860796772331,0.4762468637705403,0.4762468637705403,0.002063404291246407,0.0
M4_GBR,52,4,batch1-38,7C(40%)-3.6C,617.0,601.3973784110326,2.528787939865056,-2.528787939865056,-0.011123633424884982,0.0
M4_GBR,52,4,batch1-39,7C(40%)-3.6C,625.0,609.192325840435,2.529227865530393,-2.529227865530393,-0.011125593569999204,0.0
M4_GBR,52,3,batch1-40,8C(15%)-3.6C,966.0,1038.6524843780687,7.520961115742103,7.520961115742103,0.031493137828404016,0.0
M4_GBR,52,3,batch1-41,8C(15%)-3.6C,1051.0,1031.7853615630831,1.8282243993260567,-1.8282243993260567,-0.008013353992672112,0.0
M4_GBR,52,2,batch1-42,8C(25%)-3.6C,702.0,732.5250977850316,4.348304527782274,4.348304527782274,0.018485396954799338,0.0
M4_GBR,52,2,batch1-43,8C(25%)-3.6C,651.0,656.1104210036357,0.785010906856479,0.785010906856479,0.003395947144347655,0.0
M4_GBR,53,2,batch1-05,4.4C(80%)-4.4C,1074.0,851.6121507843437,20.706503651364645,-20.706503651364645,-0.10076243204846724,0.03198144045256601
M4_GBR,53,1,batch1-06,4.8C(80%)-4.8C,636.0,846.445446858747,33.088906738796695,33.088906738796695,0.12414185755652207,0.0
M4_GBR,53,1,batch1-07,4.8C(80%)-4.8C,870.0,869.3218711706953,0.07794584244881411,-0.07794584244881411,-0.0003386464902104258,0.0
M4_GBR,53,2,batch1-09,5.4C(40%)-3.6C,1054.0,981.3573760329612,6.892089560440118,-6.892089560440118,-0.03101341983167627,0.0
M4_GBR,53,0,batch1-11,5.4C(50%)-3C,788.0,923.7013838867184,17.220987802883048,17.220987802883048,0.06900537679251828,0.0
M4_GBR,53,3,batch1-14,5.4C(60%)-3C,880.0,841.1230131729362,4.417839412166337,-4.417839412166337,-0.01962315669063308,0.0
M4_GBR,53,3,batch1-15,5.4C(60%)-3C,719.0,816.0956234381479,13.504259170813334,13.504259170813334,0.05501215844258889,0.0
M4_GBR,53,4,batch1-18,5.4C(70%)-3C,691.0,629.1145103661144,8.9559319296506,-8.9559319296506,-0.04074834518194548,0.0
M4_GBR,53,4,batch1-19,5.4C(70%)-3C,788.0,682.8298842915638,13.34646138431932,-13.34646138431932,-0.06221369757920936,0.0
M4_GBR,53,3,batch1-20,5.4C(80%)-5.4C,534.0,647.930868583072,21.33536864851535,21.33536864851535,0.08398741397394449,0.06581077380285683
M4_GBR,53,3,batch1-21,5.4C(80%)-5.4C,559.0,690.0829899954189,23.4495509830803,23.4495509830803,0.09148951463307764,0.08271017940103276
M4_GBR,53,2,batch1-24,6C(40%)-3C,1017.0,760.3159062931927,25.239340580807006,-25.239340580807006,-0.12632687662367958,0.0
M4_GBR,53,2,batch1-25,6C(40%)-3C,854.0,762.128256748025,10.75781536908372,-10.75781536908372,-0.049429806815598276,0.0
M4_GBR,53,0,batch1-26,6C(40%)-3.6C,870.0,844.6835432554554,2.9099375568442016,-2.9099375568442016,-0.012825219597294435,0.0
M4_GBR,53,0,batch1-27,6C(40%)-3.6C,842.0,838.8391762601216,0.37539474345349455,-0.37539474345349455,-0.001633386401284298,0.0
M4_GBR,53,4,batch1-28,6C(50%)-3C,860.0,812.8208397589527,5.485948865238055,-5.485948865238055,-0.024503621367339523,0.0
M4_GBR,53,4,batch1-29,6C(50%)-3C,917.0,847.1064894461957,7.6219749786046105,-7.6219749786046105,-0.034431326907382154,0.0
M4_GBR,53,1,batch1-34,7C(30%)-3.6C,742.0,883.985824689217,19.135555888034634,19.135555888034634,0.07604139558403267,0.0
M4_GBR,53,1,batch1-35,7C(30%)-3.6C,703.0,823.5089043477038,17.142091656856877,17.142091656856877,0.06871297440357615,0.0
M4_GBR,53,3,batch1-36,7C(40%)-3C,704.0,693.9484303708995,1.4277797768608702,-1.4277797768608702,-0.006245461363780791,0.0
M4_GBR,53,3,batch1-37,7C(40%)-3C,648.0,688.0707888745011,6.183763715200786,6.183763715200786,0.026058114975509916,0.0
M4_GBR,53,0,batch1-38,7C(40%)-3.6C,617.0,597.5281035096451,3.1558989449521686,-3.1558989449521686,-0.013926827781880924,0.0
M4_GBR,53,0,batch1-39,7C(40%)-3.6C,625.0,645.5853879570844,3.29366207313351,3.29366207313351,0.014073674751872822,0.0
M4_GBR,53,4,batch1-40,8C(15%)-3.6C,966.0,1038.8596253496355,7.54240428050057,7.54240428050057,0.03157974158951271,0.0
M4_GBR,53,4,batch1-41,8C(15%)-3.6C,1051.0,1036.1883916747008,1.4092871860417866,-1.4092871860417866,-0.006163993411882895,0.0
M4_GBR,53,1,batch1-42,8C(25%)-3.6C,702.0,735.8975260564873,4.828707415454034,4.828707415454034,0.020480230785613784,0.0
M4_GBR,53,1,batch1-43,8C(25%)-3.6C,651.0,640.4749257282363,1.6167548804552598,-1.6167548804552598,-0.00707885656558771,0.0
M4_GBR,54,3,batch1-05,4.4C(80%)-4.4C,1074.0,846.9968241444218,21.136236113182328,-21.136236113182328,-0.10312249943795226,0.03198144045256601
M4_GBR,54,3,batch1-06,4.8C(80%)-4.8C,636.0,742.8364701345101,16.79818712806763,16.79818712806763,0.06743610196827499,0.0
M4_GBR,54,3,batch1-07,4.8C(80%)-4.8C,870.0,906.1314746389218,4.15304306194503,4.15304306194503,0.017671963344773722,0.0
M4_GBR,54,4,batch1-09,5.4C(40%)-3.6C,1054.0,1010.1693772600256,4.158503106259429,-4.158503106259429,-0.018446411903691562,0.0
M4_GBR,54,0,batch1-11,5.4C(50%)-3C,788.0,872.137321439903,10.677325055825248,10.677325055825248,0.04405865419557653,0.0
M4_GBR,54,1,batch1-14,5.4C(60%)-3C,880.0,841.4444497141965,4.381312532477673,-4.381312532477673,-0.019457222045005107,0.0
M4_GBR,54,1,batch1-15,5.4C(60%)-3C,719.0,819.8473404163162,14.026055690725483,14.026055690725483,0.0570041017727374,0.0
M4_GBR,54,4,batch1-18,5.4C(70%)-3C,691.0,617.7368128826619,10.60248728181449,-10.60248728181449,-0.04867456428902717,0.0
M4_GBR,54,4,batch1-19,5.4C(70%)-3C,788.0,672.4215695365225,14.66731351059359,-14.66731351059359,-0.06888458146030718,0.0
M4_GBR,54,1,batch1-20,5.4C(80%)-5.4C,534.0,647.8610044458774,21.32228547675606,21.32228547675606,0.08394058298213558,0.06581077380285683
M4_GBR,54,1,batch1-21,5.4C(80%)-5.4C,559.0,683.4543427526646,22.26374646738186,22.26374646738186,0.08729769952820599,0.08271017940103276
M4_GBR,54,3,batch1-24,6C(40%)-3C,1017.0,764.4641332260019,24.83145199351014,-24.83145199351014,-0.12396383872370142,0.0
M4_GBR,54,3,batch1-25,6C(40%)-3C,854.0,782.394831535306,8.38468014809063,-8.38468014809063,-0.03803189782959082,0.0
M4_GBR,54,4,batch1-26,6C(40%)-3.6C,870.0,827.782148566293,4.8526266015755155,-4.8526266015755155,-0.02160319617691231,0.0
M4_GBR,54,4,batch1-27,6C(40%)-3.6C,842.0,854.0176204213402,1.4272708338883862,1.4272708338883862,0.006154739813257315,0.0
M4_GBR,54,2,batch1-28,6C(50%)-3C,860.0,803.8293996434031,6.531465157743824,-6.531465157743824,-0.02933456500163034,0.0
M4_GBR,54,2,batch1-29,6C(50%)-3C,917.0,822.6852709570902,10.285139481233346,-10.285139481233346,-0.04713561373677111,0.0
M4_GBR,54,1,batch1-34,7C(30%)-3.6C,742.0,871.9568860887155,17.51440513325006,17.51440513325006,0.0700911064922285,0.0
M4_GBR,54,1,batch1-35,7C(30%)-3.6C,703.0,663.3503333837648,5.640066374997896,-5.640066374997896,-0.025212373279293487,0.0
M4_GBR,54,2,batch1-36,7C(40%)-3C,704.0,682.615524069457,3.037567603770309,-3.037567603770309,-0.013396498344763419,0.0
M4_GBR,54,2,batch1-37,7C(40%)-3C,648.0,697.120999560611,7.5804011667609625,7.5804011667609625,0.03173315943072863,0.0
M4_GBR,54,2,batch1-38,7C(40%)-3.6C,617.0,624.5047267723494,1.2163252467340984,1.2163252467340984,0.0052505657920125515,0.0
M4_GBR,54,2,batch1-39,7C(40%)-3.6C,625.0,622.5883851435808,0.38585837702707065,-0.38585837702707065,-0.001679003013484781,0.0
M4_GBR,54,0,batch1-40,8C(15%)-3.6C,966.0,1035.6531022252393,7.210466068865353,7.210466068865353,0.030237183995608596,0.0
M4_GBR,54,0,batch1-41,8C(15%)-3.6C,1051.0,1035.6531022252393,1.4602186274748516,-1.4602186274748516,-0.006388405617140158,0.0
M4_GBR,54,0,batch1-42,8C(25%)-3.6C,702.0,706.5055864614669,0.6418214332573959,0.6418214332573959,0.0027784881096857283,0.0
M4_GBR,54,0,batch1-43,8C(25%)-3.6C,651.0,649.4374971371275,0.24001580074846704,-0.24001580074846704,-0.0010436283163866023,0.0
M4_GBR,55,1,batch1-05,4.4C(80%)-4.4C,1074.0,926.2074524429605,13.760944837713174,-13.760944837713174,-0.06429601027483356,0.03198144045256601
M4_GBR,55,2,batch1-06,4.8C(80%)-4.8C,636.0,753.4302079211752,18.463869169996105,18.463869169996105,0.07358591310770457,0.0
M4_GBR,55,2,batch1-07,4.8C(80%)-4.8C,870.0,883.2082720401987,1.5181921885285887,1.5181921885285887,0.0065438753441644515,0.0
M4_GBR,55,1,batch1-09,5.4C(40%)-3.6C,1054.0,986.6185991504485,6.392922281741127,-6.392922281741127,-0.028691312610459097,0.0
M4_GBR,55,2,batch1-11,5.4C(50%)-3C,788.0,901.7550437500375,14.435919257618979,14.435919257618979,0.05856236262941028,0.0
M4_GBR,55,0,batch1-14,5.4C(60%)-3C,880.0,867.1900674640646,1.455674151810846,-1.455674151810846,-0.006368377206608322,0.0
M4_GBR,55,0,batch1-15,5.4C(60%)-3C,719.0,816.7794070014879,13.599361196312646,13.599361196312646,0.055375889212179175,0.0
M4_GBR,55,3,batch1-18,5.4C(70%)-3C,691.0,621.5694008468347,10.047843582223633,-10.047843582223633,-0.04598842087745947,0.0
M4_GBR,55,3,batch1-19,5.4C(70%)-3C,788.0,668.560954931885,15.157239221842003,-15.157239221842003,-0.0713852080101196,0.0
M4_GBR,55,0,batch1-20,5.4C(80%)-5.4C,534.0,681.0831482944452,27.543660729296853,27.543660729296853,0.10565887785209593,0.2526694804336085
M4_GBR,55,0,batch1-21,5.4C(80%)-5.4C,559.0,731.9115185277205,30.932293117660205,30.932293117660205,0.11704677407660391,0.2695688860317844
M4_GBR,55,3,batch1-24,6C(40%)-3C,1017.0,782.9221263093186,23.016506754245956,-23.016506754245956,-0.11360238600663886,0.0
M4_GBR,55,3,batch1-25,6C(40%)-3C,854.0,864.371484387433,1.2144595301443843,1.2144595301443843,0.005242560384923767,0.0
M4_GBR,55,4,batch1-26,6C(40%)-3.6C,870.0,861.9046585710208,0.9304990148251917,-0.9304990148251917,-0.0040600245509114785,0.0
M4_GBR,55,4,batch1-27,6C(40%)-3.6C,842.0,877.70458006207,4.240448938488126,4.240448938488126,0.018036273110209944,0.0
M4_GBR,55,1,batch1-28,6C(50%)-3C,860.0,791.8623404172013,7.922983672418457,-7.922983672418457,-0.03584876207006982,0.0
M4_GBR,55,1,batch1-29,6C(50%)-3C,917.0,813.6129672670096,11.274485576116728,-11.274485576116728,-0.051951473966211026,0.0
M4_GBR,55,4,batch1-34,7C(30%)-3.6C,742.0,875.9659583402114,18.054711366605307,18.054711366605307,0.07208332372893267,0.0
M4_GBR,55,4,batch1-35,7C(30%)-3.6C,703.0,707.5744367038071,0.6507022338274713,0.6507022338274713,0.0028168092814282453,0.0
M4_GBR,55,3,batch1-36,7C(40%)-3C,704.0,684.9845673328647,2.701055776581721,-2.701055776581721,-0.011891872171845286,0.0
M4_GBR,55,3,batch1-37,7C(40%)-3C,648.0,660.870141447018,1.9861329393546296,1.9861329393546296,0.008541124729249283,0.0
M4_GBR,55,0,batch1-38,7C(40%)-3.6C,617.0,681.0831482944452,10.38624769764104,10.38624769764104,0.04291497084741058,0.18685870663075166
M4_GBR,55,0,batch1-39,7C(40%)-3.6C,625.0,731.9115185277205,17.105842964435286,17.105842964435286,0.06857856461895162,0.11537318780629091
M4_GBR,55,4,batch1-40,8C(15%)-3.6C,966.0,1029.2238589097572,6.5449129306166824,6.5449129306166824,0.027532718818841673,0.0
M4_GBR,55,4,batch1-41,8C(15%)-3.6C,1051.0,1021.9973199143374,2.759531882555912,-2.759531882555912,-0.012152959121857876,0.0
M4_GBR,55,2,batch1-42,8C(25%)-3.6C,702.0,729.147541959282,3.867171219270935,3.867171219270935,0.016478303945944628,0.0
M4_GBR,55,2,batch1-43,8C(25%)-3.6C,651.0,664.1382330339953,2.0181617563740915,2.0181617563740915,0.008677493805483216,0.0
M4_GBR,56,4,batch1-05,4.4C(80%)-4.4C,1074.0,883.7966482088054,17.709809291545117,-17.709809291545117,-0.08465193119223002,0.03198144045256601
M4_GBR,56,1,batch1-06,4.8C(80%)-4.8C,636.0,750.8106701709511,18.05199216524388,18.05199216524388,0.07207332033530722,0.0
M4_GBR,56,1,batch1-07,4.8C(80%)-4.8C,870.0,898.56489810501,3.2833216212655176,3.2833216212655176,0.014030196518140414,0.0
M4_GBR,56,3,batch1-09,5.4C(40%)-3.6C,1054.0,992.4817738322944,5.836643848928428,-5.836643848928428,-0.02611807085370943,0.0
M4_GBR,56,1,batch1-11,5.4C(50%)-3C,788.0,940.9498721748295,19.409882255689016,19.409882255689016,0.07704027010588321,0.0
M4_GBR,56,4,batch1-14,5.4C(60%)-3C,880.0,834.6974063774052,5.148022002567594,-5.148022002567594,-0.022953608113082336,0.0
M4_GBR,56,4,batch1-15,5.4C(60%)-3C,719.0,834.6974063774052,16.091433432184306,16.091433432184306,0.06480017365420387,0.0
M4_GBR,56,4,batch1-18,5.4C(70%)-3C,691.0,636.2525506862487,7.922930436143459,-7.922930436143459,-0.035848510973599534,0.0
M4_GBR,56,4,batch1-19,5.4C(70%)-3C,788.0,668.222840510963,15.200147143278805,-15.200147143278805,-0.07160490132311503,0.0
M4_GBR,56,2,batch1-20,5.4C(80%)-5.4C,534.0,647.0400110118906,21.168541387994484,21.168541387994484,0.08338987993753388,0.06581077380285683
M4_GBR,56,2,batch1-21,5.4C(80%)-5.4C,559.0,709.0084227963573,26.835138246217767,26.835138246217767,0.10323958660870591,0.08271017940103276
M4_GBR,56,0,batch1-24,6C(40%)-3C,1017.0,764.6060414743409,24.817498380104137,-24.817498380104137,-0.12388322768257742,0.0
M4_GBR,56,0,batch1-25,6C(40%)-3C,854.0,823.3529530896665,3.5886471791959633,-3.5886471791959633,-0.01587182318091651,0.0
M4_GBR,56,2,batch1-26,6C(40%)-3.6C,870.0,853.8225039096424,1.8594823092365098,-1.8594823092365098,-0.008151655447737216,0.0
M4_GBR,56,2,batch1-27,6C(40%)-3.6C,842.0,844.1225465335764,0.25208391135111435,0.25208391135111435,0.0010934089410397085,0.0
M4_GBR,56,3,batch1-28,6C(50%)-3C,860.0,829.8059418856142,3.5109369900448635,-3.5109369900448635,-0.015521910942352335,0.0
M4_GBR,56,3,batch1-29,6C(50%)-3C,917.0,846.1265264688049,7.7288411702502895,-7.7288411702502895,-0.03493402506772769,0.0
M4_GBR,56,3,batch1-34,7C(30%)-3.6C,742.0,876.0504931486588,18.066104197932454,18.066104197932454,0.07212523315373831,0.0
M4_GBR,56,3,batch1-35,7C(30%)-3.6C,703.0,699.424664748898,0.5085825392748289,-0.5085825392748289,-0.002214381668459442,0.0
M4_GBR,56,0,batch1-36,7C(40%)-3C,704.0,725.8221488134627,3.099737047366863,3.099737047366863,0.013257557630527383,0.0
M4_GBR,56,0,batch1-37,7C(40%)-3C,648.0,695.9255037528011,7.3959110729631306,7.3959110729631306,0.0309877466125692,0.0
M4_GBR,56,1,batch1-38,7C(40%)-3.6C,617.0,589.0893812068146,4.5236011010025035,-4.5236011010025035,-0.020103969721708026,0.0
M4_GBR,56,1,batch1-39,7C(40%)-3.6C,625.0,637.341359293106,1.9746174868969684,1.9746174868969684,0.008492084926700283,0.0
M4_GBR,56,2,batch1-40,8C(15%)-3.6C,966.0,1038.6524843780687,7.520961115742103,7.520961115742103,0.031493137828404016,0.0
M4_GBR,56,2,batch1-41,8C(15%)-3.6C,1051.0,1031.7853615630831,1.8282243993260567,-1.8282243993260567,-0.008013353992672112,0.0
M4_GBR,56,0,batch1-42,8C(25%)-3.6C,702.0,741.4231565187957,5.6158342619367145,5.6158342619367145,0.02372903388972114,0.0
M4_GBR,56,0,batch1-43,8C(25%)-3.6C,651.0,665.4601762125307,2.221225224659087,2.221225224659087,0.009541082108550647,0.0
M4_GBR,57,1,batch1-05,4.4C(80%)-4.4C,1074.0,885.2929836785036,17.570485691014568,-17.570485691014568,-0.08391725909781078,0.11949435672945175
M4_GBR,57,2,batch1-06,4.8C(80%)-4.8C,636.0,724.0000311898895,13.836482891492052,13.836482891492052,0.05628146925812061,0.0
M4_GBR,57,2,batch1-07,4.8C(80%)-4.8C,870.0,751.0563132843236,13.67168812823867,-13.67168812823867,-0.0638467515242298,0.0
M4_GBR,57,3,batch1-09,5.4C(40%)-3.6C,1054.0,988.6670833032127,6.198568946564257,-6.198568946564257,-0.027790535886718537,0.0
M4_GBR,57,1,batch1-11,5.4C(50%)-3C,788.0,836.5098209385283,6.156068647021353,6.156068647021353,0.025944826618627737,0.08751291627688573
M4_GBR,57,0,batch1-14,5.4C(60%)-3C,880.0,844.513714219055,4.0325324751073826,-4.0325324751073826,-0.0178759655950671,0.0
M4_GBR,57,0,batch1-15,5.4C(60%)-3C,719.0,817.9685360819179,13.76474771653935,13.76474771653935,0.056007708069846895,0.0
M4_GBR,57,4,batch1-18,5.4C(70%)-3C,691.0,619.9992970218121,10.275065554006927,-10.275065554006927,-0.04708685029484938,0.0
M4_GBR,57,4,batch1-19,5.4C(70%)-3C,788.0,663.6165145449208,15.784706276025274,-15.784706276025274,-0.07460903229141058,0.0
M4_GBR,57,4,batch1-20,5.4C(80%)-5.4C,534.0,623.4712650243378,16.754918543883473,16.754918543883473,0.06727518518224596,0.06581077380285683
M4_GBR,57,4,batch1-21,5.4C(80%)-5.4C,559.0,664.2413017072951,18.82670871329071,18.82670871329071,0.07491406811232748,0.08271017940103276
M4_GBR,57,3,batch1-24,6C(40%)-3C,1017.0,749.8425517818662,26.26916894966901,-26.26916894966901,-0.1323508709587098,0.0
M4_GBR,57,3,batch1-25,6C(40%)-3C,854.0,849.3982505504679,0.5388465397578597,-0.5388465397578597,-0.0023465085211120673,0.0
M4_GBR,57,2,batch1-26,6C(40%)-3.6C,870.0,726.7267218320426,16.468192892868668,-16.468192892868668,-0.07814812306958796,0.0
M4_GBR,57,2,batch1-27,6C(40%)-3.6C,842.0,744.5745217552108,11.570721881803948,-11.570721881803948,-0.0534039202813017,0.0
M4_GBR,57,2,batch1-28,6C(50%)-3C,860.0,744.5745217552108,13.42156723776619,-13.42156723776619,-0.06259028002522005,0.0
M4_GBR,57,2,batch1-29,6C(50%)-3C,917.0,751.5442333636923,18.043158848016102,-18.043158848016102,-0.08641478888358156,0.0
M4_GBR,57,0,batch1-34,7C(30%)-3.6C,742.0,885.7541143520892,19.37386985877213,19.37386985877213,0.0769092730406209,0.0
M4_GBR,57,0,batch1-35,7C(30%)-3.6C,703.0,724.0006841165623,2.987295037917823,2.987295037917823,0.012783651547361163,0.0
M4_GBR,57,0,batch1-36,7C(40%)-3C,704.0,699.7034953089427,0.610298961797911,-0.610298961797911,-0.0026586157436274682,0.0
M4_GBR,57,0,batch1-37,7C(40%)-3C,648.0,727.6706831621378,12.29485851267559,12.29485851267559,0.0503598722838019,0.0
M4_GBR,57,3,batch1-38,7C(40%)-3.6C,617.0,594.643713852475,3.623385113051053,-3.623385113051053,-0.016028331839923027,0.0
M4_GBR,57,3,batch1-39,7C(40%)-3.6C,625.0,634.1432723367235,1.4629235738757598,1.4629235738757598,0.006307372013603985,0.0
M4_GBR,57,1,batch1-40,8C(15%)-3.6C,966.0,1000.5671060706887,3.5783753696365155,3.5783753696365155,0.01526909481148131,0.0
M4_GBR,57,1,batch1-41,8C(15%)-3.6C,1051.0,990.198611248565,5.7850988345799195,-5.7850988345799195,-0.02588040312943196,0.01213032919585011
M4_GBR,57,4,batch1-42,8C(25%)-3.6C,702.0,682.9658096982307,2.7114231199101546,-2.7114231199101546,-0.011938149342943127,0.0
M4_GBR,57,4,batch1-43,8C(25%)-3.6C,651.0,619.9992970218121,4.762012746265416,-4.762012746265416,-0.021189791488843035,0.0
M4_GBR,58,4,batch1-05,4.4C(80%)-4.4C,1074.0,926.111419866381,13.769886418400281,-13.769886418400281,-0.06434104184985268,0.10736402753360164
M4_GBR,58,2,batch1-06,4.8C(80%)-4.8C,636.0,753.9609770246899,18.547323431555014,18.547323431555014,0.07389175289852945,0.0
M4_GBR,58,2,batch1-07,4.8C(80%)-4.8C,870.0,877.2221741200638,0.8301349563291673,0.8301349563291673,0.0035903484719903567,0.0
M4_GBR,58,1,batch1-09,5.4C(40%)-3.6C,1054.0,915.3342552706222,13.156142763698087,-13.156142763698087,-0.06126089526784062,0.0
M4_GBR,58,4,batch1-11,5.4C(50%)-3C,788.0,859.351670391306,9.054780506510916,9.054780506510916,0.03764470798984876,0.07538258708103562
M4_GBR,58,2,batch1-14,5.4C(60%)-3C,880.0,819.2345203346015,6.905168143795286,-6.905168143795286,-0.031074428133933907,0.0
M4_GBR,58,2,batch1-15,5.4C(60%)-3C,719.0,795.7431448599777,10.673594556325138,10.673594556325138,0.044044015581464535,0.0
M4_GBR,58,3,batch1-18,5.4C(70%)-3C,691.0,616.328999194818,10.806222981936608,-10.806222981936608,-0.04966544496236658,0.0
M4_GBR,58,3,batch1-19,5.4C(70%)-3C,788.0,668.123031519948,15.21281325888985,-15.21281325888985,-0.07166977448960576,0.0
M4_GBR,58,0,batch1-20,5.4C(80%)-5.4C,534.0,682.6292074048288,27.833184907271306,27.833184907271306,0.10664360930987105,0.2526694804336085
M4_GBR,58,0,batch1-21,5.4C(80%)-5.4C,559.0,736.8986165950678,31.824439462445042,31.824439462445042,0.11999593332127478,0.2695688860317844
M4_GBR,58,0,batch1-24,6C(40%)-3C,1017.0,753.1189340963072,25.947007463489957,-25.947007463489957,-0.13045738662510775,0.0
M4_GBR,58,0,batch1-25,6C(40%)-3C,854.0,819.6649322360902,4.0204997381627425,-4.0204997381627425,-0.017821515646475827,0.0
M4_GBR,58,4,batch1-26,6C(40%)-3.6C,870.0,836.289625001876,3.874755746910811,-3.874755746910811,-0.01716254365205705,0.0
M4_GBR,58,4,batch1-27,6C(40%)-3.6C,842.0,836.2749738349612,0.6799318485794298,-0.6799318485794298,-0.002962991113287572,0.0
M4_GBR,58,3,batch1-28,6C(50%)-3C,860.0,830.2153438129174,3.463332114777052,-3.463332114777052,-0.015307695615061068,0.0
M4_GBR,58,3,batch1-29,6C(50%)-3C,917.0,846.6785291557948,7.6686445849733085,-7.6686445849733085,-0.034650788993194404,0.0
M4_GBR,58,1,batch1-34,7C(30%)-3.6C,742.0,928.2459491663135,25.100532232656803,25.100532232656803,0.0972591573769872,0.0
M4_GBR,58,1,batch1-35,7C(30%)-3.6C,703.0,696.3801993461839,0.9416501641274719,-0.9416501641274719,-0.00410891099059052,0.0
M4_GBR,58,2,batch1-36,7C(40%)-3C,704.0,730.5000690087568,3.7642143478347703,3.7642143478347703,0.016047602155063068,0.0
M4_GBR,58,2,batch1-37,7C(40%)-3C,648.0,731.4071883053598,12.871479676753056,12.871479676753056,0.05258421841966188,0.0
M4_GBR,58,0,batch1-38,7C(40%)-3.6C,617.0,681.1495633009034,10.397011880211252,10.397011880211252,0.04295731848830586,0.18685870663075166
M4_GBR,58,0,batch1-39,7C(40%)-3.6C,625.0,736.8986165950678,17.903778655210843,17.903778655210843,0.0715277238636225,0.11537318780629091
M4_GBR,58,1,batch1-40,8C(15%)-3.6C,966.0,915.3342552706222,5.244901110701638,-5.244901110701638,-0.023397410806806018,0.0
M4_GBR,58,1,batch1-41,8C(15%)-3.6C,1051.0,915.9256050313186,12.85198810358529,-12.85198810358529,-0.05974251598101121,0.0
M4_GBR,58,3,batch1-42,8C(25%)-3.6C,702.0,673.652527721197,4.038101464216956,-4.038101464216956,-0.017901168421402325,0.0
M4_GBR,58,3,batch1-43,8C(25%)-3.6C,651.0,616.328999194818,5.3258065752967685,-5.3258065752967685,-0.023768386156360233,0.0
M4_GBR,59,2,batch1-05,4.4C(80%)-4.4C,1074.0,885.2929836785036,17.570485691014568,-17.570485691014568,-0.08391725909781078,0.11949435672945175
M4_GBR,59,4,batch1-06,4.8C(80%)-4.8C,636.0,756.7949394111024,18.99291500174566,18.99291500174566,0.07552110368456466,0.0
M4_GBR,59,4,batch1-07,4.8C(80%)-4.8C,870.0,856.4594367990893,1.5563865748173213,-1.5563865748173213,-0.006812453666752205,0.0
M4_GBR,59,0,batch1-09,5.4C(40%)-3.6C,1054.0,990.2449067591717,6.048870326454296,-6.048870326454296,-0.027097993551346455,0.0
M4_GBR,59,2,batch1-11,5.4C(50%)-3C,788.0,836.5098209385283,6.156068647021353,6.156068647021353,0.025944826618627737,0.08751291627688573
M4_GBR,59,1,batch1-14,5.4C(60%)-3C,880.0,812.7435965012769,7.642773124854899,-7.642773124854899,-0.034529115716997794,0.0
M4_GBR,59,1,batch1-15,5.4C(60%)-3C,719.0,813.9904502967671,13.211467356991252,13.211467356991252,0.05389041941080741,0.0
M4_GBR,59,3,batch1-18,5.4C(70%)-3C,691.0,571.9213999474963,17.232793061143806,-17.232793061143806,-0.08214170025009837,0.0
M4_GBR,59,3,batch1-19,5.4C(70%)-3C,788.0,614.1531157605182,22.061787340035764,-22.061787340035764,-0.10824955800978131,0.0
M4_GBR,59,1,batch1-20,5.4C(80%)-5.4C,534.0,645.6723145121974,20.912418447977046,20.912418447977046,0.08247090786209643,0.06581077380285683
M4_GBR,59,1,batch1-21,5.4C(80%)-5.4C,559.0,686.3230672869822,22.77693511395031,22.77693511395031,0.08911678786727428,0.08271017940103276
M4_GBR,59,1,batch1-24,6C(40%)-3C,1017.0,766.9899682519745,24.583090634024142,-24.583090634024142,-0.1225312692362186,0.0
M4_GBR,59,1,batch1-25,6C(40%)-3C,854.0,898.7529997534918,5.240398097598577,5.240398097598577,0.022182482242089296,0.0
M4_GBR,59,4,batch1-26,6C(40%)-3.6C,870.0,770.9011657587107,11.390670602447045,-11.390670602447045,-0.0525205502057986,0.0
M4_GBR,59,4,batch1-27,6C(40%)-3.6C,842.0,847.0395984040563,0.5985271263724796,0.5985271263724796,0.002591622215220468,0.0
M4_GBR,59,3,batch1-28,6C(50%)-3C,860.0,831.284624802054,3.3389971160402263,-3.3389971160402263,-0.014748703251449946,0.0
M4_GBR,59,3,batch1-29,6C(50%)-3C,917.0,879.1923151116732,4.122975451289725,-4.122975451289725,-0.01828545234100698,0.0
M4_GBR,59,0,batch1-34,7C(30%)-3.6C,742.0,891.3527836940547,20.128407505937286,20.128407505937286,0.07964571984444291,0.0
M4_GBR,59,0,batch1-35,7C(30%)-3.6C,703.0,687.161640659514,2.2529671892583245,-2.2529671892583245,-0.009896417087903231,0.0
M4_GBR,59,4,batch1-36,7C(40%)-3C,704.0,739.2645402583221,5.009167650329842,5.009167650329842,0.021227216080870193,0.0
M4_GBR,59,4,batch1-37,7C(40%)-3C,648.0,726.8855054828405,12.173689117722294,12.173689117722294,0.04989100298990223,0.0
M4_GBR,59,3,batch1-38,7C(40%)-3.6C,617.0,592.2944461919377,4.004141622052235,-4.004141622052235,-0.017747503652138175,0.0
M4_GBR,59,3,batch1-39,7C(40%)-3.6C,625.0,615.2115925676935,1.5661451891690377,-1.5661451891690377,-0.006855506966913172,0.0
M4_GBR,59,2,batch1-40,8C(15%)-3.6C,966.0,1000.5671060706887,3.5783753696365155,3.5783753696365155,0.01526909481148131,0.0
M4_GBR,59,2,batch1-41,8C(15%)-3.6C,1051.0,990.198611248565,5.7850988345799195,-5.7850988345799195,-0.02588040312943196,0.01213032919585011
M4_GBR,59,0,batch1-42,8C(25%)-3.6C,702.0,699.1332294581142,0.4083718720635021,-0.4083718720635021,-0.0017771677073739056,0.0
M4_GBR,59,0,batch1-43,8C(25%)-3.6C,651.0,641.2098983299421,1.5038558632961414,-1.5038558632961414,-0.006580770648883405,0.0
M4_GBR,60,1,batch1-05,4.4C(80%)-4.4C,1074.0,885.4489800845225,17.555960885984867,-17.555960885984867,-0.08384073933390113,0.03198144045256601
M4_GBR,60,4,batch1-06,4.8C(80%)-4.8C,636.0,743.8203074483456,16.952878529614086,16.952878529614086,0.06801091544951321,0.0
M4_GBR,60,4,batch1-07,4.8C(80%)-4.8C,870.0,880.8639354856914,1.2487282167461378,1.2487282167461378,0.005389576756649639,0.0
M4_GBR,60,2,batch1-09,5.4C(40%)-3.6C,1054.0,1000.1245618276391,5.111521648231582,-5.111521648231582,-0.022786517731029132,0.0
M4_GBR,60,3,batch1-11,5.4C(50%)-3C,788.0,965.9744602099954,22.58559139720754,22.58559139720754,0.08843942659001991,0.0
M4_GBR,60,1,batch1-14,5.4C(60%)-3C,880.0,840.752976583167,4.459889024640117,-4.459889024640117,-0.01981425859423469,0.0
M4_GBR,60,1,batch1-15,5.4C(60%)-3C,719.0,822.4287507400146,14.385083552157804,14.385083552157804,0.05836939374580652,0.0
M4_GBR,60,0,batch1-18,5.4C(70%)-3C,691.0,579.6615570343128,16.112654553645044,-16.112654553645044,-0.07630354831699604,0.0
M4_GBR,60,0,batch1-19,5.4C(70%)-3C,788.0,605.7249285038104,23.13135425078549,-23.13135425078549,-0.11425077014478369,0.0
M4_GBR,60,4,batch1-20,5.4C(80%)-5.4C,534.0,647.1871786685407,21.19610087425856,21.19610087425856,0.08348864791580368,0.06581077380285683
M4_GBR,60,4,batch1-21,5.4C(80%)-5.4C,559.0,709.4955679779359,26.922284074764924,26.922284074764924,0.1035378789983481,0.08271017940103276
M4_GBR,60,3,batch1-24,6C(40%)-3C,1017.0,797.76779719486,21.556755438066862,-21.556755438066862,-0.1054444513861772,0.0
M4_GBR,60,3,batch1-25,6C(40%)-3C,854.0,799.8898494974077,6.336083197024861,-6.336083197024861,-0.028427685008439507,0.0
M4_GBR,60,1,batch1-26,6C(40%)-3.6C,870.0,844.2817864037644,2.9561165053144385,-2.9561165053144385,-0.01303183223046478,0.0
M4_GBR,60,1,batch1-27,6C(40%)-3.6C,842.0,857.4923181452399,1.8399427725938116,1.8399427725938116,0.007918146600491838,0.0
M4_GBR,60,2,batch1-28,6C(50%)-3C,860.0,793.9084117481736,7.685068401375157,-7.685068401375157,-0.0347280477669214,0.0
M4_GBR,60,2,batch1-29,6C(50%)-3C,917.0,801.9883422184408,12.542165515982461,-12.542165515982461,-0.058201280287353274,0.0
M4_GBR,60,3,batch1-34,7C(30%)-3.6C,742.0,801.4732328445663,8.015260491181438,8.015260491181438,0.0334851173287678,0.0
M4_GBR,60,3,batch1-35,7C(30%)-3.6C,703.0,676.4079266321118,3.7826562400979014,-3.7826562400979014,-0.016746636690785355,0.0
M4_GBR,60,0,batch1-36,7C(40%)-3C,704.0,657.0204719314744,6.67322841882466,-6.67322841882466,-0.029993757301725488,0.0
M4_GBR,60,0,batch1-37,7C(40%)-3C,648.0,651.0860796772331,0.4762468637705403,0.4762468637705403,0.002063404291246407,0.0
M4_GBR,60,0,batch1-38,7C(40%)-3.6C,617.0,601.3973784110326,2.528787939865056,-2.528787939865056,-0.011123633424884982,0.0
M4_GBR,60,0,batch1-39,7C(40%)-3.6C,625.0,609.192325840435,2.529227865530393,-2.529227865530393,-0.011125593569999204,0.0
M4_GBR,60,4,batch1-40,8C(15%)-3.6C,966.0,1036.6486340470626,7.313523193277703,7.313523193277703,0.030654453356020017,0.0
M4_GBR,60,4,batch1-41,8C(15%)-3.6C,1051.0,1025.6369625761192,2.413229060312157,-2.413229060312157,-0.010609052182688483,0.0
M4_GBR,60,2,batch1-42,8C(25%)-3.6C,702.0,692.8552817132895,1.3026664226083313,-1.3026664226083313,-0.005694580139558703,0.0
M4_GBR,60,2,batch1-43,8C(25%)-3.6C,651.0,648.3449708655297,0.4078385767235458,-0.4078385767235458,-0.0017748421443966045,0.0
M4_GBR,61,3,batch1-05,4.4C(80%)-4.4C,1074.0,914.8584909802938,14.817645160121618,-14.817645160121618,-0.06965035815956044,0.03198144045256601
M4_GBR,61,3,batch1-06,4.8C(80%)-4.8C,636.0,736.4436069940909,15.79301996762436,15.79301996762436,0.0636823807998037,0.0
M4_GBR,61,3,batch1-07,4.8C(80%)-4.8C,870.0,908.5623489631039,4.432453903805044,4.432453903805044,0.01883548296766513,0.0
M4_GBR,61,4,batch1-09,5.4C(40%)-3.6C,1054.0,952.1796139623356,9.660378181941596,-9.660378181941596,-0.0441217318250362,0.0
M4_GBR,61,4,batch1-11,5.4C(50%)-3C,788.0,839.6410373025728,6.553431129768127,6.553431129768127,0.027567439003135075,0.0
M4_GBR,61,1,batch1-14,5.4C(60%)-3C,880.0,849.787857329494,3.433198030739313,-3.433198030739313,-0.015172151012668333,0.0
M4_GBR,61,1,batch1-15,5.4C(60%)-3C,719.0,827.2700976204932,15.05842804179321,15.05842804179321,0.060918436285704036,0.0
M4_GBR,61,2,batch1-18,5.4C(70%)-3C,691.0,624.5880724425547,9.610988069094837,-9.610988069094837,-0.04388436098280746,0.0
M4_GBR,61,2,batch1-19,5.4C(70%)-3C,788.0,671.4622348284284,14.789056493854257,-14.789056493854257,-0.06950462590081674,0.0
M4_GBR,61,1,batch1-20,5.4C(80%)-5.4C,534.0,638.5023382849193,19.569726270584148,19.569726270584148,0.07762123502096108,0.06581077380285683
M4_GBR,61,1,batch1-21,5.4C(80%)-5.4C,559.0,693.9539245566233,24.142025859861054,24.142025859861054,0.09391882831037313,0.08271017940103276
M4_GBR,61,2,batch1-24,6C(40%)-3C,1017.0,770.0553933038441,24.281672241509924,-24.281672241509924,-0.12079898600881789,0.0
M4_GBR,61,2,batch1-25,6C(40%)-3C,854.0,823.2922696246935,3.5957529713473635,-3.5957529713473635,-0.015903833104643716,0.0
M4_GBR,61,2,batch1-26,6C(40%)-3.6C,870.0,832.3120357628601,4.331949912314932,-4.331949912314932,-0.019233077765074214,0.0
M4_GBR,61,2,batch1-27,6C(40%)-3.6C,842.0,860.9974416851999,2.2562282286460658,2.2562282286460658,0.009689769520031533,0.0
M4_GBR,61,0,batch1-28,6C(50%)-3C,860.0,839.0904970834661,2.4313375484341786,-2.4313375484341786,-0.010689648621669878,0.0
M4_GBR,61,0,batch1-29,6C(50%)-3C,917.0,852.5145189841928,7.03222257533339,-7.03222257533339,-0.03166755157026735,0.0
M4_GBR,61,0,batch1-34,7C(30%)-3.6C,742.0,853.3024304711051,15.000327556752715,15.000327556752715,0.06069907736133029,0.0
M4_GBR,61,0,batch1-35,7C(30%)-3.6C,703.0,668.7458329417761,4.872569994057447,-4.872569994057447,-0.02169423613787469,0.0
M4_GBR,61,3,batch1-36,7C(40%)-3C,704.0,726.6573304722202,3.2183708057131,3.2183708057131,0.013756999902769795,0.0
M4_GBR,61,3,batch1-37,7C(40%)-3C,648.0,722.099482251398,11.43510528570956,11.43510528570956,0.047022027733098604,0.0
M4_GBR,61,0,batch1-38,7C(40%)-3.6C,617.0,593.7198277528564,3.7731235408660586,-3.7731235408660586,-0.016703611250242556,0.0
M4_GBR,61,0,batch1-39,7C(40%)-3.6C,625.0,631.2507816925721,1.0001250708115366,1.0001250708115366,0.004321911579965754,0.0
M4_GBR,61,4,batch1-40,8C(15%)-3.6C,966.0,952.1796139623356,1.430681784437312,-1.430681784437312,-0.006258247364001601,0.0
M4_GBR,61,4,batch1-41,8C(15%)-3.6C,1051.0,955.948589278768,9.04390206672045,-9.04390206672045,-0.04116817939326367,0.0
M4_GBR,61,1,batch1-42,8C(25%)-3.6C,702.0,707.6506818775939,0.8049404384036909,0.8049404384036909,0.003481817353138794,0.0
M4_GBR,61,1,batch1-43,8C(25%)-3.6C,651.0,640.2994631796361,1.6437076528976862,-1.6437076528976862,-0.0071978508518171225,0.0
M4_RF,42,0,batch1-05,4.4C(80%)-4.4C,1074.0,893.593971398363,16.79758180648389,-16.79758180648389,-0.07986405119919837,0.03198144045256601
M4_RF,42,2,batch1-06,4.8C(80%)-4.8C,636.0,749.717501818547,17.880110348828147,17.880110348828147,0.07144053372577286,0.0
M4_RF,42,2,batch1-07,4.8C(80%)-4.8C,870.0,870.1824997167341,0.020976978934957244,0.020976978934957244,9.109230811121805e-05,0.0
M4_RF,42,2,batch1-09,5.4C(40%)-3.6C,1054.0,955.488029376384,9.346486776434155,-9.346486776434155,-0.042615360415215964,0.0
M4_RF,42,4,batch1-11,5.4C(50%)-3C,788.0,965.811247833017,22.56487916662652,22.56487916662652,0.08836604139561288,0.0
M4_RF,42,3,batch1-14,5.4C(60%)-3C,880.0,942.0214456147456,7.047891547130185,7.047891547130185,0.029578117698046746,0.0
M4_RF,42,3,batch1-15,5.4C(60%)-3C,719.0,920.811196612285,28.068316635922812,28.068316635922812,0.10744170107873963,0.0
M4_RF,42,1,batch1-18,5.4C(70%)-3C,691.0,650.2171035894627,5.90201105796488,-5.90201105796488,-0.026419658195590223,0.0
M4_RF,42,1,batch1-19,5.4C(70%)-3C,788.0,653.4819731987922,17.070815583909624,-17.070815583909624,-0.08129260575397712,0.0
M4_RF,42,4,batch1-20,5.4C(80%)-5.4C,534.0,672.5982907730944,25.954736099830413,25.954736099830413,0.10021450230932816,0.06581077380285683
M4_RF,42,4,batch1-21,5.4C(80%)-5.4C,559.0,690.4547979632827,23.516064036365414,23.516064036365414,0.0917234439816017,0.08271017940103276
M4_RF,42,1,batch1-24,6C(40%)-3C,1017.0,824.7746125521759,18.901218038134132,-18.901218038134132,-0.09098566849183864,0.0
M4_RF,42,1,batch1-25,6C(40%)-3C,854.0,872.1144407827009,2.121128897271763,2.121128897271763,0.009115607063919562,0.0
M4_RF,42,3,batch1-26,6C(40%)-3.6C,870.0,855.8014888622725,1.6320127744514312,-1.6320127744514312,-0.0071462149155436805,0.0
M4_RF,42,3,batch1-27,6C(40%)-3.6C,842.0,902.5843445752524,7.195290329602426,7.195290329602426,0.030175704864241926,0.0
M4_RF,42,0,batch1-28,6C(50%)-3C,860.0,838.8892754674723,2.454735410759033,-2.454735410759033,-0.010793808921232717,0.0
M4_RF,42,0,batch1-29,6C(50%)-3C,917.0,861.671097052383,6.033686253829559,-6.033686253829559,-0.027027809976600814,0.0
M4_RF,42,3,batch1-34,7C(30%)-3.6C,742.0,898.2994367416889,21.064614116130574,21.064614116130574,0.08301722208757756,0.0
M4_RF,42,3,batch1-35,7C(30%)-3.6C,703.0,746.1340108305318,6.135705665793996,6.135705665793996,0.025861511752209854,0.0
M4_RF,42,4,batch1-36,7C(40%)-3C,704.0,690.5075303224743,1.9165439882849034,-1.9165439882849034,-0.00840424000781681,0.0
M4_RF,42,4,batch1-37,7C(40%)-3C,648.0,679.2608950311718,4.824212196168488,4.824212196168488,0.020461607158195783,0.0
M4_RF,42,0,batch1-38,7C(40%)-3.6C,617.0,637.0776733529813,3.2540799599645487,3.2540799599645487,0.01390722128815991,0.0
M4_RF,42,0,batch1-39,7C(40%)-3.6C,625.0,659.1850180738612,5.469602891817795,5.469602891817795,0.023127310832559367,0.0
M4_RF,42,1,batch1-40,8C(15%)-3.6C,966.0,923.5644519384895,4.392913878003161,-4.392913878003161,-0.01950991787419154,0.0
M4_RF,42,1,batch1-41,8C(15%)-3.6C,1051.0,921.6868039586162,12.303824551987038,-12.303824551987038,-0.05701934640638884,0.0
M4_RF,42,2,batch1-42,8C(25%)-3.6C,702.0,695.2138961144269,0.966681465181351,-0.966681465181351,-0.004218667812468269,0.0
M4_RF,42,2,batch1-43,8C(25%)-3.6C,651.0,681.547089823917,4.6923333062852475,4.6923333062852475,0.019914879150796594,0.0
M4_RF,43,4,batch1-05,4.4C(80%)-4.4C,1074.0,896.6822182479514,16.510035544883486,-16.510035544883486,-0.07836572384209095,0.03198144045256601
M4_RF,43,4,batch1-06,4.8C(80%)-4.8C,636.0,747.0301135679445,17.45756502640636,17.45756502640636,0.06988099338624609,0.0
M4_RF,43,4,batch1-07,4.8C(80%)-4.8C,870.0,894.6287898909306,2.8308953897621434,2.8308953897621434,0.01212361739684864,0.0
M4_RF,43,1,batch1-09,5.4C(40%)-3.6C,1054.0,957.0426185941894,9.198992543245785,-9.198992543245785,-0.04190933286127363,0.0
M4_RF,43,2,batch1-11,5.4C(50%)-3C,788.0,952.896959467405,20.926010084696074,20.926010084696074,0.0825197237005808,0.0
M4_RF,43,4,batch1-14,5.4C(60%)-3C,880.0,894.4649599073576,1.6437454440179133,1.6437454440179133,0.0070806598779316055,0.0
M4_RF,43,4,batch1-15,5.4C(60%)-3C,719.0,886.7534363381524,23.331493232010065,23.331493232010065,0.09107398973804282,0.0
M4_RF,43,3,batch1-18,5.4C(70%)-3C,691.0,643.2797233130148,6.90597347134374,-6.90597347134374,-0.031078185064541408,0.0
M4_RF,43,3,batch1-19,5.4C(70%)-3C,788.0,647.0566035296619,17.886217826185042,-17.886217826185042,-0.08558394373687861,0.0
M4_RF,43,1,batch1-20,5.4C(80%)-5.4C,534.0,673.2369201311649,26.07432961257769,26.07432961257769,0.1006266675205838,0.06581077380285683
M4_RF,43,1,batch1-21,5.4C(80%)-5.4C,559.0,688.2661839051709,23.124540949046676,23.124540949046676,0.0903446243083681,0.08271017940103276
M4_RF,43,2,batch1-24,6C(40%)-3C,1017.0,818.1041675517931,19.557112335123588,-19.557112335123588,-0.09451234789115937,0.0
M4_RF,43,2,batch1-25,6C(40%)-3C,854.0,849.6575212853802,0.5084869689250353,-0.5084869689250353,-0.0022139644902074984,0.0
M4_RF,43,0,batch1-26,6C(40%)-3.6C,870.0,789.981257471381,9.19755661248494,-9.19755661248494,-0.04190246496528438,0.0
M4_RF,43,0,batch1-27,6C(40%)-3.6C,842.0,794.4773777025968,5.6440168999291265,-5.6440168999291265,-0.025230556071802912,0.0
M4_RF,43,0,batch1-28,6C(50%)-3C,860.0,794.4773777025968,7.618909569465495,-7.618909569465495,-0.03441691581572126,0.0
M4_RF,43,0,batch1-29,6C(50%)-3C,917.0,794.8670878741422,13.318747232917977,-13.318747232917977,-0.06207482063441594,0.0
M4_RF,43,3,batch1-34,7C(30%)-3.6C,742.0,878.4486151401221,18.38930123182239,18.38930123182239,0.07331245723552238,0.0
M4_RF,43,3,batch1-35,7C(30%)-3.6C,703.0,724.1654657427714,3.010734814049986,3.010734814049986,0.012882485167104996,0.0
M4_RF,43,2,batch1-36,7C(40%)-3C,704.0,688.3563902069628,2.222103663783689,-2.222103663783689,-0.009759310694610779,0.0
M4_RF,43,2,batch1-37,7C(40%)-3C,648.0,674.7100249239007,4.121917426527891,4.121917426527891,0.017542157133059177,0.0
M4_RF,43,0,batch1-38,7C(40%)-3.6C,617.0,666.24970092226,7.982123326136141,7.982123326136141,0.03335186304777915,0.0
M4_RF,43,0,batch1-39,7C(40%)-3.6C,625.0,669.1042465927165,7.056679454834648,7.056679454834648,0.029613768873617552,0.0
M4_RF,43,3,batch1-40,8C(15%)-3.6C,966.0,925.6782713880004,4.17409198881983,-4.17409198881983,-0.018517056838789347,0.0
M4_RF,43,3,batch1-41,8C(15%)-3.6C,1051.0,923.5984977008075,12.121931712577787,-12.121931712577787,-0.05611949819364925,0.0
M4_RF,43,1,batch1-42,8C(25%)-3.6C,702.0,688.4358797323955,1.9322108643311247,-1.9322108643311247,-0.008473615431102033,0.0
M4_RF,43,1,batch1-43,8C(25%)-3.6C,651.0,673.5265191076535,3.4602947938023787,3.4602947938023787,0.014773711528498268,0.0
M4_RF,44,3,batch1-05,4.4C(80%)-4.4C,1074.0,848.416539464878,21.00404660475996,-21.00404660475996,-0.10239515507828267,0.03198144045256601
M4_RF,44,4,batch1-06,4.8C(80%)-4.8C,636.0,751.5218202000982,18.16380820756261,18.16380820756261,0.07248447906150357,0.0
M4_RF,44,4,batch1-07,4.8C(80%)-4.8C,870.0,854.6817610325147,1.760717122699458,-1.760717122699458,-0.007714816434666094,0.0
M4_RF,44,2,batch1-09,5.4C(40%)-3.6C,1054.0,953.6544522511847,9.520450450551737,-9.520450450551737,-0.043449570203246246,0.0
M4_RF,44,4,batch1-11,5.4C(50%)-3C,788.0,990.0781988173952,25.644441474288733,25.644441474288733,0.09914328011170825,0.0
M4_RF,44,4,batch1-14,5.4C(60%)-3C,880.0,982.5584471383453,11.654368992993783,11.654368992993783,0.04787572151784936,0.0
M4_RF,44,4,batch1-15,5.4C(60%)-3C,719.0,945.620743586758,31.51887949746286,31.51887949746286,0.11898810014927674,0.0
M4_RF,44,0,batch1-18,5.4C(70%)-3C,691.0,656.4668305389459,4.997564321426058,-4.997564321426058,-0.02226526009847607,0.0
M4_RF,44,0,batch1-19,5.4C(70%)-3C,788.0,668.4610192838502,15.16992141067891,-15.16992141067891,-0.07145013065373318,0.0
M4_RF,44,0,batch1-20,5.4C(80%)-5.4C,534.0,656.5276759705279,22.945257672383494,22.945257672383494,0.0897117814973778,0.06581077380285683
M4_RF,44,0,batch1-21,5.4C(80%)-5.4C,559.0,668.4610192838502,19.581577689418637,19.581577689418637,0.07766427894939909,0.08271017940103276
M4_RF,44,0,batch1-24,6C(40%)-3C,1017.0,812.0630920253196,20.151121728090498,-20.151121728090498,-0.097731180511619,0.0
M4_RF,44,0,batch1-25,6C(40%)-3C,854.0,865.818844919796,1.3839396861587814,1.3839396861587814,0.0059691634973173535,0.0
M4_RF,44,1,batch1-26,6C(40%)-3.6C,870.0,807.9236289335827,7.13521506510544,-7.13521506510544,-0.03214894271073554,0.0
M4_RF,44,1,batch1-27,6C(40%)-3.6C,842.0,809.5326806580371,3.8559761688792085,-3.8559761688792085,-0.01707770568269451,0.0
M4_RF,44,1,batch1-28,6C(50%)-3C,860.0,806.8033642245811,6.185655322723132,-6.185655322723132,-0.02773075076936804,0.0
M4_RF,44,1,batch1-29,6C(50%)-3C,917.0,810.1193116044375,11.655473107476828,-11.655473107476828,-0.05382035067337387,0.0
M4_RF,44,2,batch1-34,7C(30%)-3.6C,742.0,871.3448660011804,17.431922641668525,17.431922641668525,0.0697861713799548,0.0
M4_RF,44,2,batch1-35,7C(30%)-3.6C,703.0,730.9619171253449,3.9775131046009866,3.9775131046009866,0.01693942592825115,0.0
M4_RF,44,1,batch1-36,7C(40%)-3C,704.0,690.5180972862967,1.9150429991055873,-1.9150429991055873,-0.00839759397028228,0.0
M4_RF,44,1,batch1-37,7C(40%)-3C,648.0,684.2862184976669,5.599725076800453,5.599725076800453,0.023662787536960828,0.0
M4_RF,44,3,batch1-38,7C(40%)-3.6C,617.0,638.6392869390211,3.50717778590293,3.50717778590293,0.014970467326488102,0.0
M4_RF,44,3,batch1-39,7C(40%)-3.6C,625.0,656.2006613271413,4.992105812342616,4.992105812342616,0.021156646393523548,0.0
M4_RF,44,3,batch1-40,8C(15%)-3.6C,966.0,900.8506388110724,6.7442402887088635,-6.7442402887088635,-0.03032433556664449,0.0
M4_RF,44,3,batch1-41,8C(15%)-3.6C,1051.0,896.4781960628129,14.7023600320825,-14.7023600320825,-0.06906298481242601,0.0
M4_RF,44,2,batch1-42,8C(25%)-3.6C,702.0,677.3825993540075,3.506752228773855,-3.506752228773855,-0.015503075861343696,0.0
M4_RF,44,2,batch1-43,8C(25%)-3.6C,651.0,667.4368287017952,2.5248584795384343,2.5248584795384343,0.010829178480390667,0.0
M4_RF,45,3,batch1-05,4.4C(80%)-4.4C,1074.0,851.7551574437956,20.693188319944543,-20.693188319944543,-0.10068950942875832,0.03198144045256601
M4_RF,45,2,batch1-06,4.8C(80%)-4.8C,636.0,744.9343396358564,17.128040823247865,17.128040823247865,0.0686608789917944,0.0
M4_RF,45,2,batch1-07,4.8C(80%)-4.8C,870.0,871.4302314069208,0.16439441458860057,0.16439441458860057,0.0007133696617036556,0.0
M4_RF,45,1,batch1-09,5.4C(40%)-3.6C,1054.0,950.8598604529601,9.785591987385189,-9.785591987385189,-0.04472409637520469,0.0
M4_RF,45,4,batch1-11,5.4C(50%)-3C,788.0,970.882138203663,23.208393173053675,23.208393173053675,0.09064029374224125,0.0
M4_RF,45,2,batch1-14,5.4C(60%)-3C,880.0,925.9921629096717,5.226382148826332,5.226382148826332,0.02212463891676908,0.0
M4_RF,45,2,batch1-15,5.4C(60%)-3C,719.0,904.4470793691634,25.79236152561382,25.79236152561382,0.09965427029849128,0.0
M4_RF,45,3,batch1-18,5.4C(70%)-3C,691.0,650.2515936768704,5.897019728383451,-5.897019728383451,-0.02639662210917537,0.0
M4_RF,45,3,batch1-19,5.4C(70%)-3C,788.0,655.1437243355127,16.859933459960313,-16.859933459960313,-0.08018963224788811,0.0
M4_RF,45,0,batch1-20,5.4C(80%)-5.4C,534.0,662.1203609149054,23.992576950356817,23.992576950356817,0.09339568608162141,0.06581077380285683
M4_RF,45,0,batch1-21,5.4C(80%)-5.4C,559.0,700.4851661210013,25.31040538837232,25.31040538837232,0.09798713496162792,0.08271017940103276
M4_RF,45,0,batch1-24,6C(40%)-3C,1017.0,802.491608783602,21.092270522752994,-21.092270522752994,-0.10288045300226001,0.0
M4_RF,45,0,batch1-25,6C(40%)-3C,854.0,836.9960808166564,1.9910912392673952,-1.9910912392673952,-0.008734446248534145,0.0
M4_RF,45,1,batch1-26,6C(40%)-3.6C,870.0,848.7311146092557,2.4446994702004994,-2.4446994702004994,-0.010749128849635081,0.0
M4_RF,45,1,batch1-27,6C(40%)-3.6C,842.0,888.7799946833188,5.55581884599986,5.55581884599986,0.02348217912215489,0.0
M4_RF,45,0,batch1-28,6C(50%)-3C,860.0,821.8628414931259,4.434553314752806,-4.434553314752806,-0.019699105909003478,0.0
M4_RF,45,0,batch1-29,6C(50%)-3C,917.0,837.2638080907265,8.695331724021106,-8.695331724021106,-0.039507017047655246,0.0
M4_RF,45,1,batch1-34,7C(30%)-3.6C,742.0,876.4647378790887,18.121932328718156,18.121932328718156,0.07233054287173513,0.0
M4_RF,45,1,batch1-35,7C(30%)-3.6C,703.0,733.6919204843479,4.365849286535969,4.365849286535969,0.01855841157112259,0.0
M4_RF,45,4,batch1-36,7C(40%)-3C,704.0,670.1564723976794,4.807319261693266,-4.807319261693266,-0.0213964427622253,0.0
M4_RF,45,4,batch1-37,7C(40%)-3C,648.0,663.5098642897192,2.393497575573949,2.393497575573949,0.010272377960980794,0.0
M4_RF,45,4,batch1-38,7C(40%)-3.6C,617.0,647.5133385031447,4.945435737948902,4.945435737948902,0.02096355509633696,0.0
M4_RF,45,4,batch1-39,7C(40%)-3.6C,625.0,657.634663579137,5.221546172661929,5.221546172661929,0.02210467922621806,0.0
M4_RF,45,3,batch1-40,8C(15%)-3.6C,966.0,899.1392894390465,6.921398608794361,-6.921398608794361,-0.031150151090563405,0.0
M4_RF,45,3,batch1-41,8C(15%)-3.6C,1051.0,894.8928109441473,14.853205428720523,-14.853205428720523,-0.0698316968054149,0.0
M4_RF,45,2,batch1-42,8C(25%)-3.6C,702.0,692.7613419309909,1.316048157978511,-1.316048157978511,-0.005753467321553796,0.0
M4_RF,45,2,batch1-43,8C(25%)-3.6C,651.0,679.4060775999753,4.3634527803341525,4.3634527803341525,0.018548438947163515,0.0
M4_RF,46,1,batch1-05,4.4C(80%)-4.4C,1074.0,876.8470294286232,18.35688739025855,-18.35688739025855,-0.0880804463436875,0.03198144045256601
M4_RF,46,0,batch1-06,4.8C(80%)-4.8C,636.0,750.936746457543,18.071815480745755,18.071815480745755,0.07214624103433831,0.0
M4_RF,46,0,batch1-07,4.8C(80%)-4.8C,870.0,867.8892672950725,0.24261295458936782,-0.24261295458936782,-0.0010549348966084615,0.0
M4_RF,46,2,batch1-09,5.4C(40%)-3.6C,1054.0,948.0992881638438,10.047505866807992,-10.047505866807992,-0.045986790369954456,0.0
M4_RF,46,3,batch1-11,5.4C(50%)-3C,788.0,999.1990808465644,26.801913813015783,26.801913813015783,0.10312580837347252,0.0
M4_RF,46,3,batch1-14,5.4C(60%)-3C,880.0,991.803145489084,12.704902896486821,12.704902896486821,0.051942809165666404,0.0
M4_RF,46,3,batch1-15,5.4C(60%)-3C,719.0,955.1140792112982,32.839232157343275,32.839232157343275,0.12332635660722291,0.0
M4_RF,46,4,batch1-18,5.4C(70%)-3C,691.0,650.2171035894627,5.90201105796488,-5.90201105796488,-0.026419658195590223,0.0
M4_RF,46,4,batch1-19,5.4C(70%)-3C,788.0,653.4819731987922,17.070815583909624,-17.070815583909624,-0.08129260575397712,0.0
M4_RF,46,0,batch1-20,5.4C(80%)-5.4C,534.0,678.9130657546663,27.13727823121091,27.13727823121091,0.10427290977008141,0.06581077380285683
M4_RF,46,0,batch1-21,5.4C(80%)-5.4C,559.0,703.2535982043928,25.805652630481717,25.805652630481717,0.0997001550287604,0.08271017940103276
M4_RF,46,4,batch1-24,6C(40%)-3C,1017.0,824.7746125521759,18.901218038134132,-18.901218038134132,-0.09098566849183864,0.0
M4_RF,46,4,batch1-25,6C(40%)-3C,854.0,872.1144407827009,2.121128897271763,2.121128897271763,0.009115607063919562,0.0
M4_RF,46,1,batch1-26,6C(40%)-3.6C,870.0,824.2269179958363,5.261273793582036,-5.261273793582036,-0.023472458802095808,0.0
M4_RF,46,1,batch1-27,6C(40%)-3.6C,842.0,865.6361229380867,2.8071404914592297,2.8071404914592297,0.012023279720962954,0.0
M4_RF,46,2,batch1-28,6C(50%)-3C,860.0,848.5332842235309,1.3333390437754735,-1.3333390437754735,-0.005829568795996831,0.0
M4_RF,46,2,batch1-29,6C(50%)-3C,917.0,854.4503839299259,6.821114075253444,-6.821114075253444,-0.030682486414385313,0.0
M4_RF,46,3,batch1-34,7C(30%)-3.6C,742.0,887.8908796209452,19.661843614682635,19.661843614682635,0.07795568967697442,0.0
M4_RF,46,3,batch1-35,7C(30%)-3.6C,703.0,736.8983502716105,4.821955941907614,4.821955941907614,0.020452259228930014,0.0
M4_RF,46,0,batch1-36,7C(40%)-3C,704.0,705.6189275829616,0.2299613043979611,0.2299613043979611,0.0009975626905318613,0.0
M4_RF,46,0,batch1-37,7C(40%)-3C,648.0,696.5521968965709,7.492622977865876,7.492622977865876,0.03137866043824111,0.0
M4_RF,46,1,batch1-38,7C(40%)-3.6C,617.0,637.0876245907441,3.2556928023896434,3.2556928023896434,0.013914004972593208,0.0
M4_RF,46,1,batch1-39,7C(40%)-3.6C,625.0,660.3374071043495,5.653985136695919,5.653985136695919,0.023885882744090647,0.0
M4_RF,46,4,batch1-40,8C(15%)-3.6C,966.0,923.5644519384895,4.392913878003161,-4.392913878003161,-0.01950991787419154,0.0
M4_RF,46,4,batch1-41,8C(15%)-3.6C,1051.0,921.6868039586162,12.303824551987038,-12.303824551987038,-0.05701934640638884,0.0
M4_RF,46,2,batch1-42,8C(25%)-3.6C,702.0,686.8429138188588,2.159129085632643,-2.159129085632643,-0.009479690153899156,0.0
M4_RF,46,2,batch1-43,8C(25%)-3.6C,651.0,674.4856655127035,3.607629111014357,3.607629111014357,0.015391735706764553,0.0
M4_RF,47,2,batch1-05,4.4C(80%)-4.4C,1074.0,892.9592306234674,16.856682437293536,-16.856682437293536,-0.08017265038030663,0.03198144045256601
M4_RF,47,1,batch1-06,4.8C(80%)-4.8C,636.0,879.7204343998278,38.32082301884085,38.32082301884085,0.14088756435694272,0.0
M4_RF,47,1,batch1-07,4.8C(80%)-4.8C,870.0,891.3470380925835,2.4536825393774127,2.4536825393774127,0.010527573062136586,0.0
M4_RF,47,0,batch1-09,5.4C(40%)-3.6C,1054.0,955.0104520284547,9.391797720260469,-9.391797720260469,-0.0428324861687579,0.0
M4_RF,47,3,batch1-11,5.4C(50%)-3C,788.0,950.813027281824,20.661551685510663,20.661551685510663,0.08156890596399125,0.0
M4_RF,47,0,batch1-14,5.4C(60%)-3C,880.0,928.6644774911853,5.530054260361962,5.530054260361962,0.023376161440706422,0.0
M4_RF,47,0,batch1-15,5.4C(60%)-3C,719.0,915.3293586194164,27.30589132398003,27.30589132398003,0.10484850192775896,0.0
M4_RF,47,0,batch1-18,5.4C(70%)-3C,691.0,647.7328133201312,6.261532081022983,-6.261532081022983,-0.02808214895717409,0.0
M4_RF,47,0,batch1-19,5.4C(70%)-3C,788.0,651.8572535321081,17.2769982827274,-17.2769982827274,-0.08237371499486867,0.0
M4_RF,47,4,batch1-20,5.4C(80%)-5.4C,534.0,673.0036885981968,26.030653295542482,26.030653295542482,0.10047618748286924,0.06581077380285683
M4_RF,47,4,batch1-21,5.4C(80%)-5.4C,559.0,692.896074144897,23.95278607243239,23.95278607243239,0.09325629280037306,0.08271017940103276
M4_RF,47,3,batch1-24,6C(40%)-3C,1017.0,816.340221461221,19.73055836172852,-19.73055836172852,-0.09544975800567412,0.0
M4_RF,47,3,batch1-25,6C(40%)-3C,854.0,847.9443065133322,0.7090975979704675,-0.7090975979704675,-0.0030905422155940165,0.0
M4_RF,47,4,batch1-26,6C(40%)-3.6C,870.0,817.1736826976297,6.07199049452532,-6.07199049452532,-0.02720488100578633,0.0
M4_RF,47,4,batch1-27,6C(40%)-3.6C,842.0,858.0935586785964,1.911349011709789,1.911349011709789,0.008222550431452369,0.0
M4_RF,47,2,batch1-28,6C(50%)-3C,860.0,841.1366507952258,2.193412698229556,-2.193412698229556,-0.009631894369162008,0.0
M4_RF,47,2,batch1-29,6C(50%)-3C,917.0,863.7212962187372,5.810109463605544,-5.810109463605544,-0.025995707821424574,0.0
M4_RF,47,1,batch1-34,7C(30%)-3.6C,742.0,878.1461720743471,18.34854071082845,18.34854071082845,0.07316290725756502,0.0
M4_RF,47,1,batch1-35,7C(30%)-3.6C,703.0,864.3128074465358,22.946345298226994,22.946345298226994,0.08971562343338935,0.0
M4_RF,47,2,batch1-36,7C(40%)-3C,704.0,685.1998204611582,2.670480048130938,-2.670480048130938,-0.011755418644229465,0.0
M4_RF,47,2,batch1-37,7C(40%)-3C,648.0,679.1386028765342,4.8053399500824305,4.8053399500824305,0.020383411004318397,0.0
M4_RF,47,3,batch1-38,7C(40%)-3.6C,617.0,637.6280072418177,3.343275079711139,3.343275079711139,0.014282220771749454,0.0
M4_RF,47,3,batch1-39,7C(40%)-3.6C,625.0,662.6206153761175,6.019298460178798,6.019298460178798,0.02538492613185994,0.0
M4_RF,47,1,batch1-40,8C(15%)-3.6C,966.0,930.112263106303,3.715086634958284,-3.715086634958284,-0.016441756028086285,0.0
M4_RF,47,1,batch1-41,8C(15%)-3.6C,1051.0,930.112263106303,11.502163358106282,-11.502163358106282,-0.05306734564083504,0.0
M4_RF,47,4,batch1-42,8C(25%)-3.6C,702.0,693.4662997346857,1.2156268184208456,-1.2156268184208456,-0.005311751543697785,0.0
M4_RF,47,4,batch1-43,8C(25%)-3.6C,651.0,673.8656802438643,3.512393278627387,3.512393278627387,0.01499234989246423,0.0
M4_RF,48,4,batch1-05,4.4C(80%)-4.4C,1074.0,909.1294577361336,15.351074698684016,-15.351074698684016,-0.07237855130189752,0.10736402753360164
M4_RF,48,4,batch1-06,4.8C(80%)-4.8C,636.0,741.4095822709919,16.573833690407533,16.573833690407533,0.06660107907524049,0.0
M4_RF,48,4,batch1-07,4.8C(80%)-4.8C,870.0,875.0415609875638,0.5794897686854941,0.5794897686854941,0.0025094281510202876,0.0
M4_RF,48,2,batch1-09,5.4C(40%)-3.6C,1054.0,945.9598571932521,10.250487932329023,-10.250487932329023,-0.046967903829242985,0.0
M4_RF,48,4,batch1-11,5.4C(50%)-3C,788.0,904.7953264981119,14.821741941384756,14.821741941384756,0.06002413119030692,0.07538258708103562
M4_RF,48,3,batch1-14,5.4C(60%)-3C,880.0,943.8102933988235,7.251169704411767,7.251169704411767,0.030402037391972225,0.0
M4_RF,48,3,batch1-15,5.4C(60%)-3C,719.0,919.7400079224174,27.919333507985726,27.919333507985726,0.1069361879602071,0.0
M4_RF,48,1,batch1-18,5.4C(70%)-3C,691.0,625.0865097500921,9.538855318365833,-9.538855318365833,-0.043537921058683704,0.0
M4_RF,48,1,batch1-19,5.4C(70%)-3C,788.0,629.1166067996026,20.162867157410844,-20.162867157410844,-0.09779506807590854,0.0
M4_RF,48,2,batch1-20,5.4C(80%)-5.4C,534.0,662.3995927488676,24.044867555967713,24.044867555967713,0.093578799738947,0.06581077380285683
M4_RF,48,2,batch1-21,5.4C(80%)-5.4C,559.0,692.7568006881602,23.927871321674452,23.927871321674452,0.09316898999165568,0.08271017940103276
M4_RF,48,2,batch1-24,6C(40%)-3C,1017.0,814.0317170824967,19.95754994272402,-19.95754994272402,-0.09667962630681348,0.0
M4_RF,48,2,batch1-25,6C(40%)-3C,854.0,860.5712131668681,0.7694629001016534,0.7694629001016534,0.0033289437836776514,0.0
M4_RF,48,0,batch1-26,6C(40%)-3.6C,870.0,822.6311080164716,5.444700227991775,-5.444700227991775,-0.024314124172364338,0.0
M4_RF,48,0,batch1-27,6C(40%)-3.6C,842.0,880.7418014944801,4.601164072978635,4.601164072978635,0.019536517682862353,0.0
M4_RF,48,1,batch1-28,6C(50%)-3C,860.0,840.4107217828723,2.277823048503219,-2.277823048503219,-0.010006866836836714,0.0
M4_RF,48,1,batch1-29,6C(50%)-3C,917.0,854.8611549343968,6.776318982072318,-6.776318982072318,-0.03047375257044216,0.0
M4_RF,48,3,batch1-34,7C(30%)-3.6C,742.0,879.1943134620939,18.489799657964134,18.489799657964134,0.07368096517369072,0.0
M4_RF,48,3,batch1-35,7C(30%)-3.6C,703.0,736.9275460949517,4.826108975099816,4.826108975099816,0.020469465582821034,0.0
M4_RF,48,0,batch1-36,7C(40%)-3C,704.0,686.993052406892,2.4157596012937432,-2.4157596012937432,-0.010620314100911354,0.0
M4_RF,48,0,batch1-37,7C(40%)-3C,648.0,680.5212082548366,5.018704977598233,5.018704977598233,0.021266658546822637,0.0
M4_RF,48,1,batch1-38,7C(40%)-3.6C,617.0,625.3181486730568,1.3481602387450307,1.3481602387450307,0.005815869403837048,0.0
M4_RF,48,1,batch1-39,7C(40%)-3.6C,625.0,629.1166067996026,0.6586570879364081,0.6586570879364081,0.002851132069571438,0.0
M4_RF,48,0,batch1-40,8C(15%)-3.6C,966.0,932.6110333292273,3.456414769231126,-3.456414769231126,-0.015276577311114092,0.0
M4_RF,48,0,batch1-41,8C(15%)-3.6C,1051.0,932.6110333292273,11.264411671814717,-11.264411671814717,-0.05190216692386285,0.0
M4_RF,48,3,batch1-42,8C(25%)-3.6C,702.0,676.1212665717234,3.6864292632872697,-3.6864292632872697,-0.01631251577437931,0.0
M4_RF,48,3,batch1-43,8C(25%)-3.6C,651.0,668.3070188818513,2.6585282460601016,2.6585282460601016,0.01139503374905182,0.0
M4_RF,49,0,batch1-05,4.4C(80%)-4.4C,1074.0,913.6281017034598,14.93220654530169,-14.93220654530169,-0.0702348320696351,0.10736402753360164
M4_RF,49,1,batch1-06,4.8C(80%)-4.8C,636.0,723.6823922527313,13.786539662379143,13.786539662379143,0.05609089038857684,0.0
M4_RF,49,1,batch1-07,4.8C(80%)-4.8C,870.0,845.0665632247927,2.86591227301233,-2.86591227301233,-0.012628334316621359,0.0
M4_RF,49,2,batch1-09,5.4C(40%)-3.6C,1054.0,949.941926068746,9.8726825361721,-9.8726825361721,-0.045143555018005266,0.0
M4_RF,49,0,batch1-11,5.4C(50%)-3C,788.0,911.0347145966742,15.613542461506883,15.613542461506883,0.06300870840828843,0.07538258708103562
M4_RF,49,3,batch1-14,5.4C(60%)-3C,880.0,933.2290582473145,6.048756619013008,6.048756619013008,0.025505580946242556,0.0
M4_RF,49,3,batch1-15,5.4C(60%)-3C,719.0,906.8122237386457,26.1213106729688,26.1213106729688,0.10078847535750546,0.0
M4_RF,49,3,batch1-18,5.4C(70%)-3C,691.0,656.5296957696447,4.9884666035246426,-4.9884666035246426,-0.02222367274882231,0.0
M4_RF,49,3,batch1-19,5.4C(70%)-3C,788.0,662.3553515811866,15.944752337412869,-15.944752337412869,-0.0754351678906402,0.0
M4_RF,49,3,batch1-20,5.4C(80%)-5.4C,534.0,656.5296957696447,22.945635911918487,22.945635911918487,0.08971311759681999,0.06581077380285683
M4_RF,49,3,batch1-21,5.4C(80%)-5.4C,559.0,662.3553515811866,18.489329442072737,18.489329442072737,0.07367924171249207,0.08271017940103276
M4_RF,49,4,batch1-24,6C(40%)-3C,1017.0,863.5425547981673,15.08922765013104,-15.08922765013104,-0.07103720875100805,0.0
M4_RF,49,4,batch1-25,6C(40%)-3C,854.0,870.2907589569734,1.9075830160390372,1.9075830160390372,0.00820650137141099,0.0
M4_RF,49,1,batch1-26,6C(40%)-3.6C,870.0,723.9668515626595,16.78541936061385,-16.78541936061385,-0.07980057110793082,0.0
M4_RF,49,1,batch1-27,6C(40%)-3.6C,842.0,851.2708824107679,1.1010549181434506,1.1010549181434506,0.004755687171004386,0.0
M4_RF,49,2,batch1-28,6C(50%)-3C,860.0,844.8580495205333,1.7606919162170565,-1.7606919162170565,-0.007714705002309419,0.0
M4_RF,49,2,batch1-29,6C(50%)-3C,917.0,852.336242419145,7.051663858326604,-7.051663858326604,-0.03175838008205023,0.0
M4_RF,49,4,batch1-34,7C(30%)-3.6C,742.0,864.6350017680503,16.527628270626728,16.527628270626728,0.06642890718975503,0.0
M4_RF,49,4,batch1-35,7C(30%)-3.6C,703.0,724.8308823080868,3.1053886640237205,3.1053886640237205,0.01328136369179811,0.0
M4_RF,49,0,batch1-36,7C(40%)-3C,704.0,685.3870695185936,2.643882170654311,-2.643882170654311,-0.01163675235099948,0.0
M4_RF,49,0,batch1-37,7C(40%)-3C,648.0,678.3967169311726,4.690851378267375,4.690851378267375,0.019908731635544186,0.0
M4_RF,49,2,batch1-38,7C(40%)-3.6C,617.0,638.313555507066,3.454385009248944,3.454385009248944,0.01474890336289203,0.0
M4_RF,49,2,batch1-39,7C(40%)-3.6C,625.0,657.0364090821046,5.125825453136731,5.125825453136731,0.021709418920925927,0.0
M4_RF,49,4,batch1-40,8C(15%)-3.6C,966.0,919.333602186301,4.8308900428259784,-4.8308900428259784,-0.021503992288787632,0.0
M4_RF,49,4,batch1-41,8C(15%)-3.6C,1051.0,914.7943118997912,12.959627792598367,-12.959627792598367,-0.06027926048510679,0.0
M4_RF,49,1,batch1-42,8C(25%)-3.6C,702.0,667.2305040539438,4.952919650435351,-4.952919650435351,-0.022061219225133932,0.0
M4_RF,49,1,batch1-43,8C(25%)-3.6C,651.0,658.21315200225,1.108011060253458,1.108011060253458,0.0047855672767282975,0.0
M4_RF,50,4,batch1-05,4.4C(80%)-4.4C,1074.0,874.137950837709,18.609129344719832,-18.609129344719832,-0.08942430575437976,0.03198144045256601
M4_RF,50,3,batch1-06,4.8C(80%)-4.8C,636.0,747.7189878727218,17.5658785963399,17.5658785963399,0.0702812937847308,0.0
M4_RF,50,3,batch1-07,4.8C(80%)-4.8C,870.0,877.8783720748297,0.9055600086011164,0.9055600086011164,0.003915097005272816,0.0
M4_RF,50,1,batch1-09,5.4C(40%)-3.6C,1054.0,951.7202221508744,9.70396374280129,-9.70396374280129,-0.04433131357806408,0.0
M4_RF,50,1,batch1-11,5.4C(50%)-3C,788.0,908.1715483153396,15.25019648671822,15.25019648671822,0.06164167447838631,0.0
M4_RF,50,3,batch1-14,5.4C(60%)-3C,880.0,927.5731550239511,5.40604034363081,5.40604034363081,0.02286549904295887,0.0
M4_RF,50,3,batch1-15,5.4C(60%)-3C,719.0,901.4232668584514,25.371803457364585,25.371803457364585,0.09819987317882184,0.0
M4_RF,50,2,batch1-18,5.4C(70%)-3C,691.0,650.0749447279487,5.922583975694831,-5.922583975694831,-0.02651461964588142,0.0
M4_RF,50,2,batch1-19,5.4C(70%)-3C,788.0,653.3320023020016,17.089847423603864,-17.089847423603864,-0.08139228563868794,0.0
M4_RF,50,3,batch1-20,5.4C(80%)-5.4C,534.0,668.0147257656608,25.096390592820384,25.096390592820384,0.09724477917195706,0.06581077380285683
M4_RF,50,3,batch1-21,5.4C(80%)-5.4C,559.0,693.3124682225935,24.027275173988095,24.027275173988095,0.09351720254108331,0.08271017940103276
M4_RF,50,1,batch1-24,6C(40%)-3C,1017.0,828.6659931615474,18.51858474321068,-18.51858474321068,-0.08894143631305917,0.0
M4_RF,50,1,batch1-25,6C(40%)-3C,854.0,849.0473909335512,0.5799308040338125,-0.5799308040338125,-0.002525938929710758,0.0
M4_RF,50,2,batch1-26,6C(40%)-3.6C,870.0,813.1692631163977,6.532268607310609,-6.532268607310609,-0.02933829818535516,0.0
M4_RF,50,2,batch1-27,6C(40%)-3.6C,842.0,816.7013428101843,3.00459111518001,-3.00459111518001,-0.013248821848977688,0.0
M4_RF,50,2,batch1-28,6C(50%)-3C,860.0,815.8208343054033,5.137112290069382,-5.137112290069382,-0.02290365917603232,0.0
M4_RF,50,2,batch1-29,6C(50%)-3C,917.0,817.4640242034611,10.854522987626922,-10.854522987626922,-0.049900686794840166,0.0
M4_RF,50,0,batch1-34,7C(30%)-3.6C,742.0,877.4877887777853,18.259809808326864,18.259809808326864,0.07283717620832153,0.0
M4_RF,50,0,batch1-35,7C(30%)-3.6C,703.0,732.1094153824029,4.140741875163991,4.140741875163991,0.01762066716666011,0.0
M4_RF,50,0,batch1-36,7C(40%)-3C,704.0,676.7485768681122,3.8709407857795175,-3.8709407857795175,-0.01714530797474456,0.0
M4_RF,50,0,batch1-37,7C(40%)-3C,648.0,671.657015394452,3.6507739806253006,3.6507739806253006,0.01557254940392383,0.0
M4_RF,50,4,batch1-38,7C(40%)-3.6C,617.0,638.6165428378824,3.503491545848045,3.503491545848045,0.014955000358334747,0.0
M4_RF,50,4,batch1-39,7C(40%)-3.6C,625.0,657.1380509155084,5.142088146481346,5.142088146481346,0.021776597958123034,0.0
M4_RF,50,0,batch1-40,8C(15%)-3.6C,966.0,929.3898109816151,3.7898746395843537,-3.7898746395843537,-0.016779219472037532,0.0
M4_RF,50,0,batch1-41,8C(15%)-3.6C,1051.0,927.552741032719,11.745695429807894,-11.745695429807894,-0.05426410287509986,0.0
M4_RF,50,4,batch1-42,8C(25%)-3.6C,702.0,672.2220217506205,4.241877243501359,-4.241877243501359,-0.01882437643294388,0.0
M4_RF,50,4,batch1-43,8C(25%)-3.6C,651.0,653.2753702997321,0.3495192472706785,0.3495192472706785,0.0015152962180469132,0.0
M4_RF,51,3,batch1-05,4.4C(80%)-4.4C,1074.0,849.9765475563697,20.85879445471418,-20.85879445471418,-0.1015973384814437,0.03198144045256601
M4_RF,51,1,batch1-06,4.8C(80%)-4.8C,636.0,733.6017073133014,15.346180395173176,15.346180395173176,0.06200321774948714,0.0
M4_RF,51,1,batch1-07,4.8C(80%)-4.8C,870.0,883.7309850401024,1.5782741425405038,1.5782741425405038,0.006800829709958212,0.0
M4_RF,51,0,batch1-09,5.4C(40%)-3.6C,1054.0,951.7202221508744,9.70396374280129,-9.70396374280129,-0.04433131357806408,0.0
M4_RF,51,0,batch1-11,5.4C(50%)-3C,788.0,908.1715483153396,15.25019648671822,15.25019648671822,0.06164167447838631,0.0
M4_RF,51,1,batch1-14,5.4C(60%)-3C,880.0,923.5530367523144,4.949208721853906,4.949208721853906,0.020979168511292112,0.0
M4_RF,51,1,batch1-15,5.4C(60%)-3C,719.0,923.00029461292,28.372780891922115,28.372780891922115,0.10847294926572193,0.0
M4_RF,51,4,batch1-18,5.4C(70%)-3C,691.0,642.9171911585643,6.958438327270006,-6.958438327270006,-0.03132300872503757,0.0
M4_RF,51,4,batch1-19,5.4C(70%)-3C,788.0,642.3094668137252,18.488646343435892,-18.488646343435892,-0.08878189448734375,0.0
M4_RF,51,2,batch1-20,5.4C(80%)-5.4C,534.0,688.0819594234375,28.85429951749766,28.85429951749766,0.11009891435429742,0.2526694804336085
M4_RF,51,2,batch1-21,5.4C(80%)-5.4C,559.0,704.9948707358018,26.11715039996454,26.11715039996454,0.10077414936137119,0.2695688860317844
M4_RF,51,0,batch1-24,6C(40%)-3C,1017.0,828.6659931615474,18.51858474321068,-18.51858474321068,-0.08894143631305917,0.0
M4_RF,51,0,batch1-25,6C(40%)-3C,854.0,849.0473909335512,0.5799308040338125,-0.5799308040338125,-0.002525938929710758,0.0
M4_RF,51,1,batch1-26,6C(40%)-3.6C,870.0,733.6017073133014,15.677964676632023,-15.677964676632023,-0.07405891922071772,0.0
M4_RF,51,1,batch1-27,6C(40%)-3.6C,842.0,885.3647782688907,5.150211195830255,5.150211195830255,0.02181014931041947,0.0
M4_RF,51,4,batch1-28,6C(50%)-3C,860.0,844.5937311365301,1.7914266120313844,-1.7914266120313844,-0.007850597624861955,0.0
M4_RF,51,4,batch1-29,6C(50%)-3C,917.0,857.2910764126462,6.511332997530399,-6.511332997530399,-0.029241032513584564,0.0
M4_RF,51,2,batch1-34,7C(30%)-3.6C,742.0,860.6897990658506,15.99592979324132,15.99592979324132,0.06444275043943426,0.0
M4_RF,51,2,batch1-35,7C(30%)-3.6C,703.0,738.4897104418332,5.048322964698884,5.048322964698884,0.02138912353882194,0.0
M4_RF,51,3,batch1-36,7C(40%)-3C,704.0,685.8245191299865,2.5817444417632855,-2.5817444417632855,-0.011359651485813416,0.0
M4_RF,51,3,batch1-37,7C(40%)-3C,648.0,678.7500834264699,4.7453832448256055,4.7453832448256055,0.020134890106278114,0.0
M4_RF,51,2,batch1-38,7C(40%)-3.6C,617.0,688.0819594234375,11.520576891967185,11.520576891967185,0.047355007349612066,0.18685870663075166
M4_RF,51,2,batch1-39,7C(40%)-3.6C,625.0,704.9948707358018,12.799179317728285,12.799179317728285,0.0523059399037189,0.11537318780629091
M4_RF,51,3,batch1-40,8C(15%)-3.6C,966.0,903.2125575113488,6.4997352472723815,-6.4997352472723815,-0.029187159389665318,0.0
M4_RF,51,3,batch1-41,8C(15%)-3.6C,1051.0,898.0020378778732,14.55737032560673,-14.55737032560673,-0.06832539379511271,0.0
M4_RF,51,4,batch1-42,8C(25%)-3.6C,702.0,644.7231564139083,8.159094527933286,-8.159094527933286,-0.03696384315621071,0.0
M4_RF,51,4,batch1-43,8C(25%)-3.6C,651.0,643.3539103000214,1.1745145468477074,-1.1745145468477074,-0.005131043626960707,0.0
M4_RF,52,2,batch1-05,4.4C(80%)-4.4C,1074.0,857.8435726073576,20.126296777713446,-20.126296777713446,-0.09759617970023404,0.03198144045256601
M4_RF,52,0,batch1-06,4.8C(80%)-4.8C,636.0,744.8424862385892,17.113598465186985,17.113598465186985,0.06860732543540271,0.0
M4_RF,52,0,batch1-07,4.8C(80%)-4.8C,870.0,887.08123796707,1.9633606858701178,1.9633606858701178,0.00844414126639137,0.0
M4_RF,52,2,batch1-09,5.4C(40%)-3.6C,1054.0,923.6758281413584,12.364722187726912,-12.364722187726912,-0.057321032244662895,0.0
M4_RF,52,1,batch1-11,5.4C(50%)-3C,788.0,987.7290033073157,25.346320216664424,25.346320216664424,0.09811158892802219,0.0
M4_RF,52,0,batch1-14,5.4C(60%)-3C,880.0,914.5056113653059,3.9210922006029394,3.9210922006029394,0.016703702481853266,0.0
M4_RF,52,0,batch1-15,5.4C(60%)-3C,719.0,914.5056113653059,27.19132286026507,27.19132286026507,0.10445748424913948,0.0
M4_RF,52,4,batch1-18,5.4C(70%)-3C,691.0,630.6168645138205,8.73851454213886,-8.73851454213886,-0.03971246651994553,0.0
M4_RF,52,4,batch1-19,5.4C(70%)-3C,788.0,637.1336247804394,19.145479088776725,-19.145479088776725,-0.09229569187501596,0.0
M4_RF,52,3,batch1-20,5.4C(80%)-5.4C,534.0,665.4930274166115,24.624162437567705,24.624162437567705,0.09560225256372501,0.06581077380285683
M4_RF,52,3,batch1-21,5.4C(80%)-5.4C,559.0,692.9880794011976,23.969244973380615,23.969244973380615,0.09331395617010552,0.08271017940103276
M4_RF,52,0,batch1-24,6C(40%)-3C,1017.0,861.663956324595,15.273947264051621,-15.273947264051621,-0.07198302627255071,0.0
M4_RF,52,0,batch1-25,6C(40%)-3C,854.0,918.2068089356648,7.518361702068472,7.518361702068472,0.03148263825093256,0.0
M4_RF,52,3,batch1-26,6C(40%)-3.6C,870.0,819.3106169057801,5.826365872898841,-5.826365872898841,-0.026070669987075412,0.0
M4_RF,52,3,batch1-27,6C(40%)-3.6C,842.0,872.0064993570604,3.5637172633088383,3.5637172633088383,0.015207630387491289,0.0
M4_RF,52,1,batch1-28,6C(50%)-3C,860.0,858.1181712777976,0.21881729327934712,-0.21881729327934712,-0.0009513526722595422,0.0
M4_RF,52,1,batch1-29,6C(50%)-3C,917.0,861.4001284901616,6.063235715358605,-6.063235715358605,-0.027164403462195175,0.0
M4_RF,52,1,batch1-34,7C(30%)-3.6C,742.0,853.9983804059883,15.094121348515946,15.094121348515946,0.06105314177835153,0.0
M4_RF,52,1,batch1-35,7C(30%)-3.6C,703.0,728.0633604779583,3.5652006369784246,3.5652006369784246,0.015213850870906764,0.0
M4_RF,52,4,batch1-36,7C(40%)-3C,704.0,639.8968154121981,9.105565992585502,-9.105565992585502,-0.04146271033003135,0.0
M4_RF,52,4,batch1-37,7C(40%)-3C,648.0,635.4356122215173,1.9389487312473277,-1.9389487312473277,-0.00850345518762774,0.0
M4_RF,52,4,batch1-38,7C(40%)-3.6C,617.0,631.0824338643455,2.2824041919522675,2.2824041919522675,0.009800927753074617,0.0
M4_RF,52,4,batch1-39,7C(40%)-3.6C,625.0,637.1336247804394,1.9413799648703025,1.9413799648703025,0.008350508270464019,0.0
M4_RF,52,3,batch1-40,8C(15%)-3.6C,966.0,933.296377436505,3.385468174274839,-3.385468174274839,-0.014957546285605527,0.0
M4_RF,52,3,batch1-41,8C(15%)-3.6C,1051.0,933.296377436505,11.199202908039481,-11.199202908039481,-0.05158313589835428,0.0
M4_RF,52,2,batch1-42,8C(25%)-3.6C,702.0,687.0197413684097,2.1339399760100206,-2.1339399760100206,-0.009367895529956982,0.0
M4_RF,52,2,batch1-43,8C(25%)-3.6C,651.0,675.0432286800742,3.693276294942274,3.693276294942274,0.015750596671833872,0.0
M4_RF,53,2,batch1-05,4.4C(80%)-4.4C,1074.0,818.671234779656,23.77362804658697,-23.77362804658697,-0.1178947502825598,0.03198144045256601
M4_RF,53,1,batch1-06,4.8C(80%)-4.8C,636.0,866.3332366208992,36.21591770768856,36.21591770768856,0.13422786065081382,0.0
M4_RF,53,1,batch1-07,4.8C(80%)-4.8C,870.0,891.8746405863415,2.5143265041771787,2.5143265041771787,0.010784562825219002,0.0
M4_RF,53,2,batch1-09,5.4C(40%)-3.6C,1054.0,908.9760314377556,13.75938980666455,-13.75938980666455,-0.06428817930644426,0.0
M4_RF,53,0,batch1-11,5.4C(50%)-3C,788.0,969.8468442686568,23.07701069399198,23.07701069399198,0.09017693951830541,0.0
M4_RF,53,3,batch1-14,5.4C(60%)-3C,880.0,937.8775757023784,6.576997238906637,6.576997238906637,0.02766348001688268,0.0
M4_RF,53,3,batch1-15,5.4C(60%)-3C,719.0,909.6350877594485,26.513920411606197,26.513920411606197,0.1021383138544123,0.0
M4_RF,53,4,batch1-18,5.4C(70%)-3C,691.0,651.0885773278438,5.775893295536348,-5.775893295536348,-0.02583797120561826,0.0
M4_RF,53,4,batch1-19,5.4C(70%)-3C,788.0,653.8731972593888,17.021167860483654,-17.021167860483654,-0.08103268181040635,0.0
M4_RF,53,3,batch1-20,5.4C(80%)-5.4C,534.0,669.9176792211864,25.45274891782517,25.45274891782517,0.09848018200585384,0.06581077380285683
M4_RF,53,3,batch1-21,5.4C(80%)-5.4C,559.0,688.8891377468503,23.235981707844424,23.235981707844424,0.09073752905937349,0.08271017940103276
M4_RF,53,2,batch1-24,6C(40%)-3C,1017.0,805.2036048356001,20.825604244287106,-20.825604244287106,-0.10141524239824795,0.0
M4_RF,53,2,batch1-25,6C(40%)-3C,854.0,808.3887941956696,5.340890609406375,-5.340890609406375,-0.023837585950533313,0.0
M4_RF,53,0,batch1-26,6C(40%)-3.6C,870.0,804.9433796789316,7.477772450697519,-7.477772450697519,-0.03375391977599129,0.0
M4_RF,53,0,batch1-27,6C(40%)-3.6C,842.0,847.4968736539839,0.6528353508294449,0.6528353508294449,0.0028260133019273326,0.0
M4_RF,53,4,batch1-28,6C(50%)-3C,860.0,853.0697895895908,0.8058384198150285,-0.8058384198150285,-0.0035138890164652103,0.0
M4_RF,53,4,batch1-29,6C(50%)-3C,917.0,853.9783669639952,6.872588117339673,-6.872588117339673,-0.030922466417973027,0.0
M4_RF,53,1,batch1-34,7C(30%)-3.6C,742.0,868.3862730175073,17.03319043362632,17.03319043362632,0.06830904446435504,0.0
M4_RF,53,1,batch1-35,7C(30%)-3.6C,703.0,852.0600933844631,21.203427223963462,21.203427223963462,0.08351490038646858,0.0
M4_RF,53,3,batch1-36,7C(40%)-3C,704.0,688.8578489329796,2.150873731110859,-2.150873731110859,-0.00944304796504225,0.0
M4_RF,53,3,batch1-37,7C(40%)-3C,648.0,676.8234940497838,4.448070069411079,4.448070069411079,0.01890041975004042,0.0
M4_RF,53,0,batch1-38,7C(40%)-3.6C,617.0,639.3315711963733,3.619379448358713,3.619379448358713,0.01544098707327457,0.0
M4_RF,53,0,batch1-39,7C(40%)-3.6C,625.0,658.797721455524,5.407635432883835,5.407635432883835,0.022872071087757906,0.0
M4_RF,53,4,batch1-40,8C(15%)-3.6C,966.0,929.0077075706184,3.8294298581140334,-3.8294298581140334,-0.016957809255540912,0.0
M4_RF,53,4,batch1-41,8C(15%)-3.6C,1051.0,924.147199833148,12.069724088187634,-12.069724088187634,-0.055861564089831006,0.0
M4_RF,53,1,batch1-42,8C(25%)-3.6C,702.0,685.767202689354,2.3123642892658105,-2.3123642892658105,-0.010160401300773003,0.0
M4_RF,53,1,batch1-43,8C(25%)-3.6C,651.0,675.2827083446157,3.730062725747417,3.730062725747417,0.01590464051425311,0.0
M4_RF,54,3,batch1-05,4.4C(80%)-4.4C,1074.0,850.6650366211313,20.794689327641404,-20.794689327641404,-0.101245698228972,0.03198144045256601
M4_RF,54,3,batch1-06,4.8C(80%)-4.8C,636.0,745.0962515000158,17.1534986635245,17.1534986635245,0.06875526286532585,0.0
M4_RF,54,3,batch1-07,4.8C(80%)-4.8C,870.0,899.9565895761224,3.4432861581749865,3.4432861581749865,0.014702308640444528,0.0
M4_RF,54,4,batch1-09,5.4C(40%)-3.6C,1054.0,954.205289921858,9.46818881196793,-9.46818881196793,-0.043198791005848225,0.0
M4_RF,54,0,batch1-11,5.4C(50%)-3C,788.0,911.8416067195946,15.715939939034843,15.715939939034843,0.06339318739379607,0.0
M4_RF,54,1,batch1-14,5.4C(60%)-3C,880.0,947.0566280667045,7.620071371216426,7.620071371216426,0.03189327572492573,0.0
M4_RF,54,1,batch1-15,5.4C(60%)-3C,719.0,918.1288357019898,27.69524835910846,27.69524835910846,0.10617473712392433,0.0
M4_RF,54,4,batch1-18,5.4C(70%)-3C,691.0,647.0193575774656,6.364781826705412,-6.364781826705412,-0.02856077325369588,0.0
M4_RF,54,4,batch1-19,5.4C(70%)-3C,788.0,652.1480170364907,17.24009936085143,-17.24009936085143,-0.082180039416349,0.0
M4_RF,54,1,batch1-20,5.4C(80%)-5.4C,534.0,660.7403157728861,23.734141530503017,23.734141530503017,0.09248954952779354,0.06581077380285683
M4_RF,54,1,batch1-21,5.4C(80%)-5.4C,559.0,686.4408246967553,22.79800084020667,22.79800084020667,0.08919129651904134,0.08271017940103276
M4_RF,54,3,batch1-24,6C(40%)-3C,1017.0,808.8011982568157,20.471858578484195,-20.471858578484195,-0.09947916692246883,0.0
M4_RF,54,3,batch1-25,6C(40%)-3C,854.0,817.0888922058214,4.322143769810145,-4.322143769810145,-0.019188564102207817,0.0
M4_RF,54,4,batch1-26,6C(40%)-3.6C,870.0,819.7114258663762,5.780295877428022,-5.780295877428022,-0.02585826390733814,0.0
M4_RF,54,4,batch1-27,6C(40%)-3.6C,842.0,882.6758452831532,4.830860484935059,4.830860484935059,0.020489150637964304,0.0
M4_RF,54,2,batch1-28,6C(50%)-3C,860.0,832.9363775782119,3.1469328397427985,-3.1469328397427985,-0.013886621411749456,0.0
M4_RF,54,2,batch1-29,6C(50%)-3C,917.0,844.7480025439387,7.879170933049215,-7.879170933049215,-0.03564216213657723,0.0
M4_RF,54,1,batch1-34,7C(30%)-3.6C,742.0,879.7566852063421,18.56559099815932,18.56559099815932,0.07395867041256565,0.0
M4_RF,54,1,batch1-35,7C(30%)-3.6C,703.0,733.0591929228666,4.275845365983869,4.275845365983869,0.01818371936460883,0.0
M4_RF,54,2,batch1-36,7C(40%)-3C,704.0,674.5401212029634,4.184641874579062,-4.184641874579062,-0.018564872815660216,0.0
M4_RF,54,2,batch1-37,7C(40%)-3C,648.0,663.9282082657252,2.458056831130428,2.458056831130428,0.01054611500391811,0.0
M4_RF,54,2,batch1-38,7C(40%)-3.6C,617.0,646.4791511328852,4.777820280856605,4.777820280856605,0.02026935946941366,0.0
M4_RF,54,2,batch1-39,7C(40%)-3.6C,625.0,661.5538463773764,5.848615420380229,5.848615420380229,0.024685181493631525,0.0
M4_RF,54,0,batch1-40,8C(15%)-3.6C,966.0,939.7113921946283,2.721387971570572,-2.721387971570572,-0.011982634542294424,0.0
M4_RF,54,0,batch1-41,8C(15%)-3.6C,1051.0,938.524684622212,10.701742662015983,-10.701742662015983,-0.04915701631730007,0.0
M4_RF,54,0,batch1-42,8C(25%)-3.6C,702.0,683.5470151324015,2.6286303230197294,-2.6286303230197294,-0.011568720935764887,0.0
M4_RF,54,0,batch1-43,8C(25%)-3.6C,651.0,673.8570860452448,3.5110731252296223,3.5110731252296223,0.014986811048526505,0.0
M4_RF,55,1,batch1-05,4.4C(80%)-4.4C,1074.0,864.7586036649967,19.482439137337366,-19.482439137337366,-0.0941093897686156,0.03198144045256601
M4_RF,55,2,batch1-06,4.8C(80%)-4.8C,636.0,745.0130254821302,17.140412811655686,17.140412811655686,0.06870675018116978,0.0
M4_RF,55,2,batch1-07,4.8C(80%)-4.8C,870.0,853.0497740925479,1.9483018284427742,-1.9483018284427742,-0.008544880322050474,0.0
M4_RF,55,1,batch1-09,5.4C(40%)-3.6C,1054.0,866.5843842493413,17.78136771827882,-17.78136771827882,-0.08502975204413721,0.0
M4_RF,55,2,batch1-11,5.4C(50%)-3C,788.0,960.9441516735095,21.94722736973471,21.94722736973471,0.08617193050695882,0.0
M4_RF,55,0,batch1-14,5.4C(60%)-3C,880.0,935.9911866146516,6.362634842574047,6.362634842574047,0.026789087247504728,0.0
M4_RF,55,0,batch1-15,5.4C(60%)-3C,719.0,909.6404989581547,26.514673012260737,26.514673012260737,0.10214089735935872,0.0
M4_RF,55,3,batch1-18,5.4C(70%)-3C,691.0,643.4890515198723,6.875679953708784,-6.875679953708784,-0.030936885263481706,0.0
M4_RF,55,3,batch1-19,5.4C(70%)-3C,788.0,644.9742171211566,18.15048006076693,-18.15048006076693,-0.08698386345244868,0.0
M4_RF,55,0,batch1-20,5.4C(80%)-5.4C,534.0,688.2485182308632,28.88549030540509,28.88549030540509,0.11020402802068041,0.2526694804336085
M4_RF,55,0,batch1-21,5.4C(80%)-5.4C,559.0,713.7115491186713,27.67648463661383,27.67648463661383,0.10611091658232841,0.2695688860317844
M4_RF,55,3,batch1-24,6C(40%)-3C,1017.0,811.9220218388615,20.164992936198477,-20.164992936198477,-0.09780663194669792,0.0
M4_RF,55,3,batch1-25,6C(40%)-3C,854.0,863.5823315818805,1.122052878440334,1.122052878440334,0.00484587763855604,0.0
M4_RF,55,4,batch1-26,6C(40%)-3.6C,870.0,848.4445430521442,2.477638729638593,-2.477638729638593,-0.010895791861851745,0.0
M4_RF,55,4,batch1-27,6C(40%)-3.6C,842.0,894.2135986134202,6.2011399778408824,6.2011399778408824,0.02612917854797958,0.0
M4_RF,55,1,batch1-28,6C(50%)-3C,860.0,843.3859042471166,1.931871599172485,-1.931871599172485,-0.008472112993525904,0.0
M4_RF,55,1,batch1-29,6C(50%)-3C,917.0,843.3859042471166,8.027709460510728,-8.027709460510728,-0.03634299741997893,0.0
M4_RF,55,4,batch1-34,7C(30%)-3.6C,742.0,880.051942674001,18.605383109703638,18.605383109703638,0.07410440067904656,0.0
M4_RF,55,4,batch1-35,7C(30%)-3.6C,703.0,734.564639602332,4.48999140858208,4.48999140858208,0.01907469346916546,0.0
M4_RF,55,3,batch1-36,7C(40%)-3C,704.0,650.1572702056407,7.6481150276078615,-7.6481150276078615,-0.034554235851742554,0.0
M4_RF,55,3,batch1-37,7C(40%)-3C,648.0,646.5448018719813,0.22456761234855727,-0.22456761234855727,-0.0009763814776482249,0.0
M4_RF,55,0,batch1-38,7C(40%)-3.6C,617.0,688.2485182308632,11.547571836444599,11.547571836444599,0.04746012101599506,0.18685870663075166
M4_RF,55,0,batch1-39,7C(40%)-3.6C,625.0,713.7115491186713,14.19384785898741,14.19384785898741,0.05764270712467612,0.11537318780629091
M4_RF,55,4,batch1-40,8C(15%)-3.6C,966.0,928.8368197270487,3.8471201110715643,-3.8471201110715643,-0.01703770361333623,0.0
M4_RF,55,4,batch1-41,8C(15%)-3.6C,1051.0,928.8368197270487,11.623518579728955,-11.623518579728955,-0.053663293226084985,0.0
M4_RF,55,2,batch1-42,8C(25%)-3.6C,702.0,694.2976731103596,1.0971975626268382,-1.0971975626268382,-0.004791402378111709,0.0
M4_RF,55,2,batch1-43,8C(25%)-3.6C,651.0,683.0450359122486,4.9224325518047065,4.9224325518047065,0.02086835084301253,0.0
M4_RF,56,4,batch1-05,4.4C(80%)-4.4C,1074.0,900.5494968269916,16.149953740503577,-16.149953740503577,-0.07649669346053711,0.03198144045256601
M4_RF,56,1,batch1-06,4.8C(80%)-4.8C,636.0,742.6423871378365,16.767670933622096,16.767670933622096,0.06732261778833726,0.0
M4_RF,56,1,batch1-07,4.8C(80%)-4.8C,870.0,854.3895558423303,1.79430392616893,-1.79430392616893,-0.007863321768134757,0.0
M4_RF,56,3,batch1-09,5.4C(40%)-3.6C,1054.0,945.5648559102963,10.287964334886501,-10.287964334886501,-0.047149288591321614,0.0
M4_RF,56,1,batch1-11,5.4C(50%)-3C,788.0,961.1632525195092,21.975032045623,21.975032045623,0.08627094088338483,0.0
M4_RF,56,4,batch1-14,5.4C(60%)-3C,880.0,900.5494968269916,2.335170093976315,2.335170093976315,0.010024915752830932,0.0
M4_RF,56,4,batch1-15,5.4C(60%)-3C,719.0,893.4674923004573,24.265297955557337,24.265297955557337,0.09434986548356061,0.0
M4_RF,56,4,batch1-18,5.4C(70%)-3C,691.0,648.6322966401827,6.131360833548084,-6.131360833548084,-0.027479478147616643,0.0
M4_RF,56,4,batch1-19,5.4C(70%)-3C,788.0,652.7879227352806,17.158893053898396,-17.158893053898396,-0.08175410657515947,0.0
M4_RF,56,2,batch1-20,5.4C(80%)-5.4C,534.0,665.4930274166115,24.624162437567705,24.624162437567705,0.09560225256372501,0.06581077380285683
M4_RF,56,2,batch1-21,5.4C(80%)-5.4C,559.0,692.9880794011976,23.969244973380615,23.969244973380615,0.09331395617010552,0.08271017940103276
M4_RF,56,0,batch1-24,6C(40%)-3C,1017.0,803.350321002317,21.00783470970335,-21.00783470970335,-0.10241598136683905,0.0
M4_RF,56,0,batch1-25,6C(40%)-3C,854.0,859.8719230016137,0.6875788058095679,0.6875788058095679,0.0029758976755451805,0.0
M4_RF,56,2,batch1-26,6C(40%)-3.6C,870.0,819.3106169057801,5.826365872898841,-5.826365872898841,-0.026070669987075412,0.0
M4_RF,56,2,batch1-27,6C(40%)-3.6C,842.0,872.0064993570604,3.5637172633088383,3.5637172633088383,0.015207630387491289,0.0
M4_RF,56,3,batch1-28,6C(50%)-3C,860.0,874.513212731135,1.6875828757133737,1.6875828757133737,0.007267924232504441,0.0
M4_RF,56,3,batch1-29,6C(50%)-3C,917.0,882.5156837708333,3.760557931206834,-3.760557931206834,-0.01664690340664432,0.0
M4_RF,56,3,batch1-34,7C(30%)-3.6C,742.0,867.0339073118702,16.850930904564713,16.850930904564713,0.06763217659221876,0.0
M4_RF,56,3,batch1-35,7C(30%)-3.6C,703.0,730.7428256255539,3.94634788414707,3.94634788414707,0.016809235162194458,0.0
M4_RF,56,0,batch1-36,7C(40%)-3C,704.0,696.2550615928665,1.1001332964678312,-1.1001332964678312,-0.004804293741136334,0.0
M4_RF,56,0,batch1-37,7C(40%)-3C,648.0,676.6590339349518,4.422690422060467,4.422690422060467,0.01879487849739858,0.0
M4_RF,56,1,batch1-38,7C(40%)-3.6C,617.0,644.407970975698,4.442134680015891,4.442134680015891,0.01887573973341583,0.0
M4_RF,56,1,batch1-39,7C(40%)-3.6C,625.0,660.9557265024326,5.752916240389223,5.752916240389223,0.024292352308509457,0.0
M4_RF,56,2,batch1-40,8C(15%)-3.6C,966.0,933.296377436505,3.385468174274839,-3.385468174274839,-0.014957546285605527,0.0
M4_RF,56,2,batch1-41,8C(15%)-3.6C,1051.0,933.296377436505,11.199202908039481,-11.199202908039481,-0.05158313589835428,0.0
M4_RF,56,0,batch1-42,8C(25%)-3.6C,702.0,697.599298473137,0.6268805593821982,-0.6268805593821982,-0.0027310769446846628,0.0
M4_RF,56,0,batch1-43,8C(25%)-3.6C,651.0,674.9158775990667,3.6737139169073236,3.6737139169073236,0.015668656601719455,0.0
M4_RF,57,1,batch1-05,4.4C(80%)-4.4C,1074.0,860.9850554464733,19.83379372006766,-19.83379372006766,-0.09600866811366693,0.11949435672945175
M4_RF,57,2,batch1-06,4.8C(80%)-4.8C,636.0,711.2203404085361,11.827097548511968,11.827097548511968,0.04854705301237461,0.0
M4_RF,57,2,batch1-07,4.8C(80%)-4.8C,870.0,728.0100482935077,16.32068410419452,-16.32068410419452,-0.07738187895351212,0.0
M4_RF,57,3,batch1-09,5.4C(40%)-3.6C,1054.0,945.3510586479572,10.3082487051274,-10.3082487051274,-0.047247495995427435,0.0
M4_RF,57,1,batch1-11,5.4C(50%)-3C,788.0,856.6889966678307,8.716877749724706,8.716877749724706,0.03629697135930998,0.08751291627688573
M4_RF,57,0,batch1-14,5.4C(60%)-3C,880.0,948.2045493352663,7.750516969916623,7.750516969916623,0.032419362513915306,0.0
M4_RF,57,0,batch1-15,5.4C(60%)-3C,719.0,923.1011999802467,28.386815018114987,28.386815018114987,0.1085204251432903,0.0
M4_RF,57,4,batch1-18,5.4C(70%)-3C,691.0,663.5953160506227,3.9659455787810813,-3.9659455787810813,-0.0175747354536826,0.0
M4_RF,57,4,batch1-19,5.4C(70%)-3C,788.0,676.5500458370378,14.143395198345454,-14.143395198345454,-0.0662262896867789,0.0
M4_RF,57,4,batch1-20,5.4C(80%)-5.4C,534.0,663.1517531835178,24.18572156994716,24.18572156994716,0.09407166508488185,0.06581077380285683
M4_RF,57,4,batch1-21,5.4C(80%)-5.4C,559.0,676.5500458370378,21.028630740078324,21.028630740078324,0.08288811991635336,0.08271017940103276
M4_RF,57,3,batch1-24,6C(40%)-3C,1017.0,814.6315318322052,19.89857110794443,-19.89857110794443,-0.0963597366698199,0.0
M4_RF,57,3,batch1-25,6C(40%)-3C,854.0,865.8479473395049,1.3873474636422614,1.3873474636422614,0.005983761017287481,0.0
M4_RF,57,2,batch1-26,6C(40%)-3.6C,870.0,711.0779056691646,18.266907394348898,-18.266907394348898,-0.08760206799471248,0.0
M4_RF,57,2,batch1-27,6C(40%)-3.6C,842.0,730.5604231637574,13.235104137320977,-13.235104137320977,-0.061655950132303516,0.0
M4_RF,57,2,batch1-28,6C(50%)-3C,860.0,728.5815979930674,15.281209535689841,-15.281209535689841,-0.07202025330691697,0.0
M4_RF,57,2,batch1-29,6C(50%)-3C,917.0,728.5380852694122,20.552008149464314,-20.552008149464314,-0.09991707566557784,0.0
M4_RF,57,0,batch1-34,7C(30%)-3.6C,742.0,879.4664582286405,18.526476850221087,18.526476850221087,0.07381537537176408,0.0
M4_RF,57,0,batch1-35,7C(30%)-3.6C,703.0,736.5760739933959,4.776112943584051,4.776112943584051,0.02026228265491703,0.0
M4_RF,57,0,batch1-36,7C(40%)-3C,704.0,672.3873103707057,4.490438867797489,-4.490438867797489,-0.019953150519805174,0.0
M4_RF,57,0,batch1-37,7C(40%)-3C,648.0,667.8731598370446,3.0668456538649025,3.0668456538649025,0.01311898472861417,0.0
M4_RF,57,3,batch1-38,7C(40%)-3.6C,617.0,637.8540289633667,3.379907449492165,3.379907449492165,0.01443613903119978,0.0
M4_RF,57,3,batch1-39,7C(40%)-3.6C,625.0,660.2773303366627,5.644372853866026,5.644372853866026,0.023846369314510785,0.0
M4_RF,57,1,batch1-40,8C(15%)-3.6C,966.0,904.000121802964,6.418206852695235,-6.418206852695235,-0.028808637424254435,0.0
M4_RF,57,1,batch1-41,8C(15%)-3.6C,1051.0,900.6677845488717,14.303731251296695,-14.303731251296695,-0.06703808702809733,0.01213032919585011
M4_RF,57,4,batch1-42,8C(25%)-3.6C,702.0,676.5500458370378,3.625349595863557,-3.625349595863557,-0.01603718432702861,0.0
M4_RF,57,4,batch1-43,8C(25%)-3.6C,651.0,663.5953160506227,1.9347643702953499,1.9347643702953499,0.008322323352323746,0.0
M4_RF,58,4,batch1-05,4.4C(80%)-4.4C,1074.0,911.8390230099257,15.098787429243421,-15.098787429243421,-0.07108610705842766,0.10736402753360164
M4_RF,58,2,batch1-06,4.8C(80%)-4.8C,636.0,741.0229056736737,16.513035483282025,16.513035483282025,0.06637451696509977,0.0
M4_RF,58,2,batch1-07,4.8C(80%)-4.8C,870.0,871.8873541391047,0.21693725736835323,0.21693725736835323,0.0009411260800820109,0.0
M4_RF,58,1,batch1-09,5.4C(40%)-3.6C,1054.0,880.6288053882197,16.44887994419168,-16.44887994419168,-0.07804772373831614,0.0
M4_RF,58,4,batch1-11,5.4C(50%)-3C,788.0,910.5200007599417,15.548223446693108,15.548223446693108,0.06276327259116243,0.07538258708103562
M4_RF,58,2,batch1-14,5.4C(60%)-3C,880.0,929.8002171192834,5.659115581736749,5.659115581736749,0.023906971109779462,0.0
M4_RF,58,2,batch1-15,5.4C(60%)-3C,719.0,904.6892825830467,25.82604764715532,25.82604764715532,0.09977055508733246,0.0
M4_RF,58,3,batch1-18,5.4C(70%)-3C,691.0,642.9171911585643,6.958438327270006,-6.958438327270006,-0.03132300872503757,0.0
M4_RF,58,3,batch1-19,5.4C(70%)-3C,788.0,642.3094668137252,18.488646343435892,-18.488646343435892,-0.08878189448734375,0.0
M4_RF,58,0,batch1-20,5.4C(80%)-5.4C,534.0,687.2755145097067,28.703279870731592,28.703279870731592,0.10958961459366323,0.2526694804336085
M4_RF,58,0,batch1-21,5.4C(80%)-5.4C,559.0,732.4053084312263,31.02062762633745,31.02062762633745,0.11733967549587687,0.2695688860317844
M4_RF,58,0,batch1-24,6C(40%)-3C,1017.0,798.2504726127788,21.509294728340333,-21.509294728340333,-0.10518176858246653,0.0
M4_RF,58,0,batch1-25,6C(40%)-3C,854.0,842.2300443500429,1.3782149473017644,-1.3782149473017644,-0.006027141010713333,0.0
M4_RF,58,4,batch1-26,6C(40%)-3.6C,870.0,811.2628551230871,6.751395962863553,-6.751395962863553,-0.030357661004599468,0.0
M4_RF,58,4,batch1-27,6C(40%)-3.6C,842.0,859.0751216206208,2.0279241829715975,2.0279241829715975,0.008719050770273906,0.0
M4_RF,58,3,batch1-28,6C(50%)-3C,860.0,844.5937311365301,1.7914266120313844,-1.7914266120313844,-0.007850597624861955,0.0
M4_RF,58,3,batch1-29,6C(50%)-3C,917.0,857.2910764126462,6.511332997530399,-6.511332997530399,-0.029241032513584564,0.0
M4_RF,58,1,batch1-34,7C(30%)-3.6C,742.0,891.0409037260608,20.086375165237307,20.086375165237307,0.0794937357441241,0.0
M4_RF,58,1,batch1-35,7C(30%)-3.6C,703.0,737.1341258634062,4.855494432916958,4.855494432916958,0.0205911924492157,0.0
M4_RF,58,2,batch1-36,7C(40%)-3C,704.0,690.6420924118415,1.897430055136146,-1.897430055136146,-0.008319615471693353,0.0
M4_RF,58,2,batch1-37,7C(40%)-3C,648.0,687.6398616902791,6.117262606524549,6.117262606524549,0.025786038424741253,0.0
M4_RF,58,0,batch1-38,7C(40%)-3.6C,617.0,687.2755145097067,11.389872692010808,11.389872692010808,0.04684570758897788,0.18685870663075166
M4_RF,58,0,batch1-39,7C(40%)-3.6C,625.0,732.4053084312263,17.184849348996213,17.184849348996213,0.06887146603822458,0.11537318780629091
M4_RF,58,1,batch1-40,8C(15%)-3.6C,966.0,880.6288053882197,8.837597785898584,-8.837597785898584,-0.04018423927728154,0.0
M4_RF,58,1,batch1-41,8C(15%)-3.6C,1051.0,880.7945226998103,16.19462200762985,-16.19462200762985,-0.07672811075555996,0.0
M4_RF,58,3,batch1-42,8C(25%)-3.6C,702.0,644.7231564139083,8.159094527933286,-8.159094527933286,-0.03696384315621071,0.0
M4_RF,58,3,batch1-43,8C(25%)-3.6C,651.0,643.3539103000214,1.1745145468477074,-1.1745145468477074,-0.005131043626960707,0.0
M4_RF,59,2,batch1-05,4.4C(80%)-4.4C,1074.0,860.9850554464733,19.83379372006766,-19.83379372006766,-0.09600866811366693,0.11949435672945175
M4_RF,59,4,batch1-06,4.8C(80%)-4.8C,636.0,717.5989593113416,12.830025048953075,12.830025048953075,0.05242468455809357,0.0
M4_RF,59,4,batch1-07,4.8C(80%)-4.8C,870.0,843.0221558354823,3.100901628105483,-3.100901628105483,-0.01368026395989208,0.0
M4_RF,59,0,batch1-09,5.4C(40%)-3.6C,1054.0,953.6544522511847,9.520450450551737,-9.520450450551737,-0.043449570203246246,0.0
M4_RF,59,2,batch1-11,5.4C(50%)-3C,788.0,856.6889966678307,8.716877749724706,8.716877749724706,0.03629697135930998,0.08751291627688573
M4_RF,59,1,batch1-14,5.4C(60%)-3C,880.0,917.9006537569893,4.306892472385148,4.306892472385148,0.01831300702502059,0.0
M4_RF,59,1,batch1-15,5.4C(60%)-3C,719.0,917.9006537569893,27.66351234450477,27.66351234450477,0.1060667887923068,0.0
M4_RF,59,3,batch1-18,5.4C(70%)-3C,691.0,625.0865097500921,9.538855318365833,-9.538855318365833,-0.043537921058683704,0.0
M4_RF,59,3,batch1-19,5.4C(70%)-3C,788.0,629.1166067996026,20.162867157410844,-20.162867157410844,-0.09779506807590854,0.0
M4_RF,59,1,batch1-20,5.4C(80%)-5.4C,534.0,663.365098036582,24.2256737896221,24.2256737896221,0.09421136100075644,0.06581077380285683
M4_RF,59,1,batch1-21,5.4C(80%)-5.4C,559.0,693.470318581341,24.055513163030582,24.055513163030582,0.09361606956008428,0.08271017940103276
M4_RF,59,1,batch1-24,6C(40%)-3C,1017.0,852.8530645453826,16.140308304288826,-16.140308304288826,-0.07644673858279072,0.0
M4_RF,59,1,batch1-25,6C(40%)-3C,854.0,921.3827083083996,7.890246874519863,7.890246874519863,0.03298218685136778,0.0
M4_RF,59,4,batch1-26,6C(40%)-3.6C,870.0,718.3146804674336,17.435094199145563,-17.435094199145563,-0.08320451025486308,0.0
M4_RF,59,4,batch1-27,6C(40%)-3.6C,842.0,852.1126412214115,1.2010262733267858,1.2010262733267858,0.005184916679499718,0.0
M4_RF,59,3,batch1-28,6C(50%)-3C,860.0,840.4107217828723,2.277823048503219,-2.277823048503219,-0.010006866836836714,0.0
M4_RF,59,3,batch1-29,6C(50%)-3C,917.0,854.8611549343968,6.776318982072318,-6.776318982072318,-0.03047375257044216,0.0
M4_RF,59,0,batch1-34,7C(30%)-3.6C,742.0,871.3448660011804,17.431922641668525,17.431922641668525,0.0697861713799548,0.0
M4_RF,59,0,batch1-35,7C(30%)-3.6C,703.0,730.9619171253449,3.9775131046009866,3.9775131046009866,0.01693942592825115,0.0
M4_RF,59,4,batch1-36,7C(40%)-3C,704.0,661.6674318360318,6.013148886927298,-6.013148886927298,-0.026932900532956605,0.0
M4_RF,59,4,batch1-37,7C(40%)-3C,648.0,659.8655871472894,1.8311091276681135,1.8311091276681135,0.007880474057310849,0.0
M4_RF,59,3,batch1-38,7C(40%)-3.6C,617.0,625.3181486730568,1.3481602387450307,1.3481602387450307,0.005815869403837048,0.0
M4_RF,59,3,batch1-39,7C(40%)-3.6C,625.0,629.1166067996026,0.6586570879364081,0.6586570879364081,0.002851132069571438,0.0
M4_RF,59,2,batch1-40,8C(15%)-3.6C,966.0,904.000121802964,6.418206852695235,-6.418206852695235,-0.028808637424254435,0.0
M4_RF,59,2,batch1-41,8C(15%)-3.6C,1051.0,900.6677845488717,14.303731251296695,-14.303731251296695,-0.06703808702809733,0.01213032919585011
M4_RF,59,0,batch1-42,8C(25%)-3.6C,702.0,677.3825993540075,3.506752228773855,-3.506752228773855,-0.015503075861343696,0.0
M4_RF,59,0,batch1-43,8C(25%)-3.6C,651.0,667.4368287017952,2.5248584795384343,2.5248584795384343,0.010829178480390667,0.0
M4_RF,60,1,batch1-05,4.4C(80%)-4.4C,1074.0,896.6724972220238,16.510940668340428,-16.510940668340428,-0.07837043209961791,0.03198144045256601
M4_RF,60,4,batch1-06,4.8C(80%)-4.8C,636.0,744.555491210315,17.06847346074136,17.06847346074136,0.06843995531600822,0.0
M4_RF,60,4,batch1-07,4.8C(80%)-4.8C,870.0,849.1338926442245,2.398403144342013,-2.398403144342013,-0.010543076801265094,0.0
M4_RF,60,2,batch1-09,5.4C(40%)-3.6C,1054.0,948.0992881638438,10.047505866807992,-10.047505866807992,-0.045986790369954456,0.0
M4_RF,60,3,batch1-11,5.4C(50%)-3C,788.0,974.562074683296,23.675390188235536,23.675390188235536,0.0922832892107106,0.0
M4_RF,60,1,batch1-14,5.4C(60%)-3C,880.0,895.0731880608485,1.7128622796418695,1.7128622796418695,0.007375875871254323,0.0
M4_RF,60,1,batch1-15,5.4C(60%)-3C,719.0,890.5221415078278,23.855652504565754,23.855652504565754,0.0929158316366232,0.0
M4_RF,60,0,batch1-18,5.4C(70%)-3C,691.0,630.6168645138205,8.73851454213886,-8.73851454213886,-0.03971246651994553,0.0
M4_RF,60,0,batch1-19,5.4C(70%)-3C,788.0,637.1336247804394,19.145479088776725,-19.145479088776725,-0.09229569187501596,0.0
M4_RF,60,4,batch1-20,5.4C(80%)-5.4C,534.0,687.9538944897955,28.830317320186428,28.830317320186428,0.1100180764982075,0.06581077380285683
M4_RF,60,4,batch1-21,5.4C(80%)-5.4C,559.0,699.2077104038701,25.08188021536138,25.08188021536138,0.0971944008809289,0.08271017940103276
M4_RF,60,3,batch1-24,6C(40%)-3C,1017.0,850.6556680515391,16.35637482285751,-16.35637482285751,-0.07756715279947946,0.0
M4_RF,60,3,batch1-25,6C(40%)-3C,854.0,867.1640075042571,1.5414528693509535,1.5414528693509535,0.0066433730594077645,0.0
M4_RF,60,1,batch1-26,6C(40%)-3.6C,870.0,824.290540965847,5.253960808523338,-5.253960808523338,-0.023438936433665347,0.0
M4_RF,60,1,batch1-27,6C(40%)-3.6C,842.0,860.5615893649484,2.2044642951245152,2.2044642951245152,0.009469866213505096,0.0
M4_RF,60,2,batch1-28,6C(50%)-3C,860.0,848.5332842235309,1.3333390437754735,-1.3333390437754735,-0.005829568795996831,0.0
M4_RF,60,2,batch1-29,6C(50%)-3C,917.0,854.4503839299259,6.821114075253444,-6.821114075253444,-0.030682486414385313,0.0
M4_RF,60,3,batch1-34,7C(30%)-3.6C,742.0,848.2214328091236,14.315556982361672,14.315556982361672,0.05810533671065565,0.0
M4_RF,60,3,batch1-35,7C(30%)-3.6C,703.0,728.0230970948729,3.5594732709634314,3.5594732709634314,0.01518983283954567,0.0
M4_RF,60,0,batch1-36,7C(40%)-3C,704.0,639.8968154121981,9.105565992585502,-9.105565992585502,-0.04146271033003135,0.0
M4_RF,60,0,batch1-37,7C(40%)-3C,648.0,635.4356122215173,1.9389487312473277,-1.9389487312473277,-0.00850345518762774,0.0
M4_RF,60,0,batch1-38,7C(40%)-3.6C,617.0,631.0824338643455,2.2824041919522675,2.2824041919522675,0.009800927753074617,0.0
M4_RF,60,0,batch1-39,7C(40%)-3.6C,625.0,637.1336247804394,1.9413799648703025,1.9413799648703025,0.008350508270464019,0.0
M4_RF,60,4,batch1-40,8C(15%)-3.6C,966.0,882.7957471143505,8.613276696237003,-8.613276696237003,-0.039116894142933845,0.0
M4_RF,60,4,batch1-41,8C(15%)-3.6C,1051.0,882.7957471143505,16.004210550489958,-16.004210550489958,-0.0757424837556826,0.0
M4_RF,60,2,batch1-42,8C(25%)-3.6C,702.0,686.8429138188588,2.159129085632643,-2.159129085632643,-0.009479690153899156,0.0
M4_RF,60,2,batch1-43,8C(25%)-3.6C,651.0,674.4856655127035,3.607629111014357,3.607629111014357,0.015391735706764553,0.0
M4_RF,61,3,batch1-05,4.4C(80%)-4.4C,1074.0,886.7085081482167,17.438686392158598,-17.438686392158598,-0.0832234057350516,0.03198144045256601
M4_RF,61,3,batch1-06,4.8C(80%)-4.8C,636.0,745.741687430996,17.254982300471063,17.254982300471063,0.06913130545646196,0.0
M4_RF,61,3,batch1-07,4.8C(80%)-4.8C,870.0,898.5468828898692,3.2812509068815117,3.2812509068815117,0.014021489315161784,0.0
M4_RF,61,4,batch1-09,5.4C(40%)-3.6C,1054.0,890.1114439546362,15.549198865784039,-15.549198865784039,-0.07339622618155817,0.0
M4_RF,61,4,batch1-11,5.4C(50%)-3C,788.0,871.638619874252,10.614038055108116,10.614038055108116,0.04381024688721524,0.0
M4_RF,61,1,batch1-14,5.4C(60%)-3C,880.0,934.9459611665548,6.243859223472131,6.243859223472131,0.02630383771123146,0.0
M4_RF,61,1,batch1-15,5.4C(60%)-3C,719.0,908.4482081391394,26.34884675092342,26.34884675092342,0.10157128225121692,0.0
M4_RF,61,2,batch1-18,5.4C(70%)-3C,691.0,647.9930184487075,6.223875767191387,-6.223875767191387,-0.027907720617085463,0.0
M4_RF,61,2,batch1-19,5.4C(70%)-3C,788.0,654.0958976079417,16.99290639493126,-16.99290639493126,-0.0808847921793614,0.0
M4_RF,61,1,batch1-20,5.4C(80%)-5.4C,534.0,673.1094510788911,26.050459003537657,26.050459003537657,0.10054443146697212,0.06581077380285683
M4_RF,61,1,batch1-21,5.4C(80%)-5.4C,559.0,691.42314954895,23.689293300348847,23.689293300348847,0.09233210818351889,0.08271017940103276
M4_RF,61,2,batch1-24,6C(40%)-3C,1017.0,816.928138202598,19.672749439272565,-19.672749439272565,-0.09513709780367385,0.0
M4_RF,61,2,batch1-25,6C(40%)-3C,854.0,865.7086783549264,1.3710396200148016,1.3710396200148016,0.005913900464377342,0.0
M4_RF,61,2,batch1-26,6C(40%)-3.6C,870.0,819.0673192369414,5.854331122190639,-5.854331122190639,-0.02619965467794838,0.0
M4_RF,61,2,batch1-27,6C(40%)-3.6C,842.0,866.6308837784117,2.9252831090750187,2.9252831090750187,0.012522070253346396,0.0
M4_RF,61,0,batch1-28,6C(50%)-3C,860.0,867.6626227650647,0.8910026471005494,0.8910026471005494,0.0038524380412297,0.0
M4_RF,61,0,batch1-29,6C(50%)-3C,917.0,879.048256906611,4.138685179213636,-4.138685179213636,-0.01835661857919657,0.0
M4_RF,61,0,batch1-34,7C(30%)-3.6C,742.0,854.2690633259353,15.130601526406382,15.130601526406382,0.06119077373977966,0.0
M4_RF,61,0,batch1-35,7C(30%)-3.6C,703.0,717.5829060195422,2.074382079593482,2.074382079593482,0.008916759545462671,0.0
M4_RF,61,3,batch1-36,7C(40%)-3C,704.0,695.3351641238711,1.230800550586492,-1.230800550586492,-0.005378466289218231,0.0
M4_RF,61,3,batch1-37,7C(40%)-3C,648.0,692.0143137899374,6.792332374990344,6.792332374990344,0.028540071730230654,0.0
M4_RF,61,0,batch1-38,7C(40%)-3.6C,617.0,635.2489356365597,2.957688109653118,2.957688109653118,0.012658782026739424,0.0
M4_RF,61,0,batch1-39,7C(40%)-3.6C,625.0,661.6628485072614,5.8660557611618245,5.8660557611618245,0.024756732924043234,0.0
M4_RF,61,4,batch1-40,8C(15%)-3.6C,966.0,890.1114439546362,7.855958182749872,-7.855958182749872,-0.035532741720523564,0.0
M4_RF,61,4,batch1-41,8C(15%)-3.6C,1051.0,890.1114439546362,15.30814044199465,-15.30814044199465,-0.07215833133327232,0.0
M4_RF,61,1,batch1-42,8C(25%)-3.6C,702.0,691.3577697999125,1.515987207989674,-1.515987207989674,-0.006634264118959177,0.0
M4_RF,61,1,batch1-43,8C(25%)-3.6C,651.0,673.4976137412199,3.455854645348676,3.455854645348676,0.01475507275160437,0.0
