model,role,seed,fold,n_test,test_policies,mape,inner_cv_mape,params,n_warnings
C0,reference,42,0,5,4.4C(80%)-4.4C;6C(50%)-3C;7C(40%)-3.6C,20.555805827110003,,{},0
C0,reference,42,1,6,5.4C(70%)-3C;6C(40%)-3C;8C(15%)-3.6C,19.179432570916962,,{},0
C0,reference,42,2,5,4.8C(80%)-4.8C;5.4C(40%)-3.6C;8C(25%)-3.6C,18.37142183561377,,{},0
C0,reference,42,3,6,5.4C(60%)-3C;6C(40%)-3.6C;7C(30%)-3.6C,9.030049304573854,,{},0
C0,reference,42,4,5,5.4C(50%)-3C;5.4C(80%)-5.4C;7C(40%)-3C,33.88343214552817,,{},0
C0,reference,43,0,6,6C(40%)-3.6C;6C(50%)-3C;7C(40%)-3.6C,16.395557870634995,,{},0
C0,reference,43,1,5,5.4C(40%)-3.6C;5.4C(80%)-5.4C;8C(25%)-3.6C,32.42567620480382,,{},0
C0,reference,43,2,5,5.4C(50%)-3C;6C(40%)-3C;7C(40%)-3C,12.971062322151594,,{},0
C0,reference,43,3,6,5.4C(70%)-3C;7C(30%)-3.6C;8C(15%)-3.6C,12.62973564269831,,{},0
C0,reference,43,4,5,4.4C(80%)-4.4C;4.8C(80%)-4.8C;5.4C(60%)-3C,16.119533139244595,,{},0
C0,reference,44,0,6,5.4C(70%)-3C;5.4C(80%)-5.4C;6C(40%)-3C,22.135787523697097,,{},0
C0,reference,44,1,6,6C(40%)-3.6C;6C(50%)-3C;7C(40%)-3C,13.21632134152858,,{},0
C0,reference,44,2,5,5.4C(40%)-3.6C;7C(30%)-3.6C;8C(25%)-3.6C,17.904093407711645,,{},0
C0,reference,44,3,5,4.4C(80%)-4.4C;7C(40%)-3.6C;8C(15%)-3.6C,24.63342765167591,,{},0
C0,reference,44,4,5,4.8C(80%)-4.8C;5.4C(50%)-3C;5.4C(60%)-3C,10.951436912878783,,{},0
C0,reference,45,0,6,5.4C(80%)-5.4C;6C(40%)-3C;6C(50%)-3C,24.10805162006234,,{},0
C0,reference,45,1,5,5.4C(40%)-3.6C;6C(40%)-3.6C;7C(30%)-3.6C,12.237208604432332,,{},0
C0,reference,45,2,6,4.8C(80%)-4.8C;5.4C(60%)-3C;8C(25%)-3.6C,14.44518750205975,,{},0
C0,reference,45,3,5,4.4C(80%)-4.4C;5.4C(70%)-3C;8C(15%)-3.6C,19.978999445001143,,{},0
C0,reference,45,4,5,5.4C(50%)-3C;7C(40%)-3.6C;7C(40%)-3C,26.407271406940435,,{},0
C0,reference,46,0,6,4.8C(80%)-4.8C;5.4C(80%)-5.4C;7C(40%)-3C,32.242148822238065,,{},0
C0,reference,46,1,5,4.4C(80%)-4.4C;6C(40%)-3.6C;7C(40%)-3.6C,19.274696509729626,,{},0
C0,reference,46,2,5,5.4C(40%)-3.6C;6C(50%)-3C;8C(25%)-3.6C,16.307177511169936,,{},0
C0,reference,46,3,5,5.4C(50%)-3C;5.4C(60%)-3C;7C(30%)-3.6C,9.948510104341347,,{},0
C0,reference,46,4,6,5.4C(70%)-3C;6C(40%)-3C;8C(15%)-3.6C,19.179432570916962,,{},0
C0,reference,47,0,5,5.4C(40%)-3.6C;5.4C(60%)-3C;5.4C(70%)-3C,12.106212178173566,,{},0
C0,reference,47,1,6,4.8C(80%)-4.8C;7C(30%)-3.6C;8C(15%)-3.6C,15.844240942269803,,{},0
C0,reference,47,2,5,4.4C(80%)-4.4C;6C(50%)-3C;7C(40%)-3C,16.624242802811523,,{},0
C0,reference,47,3,5,5.4C(50%)-3C;6C(40%)-3C;7C(40%)-3.6C,16.902625346450076,,{},0
C0,reference,47,4,6,5.4C(80%)-5.4C;6C(40%)-3.6C;8C(25%)-3.6C,22.944233654225677,,{},0
C0,reference,48,0,6,6C(40%)-3.6C;7C(40%)-3C;8C(15%)-3.6C,16.513667505489583,,{},0
C0,reference,48,1,6,5.4C(70%)-3C;6C(50%)-3C;7C(40%)-3.6C,15.045346702217898,,{},0
C0,reference,48,2,5,5.4C(40%)-3.6C;5.4C(80%)-5.4C;6C(40%)-3C,28.54205850835231,,{},0
C0,reference,48,3,6,5.4C(60%)-3C;7C(30%)-3.6C;8C(25%)-3.6C,17.326210934078805,,{},0
C0,reference,48,4,4,4.4C(80%)-4.4C;4.8C(80%)-4.8C;5.4C(50%)-3C,17.032337629784223,,{},0
C0,reference,49,0,4,4.4C(80%)-4.4C;5.4C(50%)-3C;7C(40%)-3C,15.041544793057838,,{},0
C0,reference,49,1,6,4.8C(80%)-4.8C;6C(40%)-3.6C;8C(25%)-3.6C,13.743084424374105,,{},0
C0,reference,49,2,5,5.4C(40%)-3.6C;6C(50%)-3C;7C(40%)-3.6C,20.28560905249341,,{},0
C0,reference,49,3,6,5.4C(60%)-3C;5.4C(70%)-3C;5.4C(80%)-5.4C,26.40574590245663,,{},0
C0,reference,49,4,6,6C(40%)-3C;7C(30%)-3.6C;8C(15%)-3.6C,17.940640411441773,,{},0
C0,reference,50,0,6,7C(30%)-3.6C;7C(40%)-3C;8C(15%)-3.6C,15.879590613589622,,{},0
C0,reference,50,1,4,5.4C(40%)-3.6C;5.4C(50%)-3C;6C(40%)-3C,21.412464290320415,,{},0
C0,reference,50,2,6,5.4C(70%)-3C;6C(40%)-3.6C;6C(50%)-3C,13.793389763544297,,{},0
C0,reference,50,3,6,4.8C(80%)-4.8C;5.4C(60%)-3C;5.4C(80%)-5.4C,23.651236619210238,,{},0
C0,reference,50,4,5,4.4C(80%)-4.4C;7C(40%)-3.6C;8C(25%)-3.6C,25.532044053972236,,{},0
C0,reference,51,0,4,5.4C(40%)-3.6C;5.4C(50%)-3C;6C(40%)-3C,21.412464290320415,,{},0
C0,reference,51,1,6,4.8C(80%)-4.8C;5.4C(60%)-3C;6C(40%)-3.6C,12.808190684818252,,{},0
C0,reference,51,2,6,5.4C(80%)-5.4C;7C(30%)-3.6C;7C(40%)-3.6C,37.38721422020406,,{},0
C0,reference,51,3,5,4.4C(80%)-4.4C;7C(40%)-3C;8C(15%)-3.6C,20.701864627377432,,{},0
C0,reference,51,4,6,5.4C(70%)-3C;6C(50%)-3C;8C(25%)-3.6C,11.628765088429544,,{},0
C0,reference,52,0,6,4.8C(80%)-4.8C;5.4C(60%)-3C;6C(40%)-3C,15.069180769912213,,{},0
C0,reference,52,1,5,5.4C(50%)-3C;6C(50%)-3C;7C(30%)-3.6C,8.676915099939993,,{},0
C0,reference,52,2,4,4.4C(80%)-4.4C;5.4C(40%)-3.6C;8C(25%)-3.6C,21.290468367843204,,{},0
C0,reference,52,3,6,5.4C(80%)-5.4C;6C(40%)-3.6C;8C(15%)-3.6C,25.144407698929378,,{},0
C0,reference,52,4,6,5.4C(70%)-3C;7C(40%)-3.6C;7C(40%)-3C,26.685541161910294,,{},0
C0,reference,53,0,5,5.4C(50%)-3C;6C(40%)-3.6C;7C(40%)-3.6C,14.106600283363818,,{},0
C0,reference,53,1,6,4.8C(80%)-4.8C;7C(30%)-3.6C;8C(25%)-3.6C,19.690053085471302,,{},0
C0,reference,53,2,4,4.4C(80%)-4.4C;5.4C(40%)-3.6C;6C(40%)-3C,27.486878927002866,,{},0
C0,reference,53,3,6,5.4C(60%)-3C;5.4C(80%)-5.4C;7C(40%)-3C,29.87830667084557,,{},0
C0,reference,53,4,6,5.4C(70%)-3C;6C(50%)-3C;8C(15%)-3.6C,17.992376967203548,,{},0
C0,reference,54,0,5,5.4C(50%)-3C;8C(15%)-3.6C;8C(25%)-3.6C,15.486899883986629,,{},0
C0,reference,54,1,6,5.4C(60%)-3C;5.4C(80%)-5.4C;7C(30%)-3.6C,27.16313143742996,,{},0
C0,reference,54,2,6,6C(50%)-3C;7C(40%)-3.6C;7C(40%)-3C,18.29520167310921,,{},0
C0,reference,54,3,5,4.4C(80%)-4.4C;4.8C(80%)-4.8C;6C(40%)-3C,21.106553054080273,,{},0
C0,reference,54,4,5,5.4C(40%)-3.6C;5.4C(70%)-3C;6C(40%)-3.6C,14.602160554837699,,{},0
C0,reference,55,0,6,5.4C(60%)-3C;5.4C(80%)-5.4C;7C(40%)-3.6C,33.48601173487199,,{},0
C0,reference,55,1,4,4.4C(80%)-4.4C;5.4C(40%)-3.6C;6C(50%)-3C,25.706295521432747,,{},0
C0,reference,55,2,5,4.8C(80%)-4.8C;5.4C(50%)-3C;8C(25%)-3.6C,15.794726129127309,,{},0
C0,reference,55,3,6,5.4C(70%)-3C;6C(40%)-3C;7C(40%)-3C,12.969987965165345,,{},0
C0,reference,55,4,6,6C(40%)-3.6C;7C(30%)-3.6C;8C(15%)-3.6C,15.749734924672824,,{},0
C0,reference,56,0,6,6C(40%)-3C;7C(40%)-3C;8C(25%)-3.6C,16.17959337743792,,{},0
C0,reference,56,1,5,4.8C(80%)-4.8C;5.4C(50%)-3C;7C(40%)-3.6C,20.03277521486489,,{},0
C0,reference,56,2,6,5.4C(80%)-5.4C;6C(40%)-3.6C;8C(15%)-3.6C,25.144407698929378,,{},0
C0,reference,56,3,5,5.4C(40%)-3.6C;6C(50%)-3C;7C(30%)-3.6C,13.498306155509873,,{},0
C0,reference,56,4,5,4.4C(80%)-4.4C;5.4C(60%)-3C;5.4C(70%)-3C,12.376408952790161,,{},0
C0,reference,57,0,6,5.4C(60%)-3C;7C(30%)-3.6C;7C(40%)-3C,17.369218711181563,,{},0
C0,reference,57,1,4,4.4C(80%)-4.4C;5.4C(50%)-3C;8C(15%)-3.6C,24.74216749314926,,{},0
C0,reference,57,2,6,4.8C(80%)-4.8C;6C(40%)-3.6C;6C(50%)-3C,16.72642188333098,,{},0
C0,reference,57,3,5,5.4C(40%)-3.6C;6C(40%)-3C;7C(40%)-3.6C,21.800524798199287,,{},0
C0,reference,57,4,6,5.4C(70%)-3C;5.4C(80%)-5.4C;8C(25%)-3.6C,32.91629258933524,,{},0
C0,reference,58,0,6,5.4C(80%)-5.4C;6C(40%)-3C;7C(40%)-3.6C,28.76197454975803,,{},0
C0,reference,58,1,5,5.4C(40%)-3.6C;7C(30%)-3.6C;8C(15%)-3.6C,17.5122328574836,,{},0
C0,reference,58,2,6,4.8C(80%)-4.8C;5.4C(60%)-3C;7C(40%)-3C,14.485437060678482,,{},0
C0,reference,58,3,6,5.4C(70%)-3C;6C(50%)-3C;8C(25%)-3.6C,11.628765088429544,,{},0
C0,reference,58,4,4,4.4C(80%)-4.4C;5.4C(50%)-3C;6C(40%)-3.6C,18.443686687660378,,{},0
C0,reference,59,0,5,5.4C(40%)-3.6C;7C(30%)-3.6C;8C(25%)-3.6C,17.904093407711645,,{},0
C0,reference,59,1,6,5.4C(60%)-3C;5.4C(80%)-5.4C;6C(40%)-3C,23.138050999875134,,{},0
C0,reference,59,2,4,4.4C(80%)-4.4C;5.4C(50%)-3C;8C(15%)-3.6C,24.74216749314926,,{},0
C0,reference,59,3,6,5.4C(70%)-3C;6C(50%)-3C;7C(40%)-3.6C,15.045346702217898,,{},0
C0,reference,59,4,6,4.8C(80%)-4.8C;6C(40%)-3.6C;7C(40%)-3C,13.78333398299284,,{},0
C0,reference,60,0,6,5.4C(70%)-3C;7C(40%)-3.6C;7C(40%)-3C,26.685541161910294,,{},0
C0,reference,60,1,5,4.4C(80%)-4.4C;5.4C(60%)-3C;6C(40%)-3.6C,16.436724318953097,,{},0
C0,reference,60,2,5,5.4C(40%)-3.6C;6C(50%)-3C;8C(25%)-3.6C,16.307177511169936,,{},0
C0,reference,60,3,5,5.4C(50%)-3C;6C(40%)-3C;7C(30%)-3.6C,10.16816686985532,,{},0
C0,reference,60,4,6,4.8C(80%)-4.8C;5.4C(80%)-5.4C;8C(15%)-3.6C,27.55108335582709,,{},0
C0,reference,61,0,6,6C(50%)-3C;7C(30%)-3.6C;7C(40%)-3.6C,15.754158818083678,,{},0
C0,reference,61,1,6,5.4C(60%)-3C;5.4C(80%)-5.4C;8C(25%)-3.6C,29.835298893742813,,{},0
C0,reference,61,2,6,5.4C(70%)-3C;6C(40%)-3.6C;6C(40%)-3C,14.980445367257708,,{},0
C0,reference,61,3,5,4.4C(80%)-4.4C;4.8C(80%)-4.8C;7C(40%)-3C,18.698167519547116,,{},0
C0,reference,61,4,4,5.4C(40%)-3.6C;5.4C(50%)-3C;8C(15%)-3.6C,24.424586865655872,,{},0
M0,candidate,42,0,5,4.4C(80%)-4.4C;6C(50%)-3C;7C(40%)-3.6C,6.8434781043237995,,{},0
M0,candidate,42,1,6,5.4C(70%)-3C;6C(40%)-3C;8C(15%)-3.6C,9.439939138403947,,{},0
M0,candidate,42,2,5,4.8C(80%)-4.8C;5.4C(40%)-3.6C;8C(25%)-3.6C,10.42651198426365,,{},0
M0,candidate,42,3,6,5.4C(60%)-3C;6C(40%)-3.6C;7C(30%)-3.6C,11.471453107830982,,{},0
M0,candidate,42,4,5,5.4C(50%)-3C;5.4C(80%)-5.4C;7C(40%)-3C,10.142526705519755,,{},0
M0,candidate,43,0,6,6C(40%)-3.6C;6C(50%)-3C;7C(40%)-3.6C,8.277013249947792,,{},0
M0,candidate,43,1,5,5.4C(40%)-3.6C;5.4C(80%)-5.4C;8C(25%)-3.6C,8.599968783858257,,{},0
M0,candidate,43,2,5,5.4C(50%)-3C;6C(40%)-3C;7C(40%)-3C,12.689638772158709,,{},0
M0,candidate,43,3,6,5.4C(70%)-3C;7C(30%)-3.6C;8C(15%)-3.6C,7.555770445097881,,{},0
M0,candidate,43,4,5,4.4C(80%)-4.4C;4.8C(80%)-4.8C;5.4C(60%)-3C,13.673244886460978,,{},0
M0,candidate,44,0,6,5.4C(70%)-3C;5.4C(80%)-5.4C;6C(40%)-3C,7.263598704296262,,{},0
M0,candidate,44,1,6,6C(40%)-3.6C;6C(50%)-3C;7C(40%)-3C,8.284947025849416,,{},0
M0,candidate,44,2,5,5.4C(40%)-3.6C;7C(30%)-3.6C;8C(25%)-3.6C,8.017621467862616,,{},0
M0,candidate,44,3,5,4.4C(80%)-4.4C;7C(40%)-3.6C;8C(15%)-3.6C,6.341815756222659,,{},0
M0,candidate,44,4,5,4.8C(80%)-4.8C;5.4C(50%)-3C;5.4C(60%)-3C,22.077977953794186,,{},0
M0,candidate,45,0,6,5.4C(80%)-5.4C;6C(40%)-3C;6C(50%)-3C,9.011131245321817,,{},0
M0,candidate,45,1,5,5.4C(40%)-3.6C;6C(40%)-3.6C;7C(30%)-3.6C,8.899303399814121,,{},0
M0,candidate,45,2,6,4.8C(80%)-4.8C;5.4C(60%)-3C;8C(25%)-3.6C,13.19982905771025,,{},0
M0,candidate,45,3,5,4.4C(80%)-4.4C;5.4C(70%)-3C;8C(15%)-3.6C,8.558013914217895,,{},0
M0,candidate,45,4,5,5.4C(50%)-3C;7C(40%)-3.6C;7C(40%)-3C,9.05452760125685,,{},0
M0,candidate,46,0,6,4.8C(80%)-4.8C;5.4C(80%)-5.4C;7C(40%)-3C,10.484151862729858,,{},0
M0,candidate,46,1,5,4.4C(80%)-4.4C;6C(40%)-3.6C;7C(40%)-3.6C,5.764428789935389,,{},0
M0,candidate,46,2,5,5.4C(40%)-3.6C;6C(50%)-3C;8C(25%)-3.6C,8.809070471744377,,{},0
M0,candidate,46,3,5,5.4C(50%)-3C;5.4C(60%)-3C;7C(30%)-3.6C,21.622469400148542,,{},0
M0,candidate,46,4,6,5.4C(70%)-3C;6C(40%)-3C;8C(15%)-3.6C,9.439939138403947,,{},0
M0,candidate,47,0,5,5.4C(40%)-3.6C;5.4C(60%)-3C;5.4C(70%)-3C,11.638007811700698,,{},0
M0,candidate,47,1,6,4.8C(80%)-4.8C;7C(30%)-3.6C;8C(15%)-3.6C,10.336156612955989,,{},0
M0,candidate,47,2,5,4.4C(80%)-4.4C;6C(50%)-3C;7C(40%)-3C,7.716817161930238,,{},0
M0,candidate,47,3,5,5.4C(50%)-3C;6C(40%)-3C;7C(40%)-3.6C,12.102306796881665,,{},0
M0,candidate,47,4,6,5.4C(80%)-5.4C;6C(40%)-3.6C;8C(25%)-3.6C,6.500854371107427,,{},0
M0,candidate,48,0,6,6C(40%)-3.6C;7C(40%)-3C;8C(15%)-3.6C,7.610857203762245,,{},0
M0,candidate,48,1,6,5.4C(70%)-3C;6C(50%)-3C;7C(40%)-3.6C,8.306685088027336,,{},0
M0,candidate,48,2,5,5.4C(40%)-3.6C;5.4C(80%)-5.4C;6C(40%)-3C,9.922668882461464,,{},0
M0,candidate,48,3,6,5.4C(60%)-3C;7C(30%)-3.6C;8C(25%)-3.6C,12.234060835938793,,{},0
M0,candidate,48,4,4,4.4C(80%)-4.4C;4.8C(80%)-4.8C;5.4C(50%)-3C,15.376456401854583,,{},0
M0,candidate,49,0,4,4.4C(80%)-4.4C;5.4C(50%)-3C;7C(40%)-3C,10.803241424761584,,{},0
M0,candidate,49,1,6,4.8C(80%)-4.8C;6C(40%)-3.6C;8C(25%)-3.6C,9.037159437353516,,{},0
M0,candidate,49,2,5,5.4C(40%)-3.6C;6C(50%)-3C;7C(40%)-3.6C,8.205204906477425,,{},0
M0,candidate,49,3,6,5.4C(60%)-3C;5.4C(70%)-3C;5.4C(80%)-5.4C,9.312126041216723,,{},0
M0,candidate,49,4,6,6C(40%)-3C;7C(30%)-3.6C;8C(15%)-3.6C,9.08225696828499,,{},0
M0,candidate,50,0,6,7C(30%)-3.6C;7C(40%)-3C;8C(15%)-3.6C,7.421998444741018,,{},0
M0,candidate,50,1,4,5.4C(40%)-3.6C;5.4C(50%)-3C;6C(40%)-3C,15.288484002378198,,{},0
M0,candidate,50,2,6,5.4C(70%)-3C;6C(40%)-3.6C;6C(50%)-3C,10.343864890720402,,{},0
M0,candidate,50,3,6,4.8C(80%)-4.8C;5.4C(60%)-3C;5.4C(80%)-5.4C,12.703965292916038,,{},0
M0,candidate,50,4,5,4.4C(80%)-4.4C;7C(40%)-3.6C;8C(25%)-3.6C,3.9282397871447645,,{},0
M0,candidate,51,0,4,5.4C(40%)-3.6C;5.4C(50%)-3C;6C(40%)-3C,15.288484002378198,,{},0
M0,candidate,51,1,6,4.8C(80%)-4.8C;5.4C(60%)-3C;6C(40%)-3.6C,13.023704249915449,,{},0
M0,candidate,51,2,6,5.4C(80%)-5.4C;7C(30%)-3.6C;7C(40%)-3.6C,6.485594271788841,,{},0
M0,candidate,51,3,5,4.4C(80%)-4.4C;7C(40%)-3C;8C(15%)-3.6C,7.688974100327864,,{},0
M0,candidate,51,4,6,5.4C(70%)-3C;6C(50%)-3C;8C(25%)-3.6C,7.590385131995081,,{},0
M0,candidate,52,0,6,4.8C(80%)-4.8C;5.4C(60%)-3C;6C(40%)-3C,14.806867632868032,,{},0
M0,candidate,52,1,5,5.4C(50%)-3C;6C(50%)-3C;7C(30%)-3.6C,13.171854319836312,,{},0
M0,candidate,52,2,4,4.4C(80%)-4.4C;5.4C(40%)-3.6C;8C(25%)-3.6C,7.741402779618191,,{},0
M0,candidate,52,3,6,5.4C(80%)-5.4C;6C(40%)-3.6C;8C(15%)-3.6C,8.561981094584937,,{},0
M0,candidate,52,4,6,5.4C(70%)-3C;7C(40%)-3.6C;7C(40%)-3C,4.754286209893319,,{},0
M0,candidate,53,0,5,5.4C(50%)-3C;6C(40%)-3.6C;7C(40%)-3.6C,10.478089369058665,,{},0
M0,candidate,53,1,6,4.8C(80%)-4.8C;7C(30%)-3.6C;8C(25%)-3.6C,10.275475073744156,,{},0
M0,candidate,53,2,4,4.4C(80%)-4.4C;5.4C(40%)-3.6C;6C(40%)-3C,11.370389712045231,,{},0
M0,candidate,53,3,6,5.4C(60%)-3C;5.4C(80%)-5.4C;7C(40%)-3C,10.285709987324076,,{},0
M0,candidate,53,4,6,5.4C(70%)-3C;6C(50%)-3C;8C(15%)-3.6C,10.1734617126278,,{},0
M0,candidate,54,0,5,5.4C(50%)-3C;8C(15%)-3.6C;8C(25%)-3.6C,9.859071395083728,,{},0
M0,candidate,54,1,6,5.4C(60%)-3C;5.4C(80%)-5.4C;7C(30%)-3.6C,11.555710244380624,,{},0
M0,candidate,54,2,6,6C(50%)-3C;7C(40%)-3.6C;7C(40%)-3C,5.673333620095698,,{},0
M0,candidate,54,3,5,4.4C(80%)-4.4C;4.8C(80%)-4.8C;6C(40%)-3C,11.741265682872939,,{},0
M0,candidate,54,4,5,5.4C(40%)-3.6C;5.4C(70%)-3C;6C(40%)-3.6C,9.717810936985453,,{},0
M0,candidate,55,0,6,5.4C(60%)-3C;5.4C(80%)-5.4C;7C(40%)-3.6C,7.818358254666709,,{},0
M0,candidate,55,1,4,4.4C(80%)-4.4C;5.4C(40%)-3.6C;6C(50%)-3C,12.093473717505907,,{},0
M0,candidate,55,2,5,4.8C(80%)-4.8C;5.4C(50%)-3C;8C(25%)-3.6C,14.144008698992089,,{},0
M0,candidate,55,3,6,5.4C(70%)-3C;6C(40%)-3C;7C(40%)-3C,7.598832490591777,,{},0
M0,candidate,55,4,6,6C(40%)-3.6C;7C(30%)-3.6C;8C(15%)-3.6C,8.252194650223862,,{},0
M0,candidate,56,0,6,6C(40%)-3C;7C(40%)-3C;8C(25%)-3.6C,7.303376620251136,,{},0
M0,candidate,56,1,5,4.8C(80%)-4.8C;5.4C(50%)-3C;7C(40%)-3.6C,12.960549451021883,,{},0
M0,candidate,56,2,6,5.4C(80%)-5.4C;6C(40%)-3.6C;8C(15%)-3.6C,8.561981094584937,,{},0
M0,candidate,56,3,5,5.4C(40%)-3.6C;6C(50%)-3C;7C(30%)-3.6C,9.871868053779716,,{},0
M0,candidate,56,4,5,4.4C(80%)-4.4C;5.4C(60%)-3C;5.4C(70%)-3C,10.470720235024936,,{},0
M0,candidate,57,0,6,5.4C(60%)-3C;7C(30%)-3.6C;7C(40%)-3C,12.450640121579431,,{},0
M0,candidate,57,1,4,4.4C(80%)-4.4C;5.4C(50%)-3C;8C(15%)-3.6C,11.214014774058324,,{},0
M0,candidate,57,2,6,4.8C(80%)-4.8C;6C(40%)-3.6C;6C(50%)-3C,11.69195065713861,,{},0
M0,candidate,57,3,5,5.4C(40%)-3.6C;6C(40%)-3C;7C(40%)-3.6C,7.758861604489916,,{},0
M0,candidate,57,4,6,5.4C(70%)-3C;5.4C(80%)-5.4C;8C(25%)-3.6C,5.864025756732019,,{},0
M0,candidate,58,0,6,5.4C(80%)-5.4C;6C(40%)-3C;7C(40%)-3.6C,6.20200278687186,,{},0
M0,candidate,58,1,5,5.4C(40%)-3.6C;7C(30%)-3.6C;8C(15%)-3.6C,9.454178316790463,,{},0
M0,candidate,58,2,6,4.8C(80%)-4.8C;5.4C(60%)-3C;7C(40%)-3C,13.400444114310261,,{},0
M0,candidate,58,3,6,5.4C(70%)-3C;6C(50%)-3C;8C(25%)-3.6C,7.590385131995081,,{},0
M0,candidate,58,4,4,4.4C(80%)-4.4C;5.4C(50%)-3C;6C(40%)-3.6C,11.717648600917009,,{},0
M0,candidate,59,0,5,5.4C(40%)-3.6C;7C(30%)-3.6C;8C(25%)-3.6C,8.017621467862616,,{},0
M0,candidate,59,1,6,5.4C(60%)-3C;5.4C(80%)-5.4C;6C(40%)-3C,10.921458044578507,,{},0
M0,candidate,59,2,4,4.4C(80%)-4.4C;5.4C(50%)-3C;8C(15%)-3.6C,11.214014774058324,,{},0
M0,candidate,59,3,6,5.4C(70%)-3C;6C(50%)-3C;7C(40%)-3.6C,8.306685088027336,,{},0
M0,candidate,59,4,6,4.8C(80%)-4.8C;6C(40%)-3.6C;7C(40%)-3C,9.200264676802288,,{},0
M0,candidate,60,0,6,5.4C(70%)-3C;7C(40%)-3.6C;7C(40%)-3C,4.754286209893319,,{},0
M0,candidate,60,1,5,4.4C(80%)-4.4C;5.4C(60%)-3C;6C(40%)-3.6C,10.42482404963296,,{},0
M0,candidate,60,2,5,5.4C(40%)-3.6C;6C(50%)-3C;8C(25%)-3.6C,8.809070471744377,,{},0
M0,candidate,60,3,5,5.4C(50%)-3C;6C(40%)-3C;7C(30%)-3.6C,14.777684539164134,,{},0
M0,candidate,60,4,6,4.8C(80%)-4.8C;5.4C(80%)-5.4C;8C(15%)-3.6C,10.87842963044251,,{},0
M0,candidate,61,0,6,6C(50%)-3C;7C(30%)-3.6C;7C(40%)-3.6C,6.656389753740351,,{},0
M0,candidate,61,1,6,5.4C(60%)-3C;5.4C(80%)-5.4C;8C(25%)-3.6C,10.064965005462772,,{},0
M0,candidate,61,2,6,5.4C(70%)-3C;6C(40%)-3.6C;6C(40%)-3C,9.648142861062848,,{},0
M0,candidate,61,3,5,4.4C(80%)-4.4C;4.8C(80%)-4.8C;7C(40%)-3C,9.522713392132252,,{},0
M0,candidate,61,4,4,5.4C(40%)-3.6C;5.4C(50%)-3C;8C(15%)-3.6C,13.016101417537701,,{},0
M1,candidate,42,0,5,4.4C(80%)-4.4C;6C(50%)-3C;7C(40%)-3.6C,6.859366337841894,5.912150687339104,"{""model__alpha"": 0.0001}",0
M1,candidate,42,1,6,5.4C(70%)-3C;6C(40%)-3C;8C(15%)-3.6C,8.979036770763422,5.166093110843157,"{""model__alpha"": 1.0}",0
M1,candidate,42,2,5,4.8C(80%)-4.8C;5.4C(40%)-3.6C;8C(25%)-3.6C,8.048506034341234,6.8530905147681,"{""model__alpha"": 0.0001}",0
M1,candidate,42,3,6,5.4C(60%)-3C;6C(40%)-3.6C;7C(30%)-3.6C,5.7928427566665475,7.6557137064157175,"{""model__alpha"": 0.0001}",0
M1,candidate,42,4,5,5.4C(50%)-3C;5.4C(80%)-5.4C;7C(40%)-3C,7.081417707479187,7.237838541492636,"{""model__alpha"": 3.1622776601683795}",0
M1,candidate,43,0,6,6C(40%)-3.6C;6C(50%)-3C;7C(40%)-3.6C,5.745127676258935,6.441943895915371,"{""model__alpha"": 0.5623413251903491}",0
M1,candidate,43,1,5,5.4C(40%)-3.6C;5.4C(80%)-5.4C;8C(25%)-3.6C,3.741140229050592,7.114252664778447,"{""model__alpha"": 0.0001}",0
M1,candidate,43,2,5,5.4C(50%)-3C;6C(40%)-3C;7C(40%)-3C,7.24402482191363,6.489809892536071,"{""model__alpha"": 0.1}",0
M1,candidate,43,3,6,5.4C(70%)-3C;7C(30%)-3.6C;8C(15%)-3.6C,6.548723107365281,6.313536993735795,"{""model__alpha"": 0.5623413251903491}",0
M1,candidate,43,4,5,4.4C(80%)-4.4C;4.8C(80%)-4.8C;5.4C(60%)-3C,9.32531918980366,6.915720075893186,"{""model__alpha"": 0.0001}",0
M1,candidate,44,0,6,5.4C(70%)-3C;5.4C(80%)-5.4C;6C(40%)-3C,8.608700207153642,6.023505009533936,"{""model__alpha"": 0.0001}",0
M1,candidate,44,1,6,6C(40%)-3.6C;6C(50%)-3C;7C(40%)-3C,5.160397383482356,7.277748436972152,"{""model__alpha"": 1.0}",0
M1,candidate,44,2,5,5.4C(40%)-3.6C;7C(30%)-3.6C;8C(25%)-3.6C,4.522736299128108,7.578042895868519,"{""model__alpha"": 0.0001}",0
M1,candidate,44,3,5,4.4C(80%)-4.4C;7C(40%)-3.6C;8C(15%)-3.6C,5.649170011426108,7.3629842904774225,"{""model__alpha"": 0.1778279410038923}",0
M1,candidate,44,4,5,4.8C(80%)-4.8C;5.4C(50%)-3C;5.4C(60%)-3C,12.370862051369846,6.373934829077626,"{""model__alpha"": 0.0001}",0
M1,candidate,45,0,6,5.4C(80%)-5.4C;6C(40%)-3C;6C(50%)-3C,7.449923593628658,6.071153340829277,"{""model__alpha"": 0.0001}",0
M1,candidate,45,1,5,5.4C(40%)-3.6C;6C(40%)-3.6C;7C(30%)-3.6C,4.655814316472986,7.546696603330749,"{""model__alpha"": 1.0}",0
M1,candidate,45,2,6,4.8C(80%)-4.8C;5.4C(60%)-3C;8C(25%)-3.6C,8.57044640986684,6.985748523379079,"{""model__alpha"": 0.0001}",0
M1,candidate,45,3,5,4.4C(80%)-4.4C;5.4C(70%)-3C;8C(15%)-3.6C,7.05953102590771,5.998717867227696,"{""model__alpha"": 0.0001}",0
M1,candidate,45,4,5,5.4C(50%)-3C;7C(40%)-3.6C;7C(40%)-3C,5.016254655928239,7.9750337443848425,"{""model__alpha"": 0.0001}",0
M1,candidate,46,0,6,4.8C(80%)-4.8C;5.4C(80%)-5.4C;7C(40%)-3C,9.98952797966909,6.077466067371552,"{""model__alpha"": 0.0001}",0
M1,candidate,46,1,5,4.4C(80%)-4.4C;6C(40%)-3.6C;7C(40%)-3.6C,4.132925574230116,6.934135716653666,"{""model__alpha"": 0.0001}",0
M1,candidate,46,2,5,5.4C(40%)-3.6C;6C(50%)-3C;8C(25%)-3.6C,5.578531017560394,6.1982446083392375,"{""model__alpha"": 0.1}",0
M1,candidate,46,3,5,5.4C(50%)-3C;5.4C(60%)-3C;7C(30%)-3.6C,12.10446919024367,5.800501659046158,"{""model__alpha"": 0.1778279410038923}",0
M1,candidate,46,4,6,5.4C(70%)-3C;6C(40%)-3C;8C(15%)-3.6C,8.979036770763422,5.166093110843157,"{""model__alpha"": 1.0}",0
M1,candidate,47,0,5,5.4C(40%)-3.6C;5.4C(60%)-3C;5.4C(70%)-3C,7.663788812878105,6.017455688165414,"{""model__alpha"": 0.1778279410038923}",0
M1,candidate,47,1,6,4.8C(80%)-4.8C;7C(30%)-3.6C;8C(15%)-3.6C,9.435833775599177,6.486996868749115,"{""model__alpha"": 0.0001}",0
M1,candidate,47,2,5,4.4C(80%)-4.4C;6C(50%)-3C;7C(40%)-3C,5.989496929891114,6.0645982617759095,"{""model__alpha"": 0.0001}",0
M1,candidate,47,3,5,5.4C(50%)-3C;6C(40%)-3C;7C(40%)-3.6C,7.92425345086383,6.218598020225722,"{""model__alpha"": 0.0001}",0
M1,candidate,47,4,6,5.4C(80%)-5.4C;6C(40%)-3.6C;8C(25%)-3.6C,3.7038741798630017,7.970678017028334,"{""model__alpha"": 1.7782794100389228}",0
M1,candidate,48,0,6,6C(40%)-3.6C;7C(40%)-3C;8C(15%)-3.6C,3.7128408433080553,7.35513386393548,"{""model__alpha"": 0.0001}",0
M1,candidate,48,1,6,5.4C(70%)-3C;6C(50%)-3C;7C(40%)-3.6C,8.510964804341427,5.412722401935719,"{""model__alpha"": 1.7782794100389228}",0
M1,candidate,48,2,5,5.4C(40%)-3.6C;5.4C(80%)-5.4C;6C(40%)-3C,7.421039548648782,6.472625939213849,"{""model__alpha"": 0.0001}",0
M1,candidate,48,3,6,5.4C(60%)-3C;7C(30%)-3.6C;8C(25%)-3.6C,6.361536697712837,7.970206900405122,"{""model__alpha"": 0.0001}",0
M1,candidate,48,4,4,4.4C(80%)-4.4C;4.8C(80%)-4.8C;5.4C(50%)-3C,8.413999862910147,7.070949654052716,"{""model__alpha"": 0.0001}",0
M1,candidate,49,0,4,4.4C(80%)-4.4C;5.4C(50%)-3C;7C(40%)-3C,5.054872509330158,7.690204808817169,"{""model__alpha"": 1.7782794100389228}",0
M1,candidate,49,1,6,4.8C(80%)-4.8C;6C(40%)-3.6C;8C(25%)-3.6C,6.673180712964934,6.637768238673518,"{""model__alpha"": 0.0001}",0
M1,candidate,49,2,5,5.4C(40%)-3.6C;6C(50%)-3C;7C(40%)-3.6C,7.130106224828406,5.797298296690627,"{""model__alpha"": 0.0001}",0
M1,candidate,49,3,6,5.4C(60%)-3C;5.4C(70%)-3C;5.4C(80%)-5.4C,6.2461716104867735,6.906500391720975,"{""model__alpha"": 0.05623413251903491}",0
M1,candidate,49,4,6,6C(40%)-3C;7C(30%)-3.6C;8C(15%)-3.6C,7.663314434712342,6.91819691637326,"{""model__alpha"": 0.0001}",0
M1,candidate,50,0,6,7C(30%)-3.6C;7C(40%)-3C;8C(15%)-3.6C,5.720336692269083,7.791190799634511,"{""model__alpha"": 0.03162277660168379}",0
M1,candidate,50,1,4,5.4C(40%)-3.6C;5.4C(50%)-3C;6C(40%)-3C,8.119783545639875,6.287111238772789,"{""model__alpha"": 0.0001}",0
M1,candidate,50,2,6,5.4C(70%)-3C;6C(40%)-3.6C;6C(50%)-3C,7.524026312882402,5.844856443806773,"{""model__alpha"": 0.31622776601683794}",0
M1,candidate,50,3,6,4.8C(80%)-4.8C;5.4C(60%)-3C;5.4C(80%)-5.4C,8.900417757234159,6.211448285966183,"{""model__alpha"": 0.05623413251903491}",0
M1,candidate,50,4,5,4.4C(80%)-4.4C;7C(40%)-3.6C;8C(25%)-3.6C,4.787654671967913,7.636202860678756,"{""model__alpha"": 0.0001}",0
M1,candidate,51,0,4,5.4C(40%)-3.6C;5.4C(50%)-3C;6C(40%)-3C,8.119783545639875,6.287111238772789,"{""model__alpha"": 0.0001}",0
M1,candidate,51,1,6,4.8C(80%)-4.8C;5.4C(60%)-3C;6C(40%)-3.6C,7.600739138152367,6.609719981702165,"{""model__alpha"": 0.0001}",0
M1,candidate,51,2,6,5.4C(80%)-5.4C;7C(30%)-3.6C;7C(40%)-3.6C,5.058103916820275,6.7159202129687285,"{""model__alpha"": 0.0001}",0
M1,candidate,51,3,5,4.4C(80%)-4.4C;7C(40%)-3C;8C(15%)-3.6C,5.219097358166019,7.781928714750121,"{""model__alpha"": 0.5623413251903491}",0
M1,candidate,51,4,6,5.4C(70%)-3C;6C(50%)-3C;8C(25%)-3.6C,6.8028140818729,5.893409241443631,"{""model__alpha"": 1.7782794100389228}",0
M1,candidate,52,0,6,4.8C(80%)-4.8C;5.4C(60%)-3C;6C(40%)-3C,11.521037336966318,5.16072920325946,"{""model__alpha"": 0.0001}",0
M1,candidate,52,1,5,5.4C(50%)-3C;6C(50%)-3C;7C(30%)-3.6C,6.3375675102428515,7.339647187019425,"{""model__alpha"": 0.03162277660168379}",0
M1,candidate,52,2,4,4.4C(80%)-4.4C;5.4C(40%)-3.6C;8C(25%)-3.6C,4.25101748464565,7.365141674656336,"{""model__alpha"": 0.03162277660168379}",0
M1,candidate,52,3,6,5.4C(80%)-5.4C;6C(40%)-3.6C;8C(15%)-3.6C,4.473456082513279,7.551216194000816,"{""model__alpha"": 1.7782794100389228}",0
M1,candidate,52,4,6,5.4C(70%)-3C;7C(40%)-3.6C;7C(40%)-3C,6.86585331594974,5.951764103776867,"{""model__alpha"": 0.0001}",0
M1,candidate,53,0,5,5.4C(50%)-3C;6C(40%)-3.6C;7C(40%)-3.6C,3.7814156258164076,7.359545546404174,"{""model__alpha"": 0.0001}",0
M1,candidate,53,1,6,4.8C(80%)-4.8C;7C(30%)-3.6C;8C(25%)-3.6C,8.84095704354104,6.914962322935659,"{""model__alpha"": 0.0001}",0
M1,candidate,53,2,4,4.4C(80%)-4.4C;5.4C(40%)-3.6C;6C(40%)-3C,9.45606208778041,6.268982982865997,"{""model__alpha"": 0.0001}",0
M1,candidate,53,3,6,5.4C(60%)-3C;5.4C(80%)-5.4C;7C(40%)-3C,5.919435504084289,6.9203599207656055,"{""model__alpha"": 0.0001}",0
M1,candidate,53,4,6,5.4C(70%)-3C;6C(50%)-3C;8C(15%)-3.6C,7.93690044239233,5.622256292798896,"{""model__alpha"": 1.7782794100389228}",0
M1,candidate,54,0,5,5.4C(50%)-3C;8C(15%)-3.6C;8C(25%)-3.6C,3.5640982050239427,8.540875982425195,"{""model__alpha"": 0.0001}",0
M1,candidate,54,1,6,5.4C(60%)-3C;5.4C(80%)-5.4C;7C(30%)-3.6C,6.421308670900115,7.344130910529961,"{""model__alpha"": 0.0001}",0
M1,candidate,54,2,6,6C(50%)-3C;7C(40%)-3.6C;7C(40%)-3C,5.988610995320005,6.32510757590643,"{""model__alpha"": 0.0001}",0
M1,candidate,54,3,5,4.4C(80%)-4.4C;4.8C(80%)-4.8C;6C(40%)-3C,11.501482250985193,5.278451959173375,"{""model__alpha"": 0.0001}",0
M1,candidate,54,4,5,5.4C(40%)-3.6C;5.4C(70%)-3C;6C(40%)-3.6C,6.360300968194006,5.950660237717878,"{""model__alpha"": 0.5623413251903491}",0
M1,candidate,55,0,6,5.4C(60%)-3C;5.4C(80%)-5.4C;7C(40%)-3.6C,5.267849259775213,6.757211262072371,"{""model__alpha"": 0.0001}",0
M1,candidate,55,1,4,4.4C(80%)-4.4C;5.4C(40%)-3.6C;6C(50%)-3C,7.962897606773319,5.980985238436655,"{""model__alpha"": 0.0001}",0
M1,candidate,55,2,5,4.8C(80%)-4.8C;5.4C(50%)-3C;8C(25%)-3.6C,7.6111830698906,7.2786616537350906,"{""model__alpha"": 0.0001}",0
M1,candidate,55,3,6,5.4C(70%)-3C;6C(40%)-3C;7C(40%)-3C,8.447200695188183,5.467783381794601,"{""model__alpha"": 1.0}",0
M1,candidate,55,4,6,6C(40%)-3.6C;7C(30%)-3.6C;8C(15%)-3.6C,4.0812731941814295,7.941640503946727,"{""model__alpha"": 0.0001}",0
M1,candidate,56,0,6,6C(40%)-3C;7C(40%)-3C;8C(25%)-3.6C,6.6135124597070005,6.404971107550199,"{""model__alpha"": 0.1778279410038923}",0
M1,candidate,56,1,5,4.8C(80%)-4.8C;5.4C(50%)-3C;7C(40%)-3.6C,9.057628720799729,6.760532290552852,"{""model__alpha"": 0.0001}",0
M1,candidate,56,2,6,5.4C(80%)-5.4C;6C(40%)-3.6C;8C(15%)-3.6C,4.473456082513279,7.551216194000816,"{""model__alpha"": 1.7782794100389228}",0
M1,candidate,56,3,5,5.4C(40%)-3.6C;6C(50%)-3C;7C(30%)-3.6C,6.610565252328142,6.638635256810008,"{""model__alpha"": 0.0001}",0
M1,candidate,56,4,5,4.4C(80%)-4.4C;5.4C(60%)-3C;5.4C(70%)-3C,7.1843516629096005,6.135220381164672,"{""model__alpha"": 0.31622776601683794}",0
M1,candidate,57,0,6,5.4C(60%)-3C;7C(30%)-3.6C;7C(40%)-3C,7.755475684346151,7.524791186058414,"{""model__alpha"": 0.0001}",0
M1,candidate,57,1,4,4.4C(80%)-4.4C;5.4C(50%)-3C;8C(15%)-3.6C,4.6264296358320935,7.627071128863909,"{""model__alpha"": 1.7782794100389228}",0
M1,candidate,57,2,6,4.8C(80%)-4.8C;6C(40%)-3.6C;6C(50%)-3C,6.99322612806526,7.012928725406738,"{""model__alpha"": 0.0001}",0
M1,candidate,57,3,5,5.4C(40%)-3.6C;6C(40%)-3C;7C(40%)-3.6C,8.756662247783295,5.660719420685676,"{""model__alpha"": 0.0001}",0
M1,candidate,57,4,6,5.4C(70%)-3C;5.4C(80%)-5.4C;8C(25%)-3.6C,4.893339481952035,6.696298865939174,"{""model__alpha"": 1.0}",0
M1,candidate,58,0,6,5.4C(80%)-5.4C;6C(40%)-3C;7C(40%)-3.6C,7.146795442625255,5.942957371612766,"{""model__alpha"": 1.0}",0
M1,candidate,58,1,5,5.4C(40%)-3.6C;7C(30%)-3.6C;8C(15%)-3.6C,5.642764272456143,7.357348890323353,"{""model__alpha"": 0.5623413251903491}",0
M1,candidate,58,2,6,4.8C(80%)-4.8C;5.4C(60%)-3C;7C(40%)-3C,10.021854956650559,6.578278602122055,"{""model__alpha"": 0.0001}",0
M1,candidate,58,3,6,5.4C(70%)-3C;6C(50%)-3C;8C(25%)-3.6C,6.8028140818729,5.893409241443631,"{""model__alpha"": 1.7782794100389228}",0
M1,candidate,58,4,4,4.4C(80%)-4.4C;5.4C(50%)-3C;6C(40%)-3.6C,3.058145467142882,7.349678792107397,"{""model__alpha"": 0.5623413251903491}",0
M1,candidate,59,0,5,5.4C(40%)-3.6C;7C(30%)-3.6C;8C(25%)-3.6C,4.522736299128108,7.578042895868519,"{""model__alpha"": 0.0001}",0
M1,candidate,59,1,6,5.4C(60%)-3C;5.4C(80%)-5.4C;6C(40%)-3C,7.337768068892743,7.27623500211099,"{""model__alpha"": 0.5623413251903491}",0
M1,candidate,59,2,4,4.4C(80%)-4.4C;5.4C(50%)-3C;8C(15%)-3.6C,4.6264296358320935,7.627071128863909,"{""model__alpha"": 1.7782794100389228}",0
M1,candidate,59,3,6,5.4C(70%)-3C;6C(50%)-3C;7C(40%)-3.6C,8.510964804341427,5.412722401935719,"{""model__alpha"": 1.7782794100389228}",0
M1,candidate,59,4,6,4.8C(80%)-4.8C;6C(40%)-3.6C;7C(40%)-3C,7.633305356137606,6.618755295332698,"{""model__alpha"": 0.0001}",0
M1,candidate,60,0,6,5.4C(70%)-3C;7C(40%)-3.6C;7C(40%)-3C,6.86585331594974,5.951764103776867,"{""model__alpha"": 0.0001}",0
M1,candidate,60,1,5,4.4C(80%)-4.4C;5.4C(60%)-3C;6C(40%)-3.6C,4.74409562325463,6.926893185839192,"{""model__alpha"": 1.0}",0
M1,candidate,60,2,5,5.4C(40%)-3.6C;6C(50%)-3C;8C(25%)-3.6C,5.578531017560394,6.1982446083392375,"{""model__alpha"": 0.1}",0
M1,candidate,60,3,5,5.4C(50%)-3C;6C(40%)-3C;7C(30%)-3.6C,8.015824823071211,7.143881029417777,"{""model__alpha"": 0.31622776601683794}",0
M1,candidate,60,4,6,4.8C(80%)-4.8C;5.4C(80%)-5.4C;8C(15%)-3.6C,8.444421244266014,6.0234789401844235,"{""model__alpha"": 0.0001}",0
M1,candidate,61,0,6,6C(50%)-3C;7C(30%)-3.6C;7C(40%)-3.6C,6.446656427900675,6.161555318230432,"{""model__alpha"": 0.1778279410038923}",0
M1,candidate,61,1,6,5.4C(60%)-3C;5.4C(80%)-5.4C;8C(25%)-3.6C,4.2809250531403515,7.213994314120976,"{""model__alpha"": 0.0001}",0
M1,candidate,61,2,6,5.4C(70%)-3C;6C(40%)-3.6C;6C(40%)-3C,8.425277130628624,5.868796620355049,"{""model__alpha"": 0.0001}",0
M1,candidate,61,3,5,4.4C(80%)-4.4C;4.8C(80%)-4.8C;7C(40%)-3C,9.310732770841398,6.639936956084057,"{""model__alpha"": 0.5623413251903491}",0
M1,candidate,61,4,4,5.4C(40%)-3.6C;5.4C(50%)-3C;8C(15%)-3.6C,5.1423704080044095,7.513194287817982,"{""model__alpha"": 1.7782794100389228}",0
M1_huber,reference,42,0,5,4.4C(80%)-4.4C;6C(50%)-3C;7C(40%)-3.6C,7.276569110332878,,{},0
M1_huber,reference,42,1,6,5.4C(70%)-3C;6C(40%)-3C;8C(15%)-3.6C,9.492618914815274,,{},0
M1_huber,reference,42,2,5,4.8C(80%)-4.8C;5.4C(40%)-3.6C;8C(25%)-3.6C,7.953744040285152,,{},0
M1_huber,reference,42,3,6,5.4C(60%)-3C;6C(40%)-3.6C;7C(30%)-3.6C,5.60416768261055,,{},0
M1_huber,reference,42,4,5,5.4C(50%)-3C;5.4C(80%)-5.4C;7C(40%)-3C,4.9483166821165225,,{},0
M1_huber,reference,43,0,6,6C(40%)-3.6C;6C(50%)-3C;7C(40%)-3.6C,5.944473098312961,,{},0
M1_huber,reference,43,1,5,5.4C(40%)-3.6C;5.4C(80%)-5.4C;8C(25%)-3.6C,3.997517958200906,,{},0
M1_huber,reference,43,2,5,5.4C(50%)-3C;6C(40%)-3C;7C(40%)-3C,7.920545875984727,,{},0
M1_huber,reference,43,3,6,5.4C(70%)-3C;7C(30%)-3.6C;8C(15%)-3.6C,6.74166455701139,,{},0
M1_huber,reference,43,4,5,4.4C(80%)-4.4C;4.8C(80%)-4.8C;5.4C(60%)-3C,8.789086313840219,,{},0
M1_huber,reference,44,0,6,5.4C(70%)-3C;5.4C(80%)-5.4C;6C(40%)-3C,8.883171880812938,,{},0
M1_huber,reference,44,1,6,6C(40%)-3.6C;6C(50%)-3C;7C(40%)-3C,4.72679652885532,,{},0
M1_huber,reference,44,2,5,5.4C(40%)-3.6C;7C(30%)-3.6C;8C(25%)-3.6C,4.526398150199123,,{},0
M1_huber,reference,44,3,5,4.4C(80%)-4.4C;7C(40%)-3.6C;8C(15%)-3.6C,5.7789152053747035,,{},0
M1_huber,reference,44,4,5,4.8C(80%)-4.8C;5.4C(50%)-3C;5.4C(60%)-3C,12.082814213635432,,{},0
M1_huber,reference,45,0,6,5.4C(80%)-5.4C;6C(40%)-3C;6C(50%)-3C,7.5227415522396575,,{},0
M1_huber,reference,45,1,5,5.4C(40%)-3.6C;6C(40%)-3.6C;7C(30%)-3.6C,4.203736521896827,,{},0
M1_huber,reference,45,2,6,4.8C(80%)-4.8C;5.4C(60%)-3C;8C(25%)-3.6C,8.175811714212381,,{},0
M1_huber,reference,45,3,5,4.4C(80%)-4.4C;5.4C(70%)-3C;8C(15%)-3.6C,7.373992128134713,,{},0
M1_huber,reference,45,4,5,5.4C(50%)-3C;7C(40%)-3.6C;7C(40%)-3C,4.954656113188072,,{},0
M1_huber,reference,46,0,6,4.8C(80%)-4.8C;5.4C(80%)-5.4C;7C(40%)-3C,9.580058824937467,,{},0
M1_huber,reference,46,1,5,4.4C(80%)-4.4C;6C(40%)-3.6C;7C(40%)-3.6C,4.3962556361056215,,{},0
M1_huber,reference,46,2,5,5.4C(40%)-3.6C;6C(50%)-3C;8C(25%)-3.6C,5.875389239016266,,{},0
M1_huber,reference,46,3,5,5.4C(50%)-3C;5.4C(60%)-3C;7C(30%)-3.6C,13.586775004590109,,{},0
M1_huber,reference,46,4,6,5.4C(70%)-3C;6C(40%)-3C;8C(15%)-3.6C,9.492618914815274,,{},0
M1_huber,reference,47,0,5,5.4C(40%)-3.6C;5.4C(60%)-3C;5.4C(70%)-3C,7.613021438568049,,{},0
M1_huber,reference,47,1,6,4.8C(80%)-4.8C;7C(30%)-3.6C;8C(15%)-3.6C,9.061137979594818,,{},0
M1_huber,reference,47,2,5,4.4C(80%)-4.4C;6C(50%)-3C;7C(40%)-3C,6.100031180325302,,{},0
M1_huber,reference,47,3,5,5.4C(50%)-3C;6C(40%)-3C;7C(40%)-3.6C,8.222746556132112,,{},0
M1_huber,reference,47,4,6,5.4C(80%)-5.4C;6C(40%)-3.6C;8C(25%)-3.6C,2.425939210780877,,{},0
M1_huber,reference,48,0,6,6C(40%)-3.6C;7C(40%)-3C;8C(15%)-3.6C,3.7490448091233524,,{},0
M1_huber,reference,48,1,6,5.4C(70%)-3C;6C(50%)-3C;7C(40%)-3.6C,8.990484342504356,,{},0
M1_huber,reference,48,2,5,5.4C(40%)-3.6C;5.4C(80%)-5.4C;6C(40%)-3C,7.133480664793683,,{},0
M1_huber,reference,48,3,6,5.4C(60%)-3C;7C(30%)-3.6C;8C(25%)-3.6C,6.369033005118727,,{},0
M1_huber,reference,48,4,4,4.4C(80%)-4.4C;4.8C(80%)-4.8C;5.4C(50%)-3C,8.384690897922559,,{},0
M1_huber,reference,49,0,4,4.4C(80%)-4.4C;5.4C(50%)-3C;7C(40%)-3C,4.3758323802708485,,{},0
M1_huber,reference,49,1,6,4.8C(80%)-4.8C;6C(40%)-3.6C;8C(25%)-3.6C,6.597495508917158,,{},0
M1_huber,reference,49,2,5,5.4C(40%)-3.6C;6C(50%)-3C;7C(40%)-3.6C,7.444928868363087,,{},0
M1_huber,reference,49,3,6,5.4C(60%)-3C;5.4C(70%)-3C;5.4C(80%)-5.4C,6.363167807067621,,{},0
M1_huber,reference,49,4,6,6C(40%)-3C;7C(30%)-3.6C;8C(15%)-3.6C,7.861707040789688,,{},0
M1_huber,reference,50,0,6,7C(30%)-3.6C;7C(40%)-3C;8C(15%)-3.6C,5.80881448554635,,{},0
M1_huber,reference,50,1,4,5.4C(40%)-3.6C;5.4C(50%)-3C;6C(40%)-3C,8.512328701015543,,{},0
M1_huber,reference,50,2,6,5.4C(70%)-3C;6C(40%)-3.6C;6C(50%)-3C,8.249055621399945,,{},0
M1_huber,reference,50,3,6,4.8C(80%)-4.8C;5.4C(60%)-3C;5.4C(80%)-5.4C,8.351914428650522,,{},0
M1_huber,reference,50,4,5,4.4C(80%)-4.4C;7C(40%)-3.6C;8C(25%)-3.6C,5.033681759626938,,{},0
M1_huber,reference,51,0,4,5.4C(40%)-3.6C;5.4C(50%)-3C;6C(40%)-3C,8.512328701015543,,{},0
M1_huber,reference,51,1,6,4.8C(80%)-4.8C;5.4C(60%)-3C;6C(40%)-3.6C,7.1578396575878624,,{},0
M1_huber,reference,51,2,6,5.4C(80%)-5.4C;7C(30%)-3.6C;7C(40%)-3.6C,5.063393734433124,,{},0
M1_huber,reference,51,3,5,4.4C(80%)-4.4C;7C(40%)-3C;8C(15%)-3.6C,5.071956453458618,,{},0
M1_huber,reference,51,4,6,5.4C(70%)-3C;6C(50%)-3C;8C(25%)-3.6C,7.69806697467472,,{},0
M1_huber,reference,52,0,6,4.8C(80%)-4.8C;5.4C(60%)-3C;6C(40%)-3C,11.345399510382444,,{},0
M1_huber,reference,52,1,5,5.4C(50%)-3C;6C(50%)-3C;7C(30%)-3.6C,6.831752164586467,,{},0
M1_huber,reference,52,2,4,4.4C(80%)-4.4C;5.4C(40%)-3.6C;8C(25%)-3.6C,4.606934501353008,,{},0
M1_huber,reference,52,3,6,5.4C(80%)-5.4C;6C(40%)-3.6C;8C(15%)-3.6C,3.340099903581823,,{},0
M1_huber,reference,52,4,6,5.4C(70%)-3C;7C(40%)-3.6C;7C(40%)-3C,6.790819140426714,,{},0
M1_huber,reference,53,0,5,5.4C(50%)-3C;6C(40%)-3.6C;7C(40%)-3.6C,3.726525012089538,,{},0
M1_huber,reference,53,1,6,4.8C(80%)-4.8C;7C(30%)-3.6C;8C(25%)-3.6C,8.499873652630658,,{},0
M1_huber,reference,53,2,4,4.4C(80%)-4.4C;5.4C(40%)-3.6C;6C(40%)-3C,9.338083275792194,,{},0
M1_huber,reference,53,3,6,5.4C(60%)-3C;5.4C(80%)-5.4C;7C(40%)-3C,6.260325103087745,,{},0
M1_huber,reference,53,4,6,5.4C(70%)-3C;6C(50%)-3C;8C(15%)-3.6C,8.341553058277713,,{},0
M1_huber,reference,54,0,5,5.4C(50%)-3C;8C(15%)-3.6C;8C(25%)-3.6C,3.4195370142265427,,{},0
M1_huber,reference,54,1,6,5.4C(60%)-3C;5.4C(80%)-5.4C;7C(30%)-3.6C,6.684807863894811,,{},0
M1_huber,reference,54,2,6,6C(50%)-3C;7C(40%)-3.6C;7C(40%)-3C,5.959438743505439,,{},0
M1_huber,reference,54,3,5,4.4C(80%)-4.4C;4.8C(80%)-4.8C;6C(40%)-3C,11.367301008733504,,{},0
M1_huber,reference,54,4,5,5.4C(40%)-3.6C;5.4C(70%)-3C;6C(40%)-3.6C,7.015358685063081,,{},0
M1_huber,reference,55,0,6,5.4C(60%)-3C;5.4C(80%)-5.4C;7C(40%)-3.6C,5.106306581421293,,{},0
M1_huber,reference,55,1,4,4.4C(80%)-4.4C;5.4C(40%)-3.6C;6C(50%)-3C,8.835920815813136,,{},0
M1_huber,reference,55,2,5,4.8C(80%)-4.8C;5.4C(50%)-3C;8C(25%)-3.6C,8.07152841251569,,{},0
M1_huber,reference,55,3,6,5.4C(70%)-3C;6C(40%)-3C;7C(40%)-3C,8.658559847382087,,{},0
M1_huber,reference,55,4,6,6C(40%)-3.6C;7C(30%)-3.6C;8C(15%)-3.6C,4.076324287692349,,{},0
M1_huber,reference,56,0,6,6C(40%)-3C;7C(40%)-3C;8C(25%)-3.6C,6.729915126999583,,{},0
M1_huber,reference,56,1,5,4.8C(80%)-4.8C;5.4C(50%)-3C;7C(40%)-3.6C,9.501368239032706,,{},0
M1_huber,reference,56,2,6,5.4C(80%)-5.4C;6C(40%)-3.6C;8C(15%)-3.6C,3.340099903581823,,{},0
M1_huber,reference,56,3,5,5.4C(40%)-3.6C;6C(50%)-3C;7C(30%)-3.6C,6.599546509071062,,{},0
M1_huber,reference,56,4,5,4.4C(80%)-4.4C;5.4C(60%)-3C;5.4C(70%)-3C,7.166379439791657,,{},0
M1_huber,reference,57,0,6,5.4C(60%)-3C;7C(30%)-3.6C;7C(40%)-3C,7.848606427059396,,{},0
M1_huber,reference,57,1,4,4.4C(80%)-4.4C;5.4C(50%)-3C;8C(15%)-3.6C,4.084026296544869,,{},0
M1_huber,reference,57,2,6,4.8C(80%)-4.8C;6C(40%)-3.6C;6C(50%)-3C,7.175006431555507,,{},0
M1_huber,reference,57,3,5,5.4C(40%)-3.6C;6C(40%)-3C;7C(40%)-3.6C,8.735363860413756,,{},0
M1_huber,reference,57,4,6,5.4C(70%)-3C;5.4C(80%)-5.4C;8C(25%)-3.6C,6.161654694152657,,{},0
M1_huber,reference,58,0,6,5.4C(80%)-5.4C;6C(40%)-3C;7C(40%)-3.6C,7.42956323340212,,{},0
M1_huber,reference,58,1,5,5.4C(40%)-3.6C;7C(30%)-3.6C;8C(15%)-3.6C,5.448676642167252,,{},0
M1_huber,reference,58,2,6,4.8C(80%)-4.8C;5.4C(60%)-3C;7C(40%)-3C,9.450559445716351,,{},0
M1_huber,reference,58,3,6,5.4C(70%)-3C;6C(50%)-3C;8C(25%)-3.6C,7.69806697467472,,{},0
M1_huber,reference,58,4,4,4.4C(80%)-4.4C;5.4C(50%)-3C;6C(40%)-3.6C,2.783346935714255,,{},0
M1_huber,reference,59,0,5,5.4C(40%)-3.6C;7C(30%)-3.6C;8C(25%)-3.6C,4.526398150199123,,{},0
M1_huber,reference,59,1,6,5.4C(60%)-3C;5.4C(80%)-5.4C;6C(40%)-3C,7.124554586143643,,{},0
M1_huber,reference,59,2,4,4.4C(80%)-4.4C;5.4C(50%)-3C;8C(15%)-3.6C,4.084026296544869,,{},0
M1_huber,reference,59,3,6,5.4C(70%)-3C;6C(50%)-3C;7C(40%)-3.6C,8.990484342504356,,{},0
M1_huber,reference,59,4,6,4.8C(80%)-4.8C;6C(40%)-3.6C;7C(40%)-3C,7.150265470642315,,{},0
M1_huber,reference,60,0,6,5.4C(70%)-3C;7C(40%)-3.6C;7C(40%)-3C,6.790819140426714,,{},0
M1_huber,reference,60,1,5,4.4C(80%)-4.4C;5.4C(60%)-3C;6C(40%)-3.6C,4.310471872260045,,{},0
M1_huber,reference,60,2,5,5.4C(40%)-3.6C;6C(50%)-3C;8C(25%)-3.6C,5.875389239016266,,{},0
M1_huber,reference,60,3,5,5.4C(50%)-3C;6C(40%)-3C;7C(30%)-3.6C,9.432815339156845,,{},0
M1_huber,reference,60,4,6,4.8C(80%)-4.8C;5.4C(80%)-5.4C;8C(15%)-3.6C,7.893178945925518,,{},0
M1_huber,reference,61,0,6,6C(50%)-3C;7C(30%)-3.6C;7C(40%)-3.6C,6.418001016666509,,{},0
M1_huber,reference,61,1,6,5.4C(60%)-3C;5.4C(80%)-5.4C;8C(25%)-3.6C,4.455169166775966,,{},0
M1_huber,reference,61,2,6,5.4C(70%)-3C;6C(40%)-3.6C;6C(40%)-3C,8.507331286636582,,{},0
M1_huber,reference,61,3,5,4.4C(80%)-4.4C;4.8C(80%)-4.8C;7C(40%)-3C,8.788026259968298,,{},0
M1_huber,reference,61,4,4,5.4C(40%)-3.6C;5.4C(50%)-3C;8C(15%)-3.6C,4.738216441847503,,{},0
M2,candidate,42,0,5,4.4C(80%)-4.4C;6C(50%)-3C;7C(40%)-3.6C,6.87218119244329,7.5484784734699195,"{""model__alpha"": 0.008531678524172805, ""model__l1_ratio"": 0.3}",0
M2,candidate,42,1,6,5.4C(70%)-3C;6C(40%)-3C;8C(15%)-3.6C,12.559337588689793,5.487646839438956,"{""model__alpha"": 0.008531678524172805, ""model__l1_ratio"": 0.7}",0
M2,candidate,42,2,5,4.8C(80%)-4.8C;5.4C(40%)-3.6C;8C(25%)-3.6C,10.308895492446275,6.295643346126913,"{""model__alpha"": 0.0017433288221999873, ""model__l1_ratio"": 1.0}",0
M2,candidate,42,3,6,5.4C(60%)-3C;6C(40%)-3.6C;7C(30%)-3.6C,5.408905301711125,8.651704935037431,"{""model__alpha"": 0.0032903445623126675, ""model__l1_ratio"": 1.0}",0
M2,candidate,42,4,5,5.4C(50%)-3C;5.4C(80%)-5.4C;7C(40%)-3C,9.529063883367812,8.498945456651843,"{""model__alpha"": 0.01610262027560939, ""model__l1_ratio"": 0.7}",0
M2,candidate,43,0,6,6C(40%)-3.6C;6C(50%)-3C;7C(40%)-3.6C,4.981380601436496,7.316392795311341,"{""model__alpha"": 0.002395026619987486, ""model__l1_ratio"": 1.0}",0
M2,candidate,43,1,5,5.4C(40%)-3.6C;5.4C(80%)-5.4C;8C(25%)-3.6C,13.890292055363568,6.520220198530652,"{""model__alpha"": 0.0032903445623126675, ""model__l1_ratio"": 0.9}",0
M2,candidate,43,2,5,5.4C(50%)-3C;6C(40%)-3C;7C(40%)-3C,8.941686543169789,8.468472188349839,"{""model__alpha"": 0.011721022975334805, ""model__l1_ratio"": 0.9}",0
M2,candidate,43,3,6,5.4C(70%)-3C;7C(30%)-3.6C;8C(15%)-3.6C,10.880813534672708,7.672124115012153,"{""model__alpha"": 0.008531678524172805, ""model__l1_ratio"": 1.0}",0
M2,candidate,43,4,5,4.4C(80%)-4.4C;4.8C(80%)-4.8C;5.4C(60%)-3C,8.926013954333726,7.384945077581449,"{""model__alpha"": 0.0017433288221999873, ""model__l1_ratio"": 1.0}",0
M2,candidate,44,0,6,5.4C(70%)-3C;5.4C(80%)-5.4C;6C(40%)-3C,20.96585905855749,6.054368034963789,"{""model__alpha"": 0.006210169418915616, ""model__l1_ratio"": 0.3}",0
M2,candidate,44,1,6,6C(40%)-3.6C;6C(50%)-3C;7C(40%)-3C,7.364079311151615,8.480475663060979,"{""model__alpha"": 0.011721022975334805, ""model__l1_ratio"": 1.0}",0
M2,candidate,44,2,5,5.4C(40%)-3.6C;7C(30%)-3.6C;8C(25%)-3.6C,14.430491547953714,5.8636515546546075,"{""model__alpha"": 0.0017433288221999873, ""model__l1_ratio"": 0.9}",0
M2,candidate,44,3,5,4.4C(80%)-4.4C;7C(40%)-3.6C;8C(15%)-3.6C,5.4841508041344245,7.615667842315998,"{""model__alpha"": 0.011721022975334805, ""model__l1_ratio"": 0.3}",0
M2,candidate,44,4,5,4.8C(80%)-4.8C;5.4C(50%)-3C;5.4C(60%)-3C,13.104156045086263,6.400930528157853,"{""model__alpha"": 0.002395026619987486, ""model__l1_ratio"": 0.7}",0
M2,candidate,45,0,6,5.4C(80%)-5.4C;6C(40%)-3C;6C(50%)-3C,13.516686152037085,7.094609587511597,"{""model__alpha"": 0.0032903445623126675, ""model__l1_ratio"": 0.1}",0
M2,candidate,45,1,5,5.4C(40%)-3.6C;6C(40%)-3.6C;7C(30%)-3.6C,8.019137772444369,7.313661593074739,"{""model__alpha"": 0.006210169418915616, ""model__l1_ratio"": 0.9}",0
M2,candidate,45,2,6,4.8C(80%)-4.8C;5.4C(60%)-3C;8C(25%)-3.6C,8.59233571839464,7.173136618248595,"{""model__alpha"": 0.0017433288221999873, ""model__l1_ratio"": 1.0}",0
M2,candidate,45,3,5,4.4C(80%)-4.4C;5.4C(70%)-3C;8C(15%)-3.6C,11.436183697900356,7.207909441605144,"{""model__alpha"": 0.041753189365604, ""model__l1_ratio"": 0.1}",0
M2,candidate,45,4,5,5.4C(50%)-3C;7C(40%)-3.6C;7C(40%)-3C,6.9026314117545535,9.84317906143146,"{""model__alpha"": 0.008531678524172805, ""model__l1_ratio"": 0.9}",0
M2,candidate,46,0,6,4.8C(80%)-4.8C;5.4C(80%)-5.4C;7C(40%)-3C,13.801801196241634,6.763721656512704,"{""model__alpha"": 0.05736152510448681, ""model__l1_ratio"": 0.1}",0
M2,candidate,46,1,5,4.4C(80%)-4.4C;6C(40%)-3.6C;7C(40%)-3.6C,5.468492900942295,8.451943793036527,"{""model__alpha"": 0.008531678524172805, ""model__l1_ratio"": 0.9}",0
M2,candidate,46,2,5,5.4C(40%)-3.6C;6C(50%)-3C;8C(25%)-3.6C,9.157307469848858,6.7422826807204626,"{""model__alpha"": 0.0012689610031679222, ""model__l1_ratio"": 1.0}",0
M2,candidate,46,3,5,5.4C(50%)-3C;5.4C(60%)-3C;7C(30%)-3.6C,15.08963927890088,7.578223868655499,"{""model__alpha"": 0.011721022975334805, ""model__l1_ratio"": 1.0}",0
M2,candidate,46,4,6,5.4C(70%)-3C;6C(40%)-3C;8C(15%)-3.6C,12.559337588689793,5.487646839438956,"{""model__alpha"": 0.008531678524172805, ""model__l1_ratio"": 0.7}",0
M2,candidate,47,0,5,5.4C(40%)-3.6C;5.4C(60%)-3C;5.4C(70%)-3C,9.34040849992113,8.086003746731887,"{""model__alpha"": 0.006210169418915616, ""model__l1_ratio"": 1.0}",0
M2,candidate,47,1,6,4.8C(80%)-4.8C;7C(30%)-3.6C;8C(15%)-3.6C,9.06755691773549,8.380119826225663,"{""model__alpha"": 0.0009236708571873865, ""model__l1_ratio"": 0.7}",0
M2,candidate,47,2,5,4.4C(80%)-4.4C;6C(50%)-3C;7C(40%)-3C,9.083994435233027,7.492204655814246,"{""model__alpha"": 0.0032903445623126675, ""model__l1_ratio"": 0.9}",0
M2,candidate,47,3,5,5.4C(50%)-3C;6C(40%)-3C;7C(40%)-3.6C,8.100792441442517,8.989179439903726,"{""model__alpha"": 0.0017433288221999873, ""model__l1_ratio"": 0.9}",0
M2,candidate,47,4,6,5.4C(80%)-5.4C;6C(40%)-3.6C;8C(25%)-3.6C,7.078701650295953,9.169551665749474,"{""model__alpha"": 0.011721022975334805, ""model__l1_ratio"": 1.0}",0
M2,candidate,48,0,6,6C(40%)-3.6C;7C(40%)-3C;8C(15%)-3.6C,6.189533571101757,9.463356685855883,"{""model__alpha"": 0.0012689610031679222, ""model__l1_ratio"": 1.0}",0
M2,candidate,48,1,6,5.4C(70%)-3C;6C(50%)-3C;7C(40%)-3.6C,11.21785752870909,6.004145086284749,"{""model__alpha"": 0.0032903445623126675, ""model__l1_ratio"": 0.9}",0
M2,candidate,48,2,5,5.4C(40%)-3.6C;5.4C(80%)-5.4C;6C(40%)-3C,10.410046105847567,8.097130077565485,"{""model__alpha"": 0.006210169418915616, ""model__l1_ratio"": 0.1}",0
M2,candidate,48,3,6,5.4C(60%)-3C;7C(30%)-3.6C;8C(25%)-3.6C,8.168696152188124,11.080116814935979,"{""model__alpha"": 0.004520353656360241, ""model__l1_ratio"": 0.9}",0
M2,candidate,48,4,4,4.4C(80%)-4.4C;4.8C(80%)-4.8C;5.4C(50%)-3C,7.884089869456565,8.214520062407352,"{""model__alpha"": 0.0017433288221999873, ""model__l1_ratio"": 0.9}",0
M2,candidate,49,0,4,4.4C(80%)-4.4C;5.4C(50%)-3C;7C(40%)-3C,9.75023860138286,9.111398313452241,"{""model__alpha"": 0.03039195382313198, ""model__l1_ratio"": 0.3}",0
M2,candidate,49,1,6,4.8C(80%)-4.8C;6C(40%)-3.6C;8C(25%)-3.6C,6.008079048275999,9.008991997159434,"{""model__alpha"": 0.008531678524172805, ""model__l1_ratio"": 1.0}",0
M2,candidate,49,2,5,5.4C(40%)-3.6C;6C(50%)-3C;7C(40%)-3.6C,7.244413196887738,6.60397862014325,"{""model__alpha"": 0.008531678524172805, ""model__l1_ratio"": 0.3}",0
M2,candidate,49,3,6,5.4C(60%)-3C;5.4C(70%)-3C;5.4C(80%)-5.4C,15.872857251302671,7.8110673783075555,"{""model__alpha"": 0.006210169418915616, ""model__l1_ratio"": 0.9}",0
M2,candidate,49,4,6,6C(40%)-3C;7C(30%)-3.6C;8C(15%)-3.6C,8.400541909149691,7.084702188504001,"{""model__alpha"": 0.0017433288221999873, ""model__l1_ratio"": 1.0}",0
M2,candidate,50,0,6,7C(30%)-3.6C;7C(40%)-3C;8C(15%)-3.6C,9.090782555452986,8.60538243656499,"{""model__alpha"": 0.008531678524172805, ""model__l1_ratio"": 0.3}",0
M2,candidate,50,1,4,5.4C(40%)-3.6C;5.4C(50%)-3C;6C(40%)-3C,13.178467856261719,6.145140305957435,"{""model__alpha"": 0.002395026619987486, ""model__l1_ratio"": 0.1}",0
M2,candidate,50,2,6,5.4C(70%)-3C;6C(40%)-3.6C;6C(50%)-3C,9.342363763383544,6.5366986642881955,"{""model__alpha"": 0.004520353656360241, ""model__l1_ratio"": 0.9}",0
M2,candidate,50,3,6,4.8C(80%)-4.8C;5.4C(60%)-3C;5.4C(80%)-5.4C,10.11124776802035,7.236645827792,"{""model__alpha"": 0.008531678524172805, ""model__l1_ratio"": 1.0}",0
M2,candidate,50,4,5,4.4C(80%)-4.4C;7C(40%)-3.6C;8C(25%)-3.6C,5.112675326702091,8.272168018823544,"{""model__alpha"": 0.006210169418915616, ""model__l1_ratio"": 0.5}",0
M2,candidate,51,0,4,5.4C(40%)-3.6C;5.4C(50%)-3C;6C(40%)-3C,13.178467856261719,6.145140305957435,"{""model__alpha"": 0.002395026619987486, ""model__l1_ratio"": 0.1}",0
M2,candidate,51,1,6,4.8C(80%)-4.8C;5.4C(60%)-3C;6C(40%)-3.6C,7.768785414702283,9.318156841901647,"{""model__alpha"": 0.011721022975334805, ""model__l1_ratio"": 0.9}",0
M2,candidate,51,2,6,5.4C(80%)-5.4C;7C(30%)-3.6C;7C(40%)-3.6C,6.584556597749877,7.032962034110451,"{""model__alpha"": 0.004520353656360241, ""model__l1_ratio"": 1.0}",0
M2,candidate,51,3,5,4.4C(80%)-4.4C;7C(40%)-3C;8C(15%)-3.6C,8.330453222138487,8.662615039018128,"{""model__alpha"": 0.006210169418915616, ""model__l1_ratio"": 1.0}",0
M2,candidate,51,4,6,5.4C(70%)-3C;6C(50%)-3C;8C(25%)-3.6C,10.07812696061467,7.8541881898864885,"{""model__alpha"": 0.03039195382313198, ""model__l1_ratio"": 0.3}",0
M2,candidate,52,0,6,4.8C(80%)-4.8C;5.4C(60%)-3C;6C(40%)-3C,10.972035182219615,6.462376763960659,"{""model__alpha"": 0.0032903445623126675, ""model__l1_ratio"": 1.0}",0
M2,candidate,52,1,5,5.4C(50%)-3C;6C(50%)-3C;7C(30%)-3.6C,7.112014292259225,8.745504432530659,"{""model__alpha"": 0.006210169418915616, ""model__l1_ratio"": 1.0}",0
M2,candidate,52,2,4,4.4C(80%)-4.4C;5.4C(40%)-3.6C;8C(25%)-3.6C,9.81831717908479,7.421063153810908,"{""model__alpha"": 0.002395026619987486, ""model__l1_ratio"": 0.7}",0
M2,candidate,52,3,6,5.4C(80%)-5.4C;6C(40%)-3.6C;8C(15%)-3.6C,7.832226052655393,8.090750406367446,"{""model__alpha"": 0.011721022975334805, ""model__l1_ratio"": 0.9}",0
M2,candidate,52,4,6,5.4C(70%)-3C;7C(40%)-3.6C;7C(40%)-3C,11.296114821582469,7.905524983400834,"{""model__alpha"": 0.02212216291070448, ""model__l1_ratio"": 0.1}",0
M2,candidate,53,0,5,5.4C(50%)-3C;6C(40%)-3.6C;7C(40%)-3.6C,3.1630327047786815,8.910696547284486,"{""model__alpha"": 0.008531678524172805, ""model__l1_ratio"": 0.3}",0
M2,candidate,53,1,6,4.8C(80%)-4.8C;7C(30%)-3.6C;8C(25%)-3.6C,8.989392716768135,8.671387153684327,"{""model__alpha"": 0.004520353656360241, ""model__l1_ratio"": 0.3}",0
M2,candidate,53,2,4,4.4C(80%)-4.4C;5.4C(40%)-3.6C;6C(40%)-3C,11.28681454596574,6.829668793043142,"{""model__alpha"": 0.004520353656360241, ""model__l1_ratio"": 0.1}",0
M2,candidate,53,3,6,5.4C(60%)-3C;5.4C(80%)-5.4C;7C(40%)-3C,9.906321313200133,8.22892604697386,"{""model__alpha"": 0.011721022975334805, ""model__l1_ratio"": 1.0}",0
M2,candidate,53,4,6,5.4C(70%)-3C;6C(50%)-3C;8C(15%)-3.6C,11.511015689820162,6.821624002519665,"{""model__alpha"": 0.008531678524172805, ""model__l1_ratio"": 1.0}",0
M2,candidate,54,0,5,5.4C(50%)-3C;8C(15%)-3.6C;8C(25%)-3.6C,5.405245156491595,11.428917880145558,"{""model__alpha"": 0.07880462815669913, ""model__l1_ratio"": 0.1}",0
M2,candidate,54,1,6,5.4C(60%)-3C;5.4C(80%)-5.4C;7C(30%)-3.6C,11.20070311326805,8.566233082243752,"{""model__alpha"": 0.01610262027560939, ""model__l1_ratio"": 1.0}",0
M2,candidate,54,2,6,6C(50%)-3C;7C(40%)-3.6C;7C(40%)-3C,6.145515133609996,8.218206230883915,"{""model__alpha"": 0.0032903445623126675, ""model__l1_ratio"": 0.9}",0
M2,candidate,54,3,5,4.4C(80%)-4.4C;4.8C(80%)-4.8C;6C(40%)-3C,10.989863685793337,6.044989149335811,"{""model__alpha"": 0.004520353656360241, ""model__l1_ratio"": 0.9}",0
M2,candidate,54,4,5,5.4C(40%)-3.6C;5.4C(70%)-3C;6C(40%)-3.6C,9.313413407465427,7.355652853626163,"{""model__alpha"": 0.008531678524172805, ""model__l1_ratio"": 0.9}",0
M2,candidate,55,0,6,5.4C(60%)-3C;5.4C(80%)-5.4C;7C(40%)-3.6C,9.908608487906275,8.56078946322191,"{""model__alpha"": 0.01610262027560939, ""model__l1_ratio"": 1.0}",0
M2,candidate,55,1,4,4.4C(80%)-4.4C;5.4C(40%)-3.6C;6C(50%)-3C,8.018468833021846,8.054768444047825,"{""model__alpha"": 0.0012689610031679222, ""model__l1_ratio"": 1.0}",0
M2,candidate,55,2,5,4.8C(80%)-4.8C;5.4C(50%)-3C;8C(25%)-3.6C,7.2407977752532355,8.068127991299937,"{""model__alpha"": 0.0017433288221999873, ""model__l1_ratio"": 0.9}",0
M2,candidate,55,3,6,5.4C(70%)-3C;6C(40%)-3C;7C(40%)-3C,16.090128878395102,5.3349603090559565,"{""model__alpha"": 0.02212216291070448, ""model__l1_ratio"": 0.1}",0
M2,candidate,55,4,6,6C(40%)-3.6C;7C(30%)-3.6C;8C(15%)-3.6C,4.969706760232107,9.124604798794632,"{""model__alpha"": 0.008531678524172805, ""model__l1_ratio"": 0.9}",0
M2,candidate,56,0,6,6C(40%)-3C;7C(40%)-3C;8C(25%)-3.6C,8.826469199644771,10.361287392713436,"{""model__alpha"": 0.0032903445623126675, ""model__l1_ratio"": 0.9}",0
M2,candidate,56,1,5,4.8C(80%)-4.8C;5.4C(50%)-3C;7C(40%)-3.6C,8.717399500028387,7.369499317286528,"{""model__alpha"": 0.0032903445623126675, ""model__l1_ratio"": 0.9}",0
M2,candidate,56,2,6,5.4C(80%)-5.4C;6C(40%)-3.6C;8C(15%)-3.6C,7.832226052655393,8.090750406367446,"{""model__alpha"": 0.011721022975334805, ""model__l1_ratio"": 0.9}",0
M2,candidate,56,3,5,5.4C(40%)-3.6C;6C(50%)-3C;7C(30%)-3.6C,8.905089208448915,7.521681898804843,"{""model__alpha"": 0.004520353656360241, ""model__l1_ratio"": 1.0}",0
M2,candidate,56,4,5,4.4C(80%)-4.4C;5.4C(60%)-3C;5.4C(70%)-3C,10.418307312644666,7.795020000149709,"{""model__alpha"": 0.011721022975334805, ""model__l1_ratio"": 0.5}",0
M2,candidate,57,0,6,5.4C(60%)-3C;7C(30%)-3.6C;7C(40%)-3C,8.422053546168584,9.440523409923589,"{""model__alpha"": 0.006210169418915616, ""model__l1_ratio"": 0.9}",0
M2,candidate,57,1,4,4.4C(80%)-4.4C;5.4C(50%)-3C;8C(15%)-3.6C,4.851590905636548,9.156384964234954,"{""model__alpha"": 0.03039195382313198, ""model__l1_ratio"": 0.1}",0
M2,candidate,57,2,6,4.8C(80%)-4.8C;6C(40%)-3.6C;6C(50%)-3C,8.281510336112998,9.681019877427424,"{""model__alpha"": 0.011721022975334805, ""model__l1_ratio"": 1.0}",0
M2,candidate,57,3,5,5.4C(40%)-3.6C;6C(40%)-3C;7C(40%)-3.6C,9.2982879447793,6.298412538244066,"{""model__alpha"": 0.0017433288221999873, ""model__l1_ratio"": 0.9}",0
M2,candidate,57,4,6,5.4C(70%)-3C;5.4C(80%)-5.4C;8C(25%)-3.6C,14.503168740436209,8.148081472681673,"{""model__alpha"": 0.008531678524172805, ""model__l1_ratio"": 1.0}",0
M2,candidate,58,0,6,5.4C(80%)-5.4C;6C(40%)-3C;7C(40%)-3.6C,9.330990522583205,8.277251433832888,"{""model__alpha"": 0.041753189365604, ""model__l1_ratio"": 0.1}",0
M2,candidate,58,1,5,5.4C(40%)-3.6C;7C(30%)-3.6C;8C(15%)-3.6C,8.344637532139744,7.945196455492638,"{""model__alpha"": 0.002395026619987486, ""model__l1_ratio"": 1.0}",0
M2,candidate,58,2,6,4.8C(80%)-4.8C;5.4C(60%)-3C;7C(40%)-3C,9.866465342019962,7.73844599630875,"{""model__alpha"": 0.004520353656360241, ""model__l1_ratio"": 1.0}",0
M2,candidate,58,3,6,5.4C(70%)-3C;6C(50%)-3C;8C(25%)-3.6C,10.07812696061467,7.8541881898864885,"{""model__alpha"": 0.03039195382313198, ""model__l1_ratio"": 0.3}",0
M2,candidate,58,4,4,4.4C(80%)-4.4C;5.4C(50%)-3C;6C(40%)-3.6C,6.500124092471853,9.456178754759398,"{""model__alpha"": 0.03039195382313198, ""model__l1_ratio"": 0.3}",0
M2,candidate,59,0,5,5.4C(40%)-3.6C;7C(30%)-3.6C;8C(25%)-3.6C,14.430491547953714,5.8636515546546075,"{""model__alpha"": 0.0017433288221999873, ""model__l1_ratio"": 0.9}",0
M2,candidate,59,1,6,5.4C(60%)-3C;5.4C(80%)-5.4C;6C(40%)-3C,10.004693352336682,8.728431573936195,"{""model__alpha"": 0.01610262027560939, ""model__l1_ratio"": 0.9}",0
M2,candidate,59,2,4,4.4C(80%)-4.4C;5.4C(50%)-3C;8C(15%)-3.6C,4.851590905636548,9.156384964234954,"{""model__alpha"": 0.03039195382313198, ""model__l1_ratio"": 0.1}",0
M2,candidate,59,3,6,5.4C(70%)-3C;6C(50%)-3C;7C(40%)-3.6C,11.21785752870909,6.004145086284749,"{""model__alpha"": 0.0032903445623126675, ""model__l1_ratio"": 0.9}",0
M2,candidate,59,4,6,4.8C(80%)-4.8C;6C(40%)-3.6C;7C(40%)-3C,7.195808696145267,9.391716948262417,"{""model__alpha"": 0.008531678524172805, ""model__l1_ratio"": 1.0}",0
M2,candidate,60,0,6,5.4C(70%)-3C;7C(40%)-3.6C;7C(40%)-3C,11.296114821582469,7.905524983400834,"{""model__alpha"": 0.02212216291070448, ""model__l1_ratio"": 0.1}",0
M2,candidate,60,1,5,4.4C(80%)-4.4C;5.4C(60%)-3C;6C(40%)-3.6C,6.236493693916041,10.462987831759294,"{""model__alpha"": 0.008531678524172805, ""model__l1_ratio"": 1.0}",0
M2,candidate,60,2,5,5.4C(40%)-3.6C;6C(50%)-3C;8C(25%)-3.6C,9.157307469848858,6.7422826807204626,"{""model__alpha"": 0.0012689610031679222, ""model__l1_ratio"": 1.0}",0
M2,candidate,60,3,5,5.4C(50%)-3C;6C(40%)-3C;7C(30%)-3.6C,9.08951408147565,9.074842498156148,"{""model__alpha"": 0.008531678524172805, ""model__l1_ratio"": 0.1}",0
M2,candidate,60,4,6,4.8C(80%)-4.8C;5.4C(80%)-5.4C;8C(15%)-3.6C,9.589278661519492,6.842103984680984,"{""model__alpha"": 0.008531678524172805, ""model__l1_ratio"": 1.0}",0
M2,candidate,61,0,6,6C(50%)-3C;7C(30%)-3.6C;7C(40%)-3.6C,6.211569025358979,6.491414418171868,"{""model__alpha"": 0.0032903445623126675, ""model__l1_ratio"": 1.0}",0
M2,candidate,61,1,6,5.4C(60%)-3C;5.4C(80%)-5.4C;8C(25%)-3.6C,11.919663250794969,10.280394039429542,"{""model__alpha"": 0.14873521072935117, ""model__l1_ratio"": 0.1}",0
M2,candidate,61,2,6,5.4C(70%)-3C;6C(40%)-3.6C;6C(40%)-3C,12.360056313162888,6.550457877696362,"{""model__alpha"": 0.004520353656360241, ""model__l1_ratio"": 1.0}",0
M2,candidate,61,3,5,4.4C(80%)-4.4C;4.8C(80%)-4.8C;7C(40%)-3C,9.739243706875145,8.168470335266441,"{""model__alpha"": 0.008531678524172805, ""model__l1_ratio"": 0.9}",0
M2,candidate,61,4,4,5.4C(40%)-3.6C;5.4C(50%)-3C;8C(15%)-3.6C,7.253493255492841,6.075676808616243,"{""model__alpha"": 0.008531678524172805, ""model__l1_ratio"": 0.3}",0
M2_discharge,reference,42,0,5,4.4C(80%)-4.4C;6C(50%)-3C;7C(40%)-3.6C,6.392365467682732,6.603147206528841,"{""model__alpha"": 0.004520353656360241, ""model__l1_ratio"": 0.9}",0
M2_discharge,reference,42,1,6,5.4C(70%)-3C;6C(40%)-3C;8C(15%)-3.6C,8.547204637049386,5.226175069418245,"{""model__alpha"": 0.01610262027560939, ""model__l1_ratio"": 0.3}",0
M2_discharge,reference,42,2,5,4.8C(80%)-4.8C;5.4C(40%)-3.6C;8C(25%)-3.6C,9.880593265264823,5.860836965292519,"{""model__alpha"": 0.0032903445623126675, ""model__l1_ratio"": 0.7}",0
M2_discharge,reference,42,3,6,5.4C(60%)-3C;6C(40%)-3.6C;7C(30%)-3.6C,5.289284982022859,7.55617230013943,"{""model__alpha"": 0.0012689610031679222, ""model__l1_ratio"": 0.5}",0
M2_discharge,reference,42,4,5,5.4C(50%)-3C;5.4C(80%)-5.4C;7C(40%)-3C,4.300408728290579,7.483452842426226,"{""model__alpha"": 0.03039195382313198, ""model__l1_ratio"": 0.1}",0
M2_discharge,reference,43,0,6,6C(40%)-3.6C;6C(50%)-3C;7C(40%)-3.6C,5.328660623246765,6.620749687725068,"{""model__alpha"": 0.008531678524172805, ""model__l1_ratio"": 0.5}",0
M2_discharge,reference,43,1,5,5.4C(40%)-3.6C;5.4C(80%)-5.4C;8C(25%)-3.6C,16.22479228533052,5.666539888044925,"{""model__alpha"": 0.0001, ""model__l1_ratio"": 0.1}",0
M2_discharge,reference,43,2,5,5.4C(50%)-3C;6C(40%)-3C;7C(40%)-3C,8.34515240850242,6.105412375438009,"{""model__alpha"": 0.011721022975334805, ""model__l1_ratio"": 0.1}",0
M2_discharge,reference,43,3,6,5.4C(70%)-3C;7C(30%)-3.6C;8C(15%)-3.6C,6.932073974637108,5.970178444748162,"{""model__alpha"": 0.03039195382313198, ""model__l1_ratio"": 0.1}",0
M2_discharge,reference,43,4,5,4.4C(80%)-4.4C;4.8C(80%)-4.8C;5.4C(60%)-3C,8.962132956520009,7.154704211180024,"{""model__alpha"": 0.002395026619987486, ""model__l1_ratio"": 1.0}",0
M2_discharge,reference,44,0,6,5.4C(70%)-3C;5.4C(80%)-5.4C;6C(40%)-3C,8.071417598409282,6.378800681773814,"{""model__alpha"": 0.004520353656360241, ""model__l1_ratio"": 0.9}",0
M2_discharge,reference,44,1,6,6C(40%)-3.6C;6C(50%)-3C;7C(40%)-3C,4.971851319977787,7.301113800365961,"{""model__alpha"": 0.03039195382313198, ""model__l1_ratio"": 0.1}",0
M2_discharge,reference,44,2,5,5.4C(40%)-3.6C;7C(30%)-3.6C;8C(25%)-3.6C,14.107807420525722,5.079042741527231,"{""model__alpha"": 0.004520353656360241, ""model__l1_ratio"": 0.5}",0
M2_discharge,reference,44,3,5,4.4C(80%)-4.4C;7C(40%)-3.6C;8C(15%)-3.6C,4.719733313549988,7.426251400254212,"{""model__alpha"": 0.0032903445623126675, ""model__l1_ratio"": 0.9}",0
M2_discharge,reference,44,4,5,4.8C(80%)-4.8C;5.4C(50%)-3C;5.4C(60%)-3C,12.331333932486855,6.212267042940882,"{""model__alpha"": 0.006210169418915616, ""model__l1_ratio"": 0.3}",0
M2_discharge,reference,45,0,6,5.4C(80%)-5.4C;6C(40%)-3C;6C(50%)-3C,6.487017178116204,6.591161214291622,"{""model__alpha"": 0.0017433288221999873, ""model__l1_ratio"": 0.9}",0
M2_discharge,reference,45,1,5,5.4C(40%)-3.6C;6C(40%)-3.6C;7C(30%)-3.6C,8.295217244828617,7.019623976979673,"{""model__alpha"": 0.004520353656360241, ""model__l1_ratio"": 0.3}",0
M2_discharge,reference,45,2,6,4.8C(80%)-4.8C;5.4C(60%)-3C;8C(25%)-3.6C,8.971808458819067,6.817159415642198,"{""model__alpha"": 0.0032903445623126675, ""model__l1_ratio"": 0.7}",0
M2_discharge,reference,45,3,5,4.4C(80%)-4.4C;5.4C(70%)-3C;8C(15%)-3.6C,6.094786406997406,6.669084809506958,"{""model__alpha"": 0.01610262027560939, ""model__l1_ratio"": 0.1}",0
M2_discharge,reference,45,4,5,5.4C(50%)-3C;7C(40%)-3.6C;7C(40%)-3C,5.595649799997669,7.5499973515179635,"{""model__alpha"": 0.008531678524172805, ""model__l1_ratio"": 0.1}",0
M2_discharge,reference,46,0,6,4.8C(80%)-4.8C;5.4C(80%)-5.4C;7C(40%)-3C,11.189792809678206,6.156094938943411,"{""model__alpha"": 0.01610262027560939, ""model__l1_ratio"": 0.3}",0
M2_discharge,reference,46,1,5,4.4C(80%)-4.4C;6C(40%)-3.6C;7C(40%)-3.6C,3.771547157479338,7.5763440846354815,"{""model__alpha"": 0.03039195382313198, ""model__l1_ratio"": 0.1}",0
M2_discharge,reference,46,2,5,5.4C(40%)-3.6C;6C(50%)-3C;8C(25%)-3.6C,8.787539859181184,5.995687647923312,"{""model__alpha"": 0.006210169418915616, ""model__l1_ratio"": 0.7}",0
M2_discharge,reference,46,3,5,5.4C(50%)-3C;5.4C(60%)-3C;7C(30%)-3.6C,12.773419525098223,6.480298678750296,"{""model__alpha"": 0.006210169418915616, ""model__l1_ratio"": 0.9}",0
M2_discharge,reference,46,4,6,5.4C(70%)-3C;6C(40%)-3C;8C(15%)-3.6C,8.547204637049386,5.226175069418245,"{""model__alpha"": 0.01610262027560939, ""model__l1_ratio"": 0.3}",0
M2_discharge,reference,47,0,5,5.4C(40%)-3.6C;5.4C(60%)-3C;5.4C(70%)-3C,8.8550966755466,7.381268182248593,"{""model__alpha"": 0.0009236708571873865, ""model__l1_ratio"": 1.0}",0
M2_discharge,reference,47,1,6,4.8C(80%)-4.8C;7C(30%)-3.6C;8C(15%)-3.6C,8.242479739679286,6.373062279263138,"{""model__alpha"": 0.002395026619987486, ""model__l1_ratio"": 1.0}",0
M2_discharge,reference,47,2,5,4.4C(80%)-4.4C;6C(50%)-3C;7C(40%)-3C,6.382986514667239,6.649995031595754,"{""model__alpha"": 0.011721022975334805, ""model__l1_ratio"": 0.3}",0
M2_discharge,reference,47,3,5,5.4C(50%)-3C;6C(40%)-3C;7C(40%)-3.6C,7.911011921664815,6.548436796546589,"{""model__alpha"": 0.01610262027560939, ""model__l1_ratio"": 0.1}",0
M2_discharge,reference,47,4,6,5.4C(80%)-5.4C;6C(40%)-3.6C;8C(25%)-3.6C,6.044099295697888,8.134431010014046,"{""model__alpha"": 0.05736152510448681, ""model__l1_ratio"": 0.1}",0
M2_discharge,reference,48,0,6,6C(40%)-3.6C;7C(40%)-3C;8C(15%)-3.6C,4.053943812147985,7.870675634915492,"{""model__alpha"": 0.004520353656360241, ""model__l1_ratio"": 1.0}",0
M2_discharge,reference,48,1,6,5.4C(70%)-3C;6C(50%)-3C;7C(40%)-3.6C,8.011116082616535,5.5994180868445795,"{""model__alpha"": 0.041753189365604, ""model__l1_ratio"": 0.1}",0
M2_discharge,reference,48,2,5,5.4C(40%)-3.6C;5.4C(80%)-5.4C;6C(40%)-3C,10.39615304371704,7.822757432953507,"{""model__alpha"": 0.03039195382313198, ""model__l1_ratio"": 0.1}",0
M2_discharge,reference,48,3,6,5.4C(60%)-3C;7C(30%)-3.6C;8C(25%)-3.6C,8.165988166196493,6.7052162649843225,"{""model__alpha"": 0.011721022975334805, ""model__l1_ratio"": 0.1}",0
M2_discharge,reference,48,4,4,4.4C(80%)-4.4C;4.8C(80%)-4.8C;5.4C(50%)-3C,6.968677613529173,7.678423074486425,"{""model__alpha"": 0.0017433288221999873, ""model__l1_ratio"": 1.0}",0
M2_discharge,reference,49,0,4,4.4C(80%)-4.4C;5.4C(50%)-3C;7C(40%)-3C,4.9413411189543295,7.337625116026484,"{""model__alpha"": 0.008531678524172805, ""model__l1_ratio"": 0.1}",0
M2_discharge,reference,49,1,6,4.8C(80%)-4.8C;6C(40%)-3.6C;8C(25%)-3.6C,5.737218307627839,6.647833544540073,"{""model__alpha"": 0.004520353656360241, ""model__l1_ratio"": 0.9}",0
M2_discharge,reference,49,2,5,5.4C(40%)-3.6C;6C(50%)-3C;7C(40%)-3.6C,7.187656556348133,6.07809128008405,"{""model__alpha"": 0.0032903445623126675, ""model__l1_ratio"": 1.0}",0
M2_discharge,reference,49,3,6,5.4C(60%)-3C;5.4C(70%)-3C;5.4C(80%)-5.4C,7.562785691682998,6.686295556072473,"{""model__alpha"": 0.0032903445623126675, ""model__l1_ratio"": 0.5}",0
M2_discharge,reference,49,4,6,6C(40%)-3C;7C(30%)-3.6C;8C(15%)-3.6C,8.506574736149057,7.68886239150248,"{""model__alpha"": 0.0001, ""model__l1_ratio"": 0.1}",0
M2_discharge,reference,50,0,6,7C(30%)-3.6C;7C(40%)-3C;8C(15%)-3.6C,7.092667861651648,7.418344559335883,"{""model__alpha"": 0.011721022975334805, ""model__l1_ratio"": 0.1}",0
M2_discharge,reference,50,1,4,5.4C(40%)-3.6C;5.4C(50%)-3C;6C(40%)-3C,10.984028748420437,5.689090756497686,"{""model__alpha"": 0.02212216291070448, ""model__l1_ratio"": 0.1}",0
M2_discharge,reference,50,2,6,5.4C(70%)-3C;6C(40%)-3.6C;6C(50%)-3C,7.214941829870241,5.998919517974301,"{""model__alpha"": 0.0032903445623126675, ""model__l1_ratio"": 1.0}",0
M2_discharge,reference,50,3,6,4.8C(80%)-4.8C;5.4C(60%)-3C;5.4C(80%)-5.4C,13.770242353739052,6.7506514652338305,"{""model__alpha"": 0.0004893900918477494, ""model__l1_ratio"": 0.9}",0
M2_discharge,reference,50,4,5,4.4C(80%)-4.4C;7C(40%)-3.6C;8C(25%)-3.6C,4.965428291241447,7.982583621197529,"{""model__alpha"": 0.02212216291070448, ""model__l1_ratio"": 0.1}",0
M2_discharge,reference,51,0,4,5.4C(40%)-3.6C;5.4C(50%)-3C;6C(40%)-3C,10.984028748420437,5.689090756497686,"{""model__alpha"": 0.02212216291070448, ""model__l1_ratio"": 0.1}",0
M2_discharge,reference,51,1,6,4.8C(80%)-4.8C;5.4C(60%)-3C;6C(40%)-3.6C,7.250579191038295,7.740424915426842,"{""model__alpha"": 0.0032903445623126675, ""model__l1_ratio"": 1.0}",0
M2_discharge,reference,51,2,6,5.4C(80%)-5.4C;7C(30%)-3.6C;7C(40%)-3.6C,6.814945172707487,6.82015297651676,"{""model__alpha"": 0.011721022975334805, ""model__l1_ratio"": 0.3}",0
M2_discharge,reference,51,3,5,4.4C(80%)-4.4C;7C(40%)-3C;8C(15%)-3.6C,4.473150483795671,7.638937232598856,"{""model__alpha"": 0.006210169418915616, ""model__l1_ratio"": 0.1}",0
M2_discharge,reference,51,4,6,5.4C(70%)-3C;6C(50%)-3C;8C(25%)-3.6C,6.459328441819631,5.987356689678734,"{""model__alpha"": 0.041753189365604, ""model__l1_ratio"": 0.1}",0
M2_discharge,reference,52,0,6,4.8C(80%)-4.8C;5.4C(60%)-3C;6C(40%)-3C,10.941132087645258,6.049439230669529,"{""model__alpha"": 0.002395026619987486, ""model__l1_ratio"": 1.0}",0
M2_discharge,reference,52,1,5,5.4C(50%)-3C;6C(50%)-3C;7C(30%)-3.6C,5.597813351306349,7.102971400431576,"{""model__alpha"": 0.011721022975334805, ""model__l1_ratio"": 0.1}",0
M2_discharge,reference,52,2,4,4.4C(80%)-4.4C;5.4C(40%)-3.6C;8C(25%)-3.6C,10.043178096618332,5.984462935706421,"{""model__alpha"": 0.002395026619987486, ""model__l1_ratio"": 0.9}",0
M2_discharge,reference,52,3,6,5.4C(80%)-5.4C;6C(40%)-3.6C;8C(15%)-3.6C,5.995492323351959,7.885376738495555,"{""model__alpha"": 0.05736152510448681, ""model__l1_ratio"": 0.1}",0
M2_discharge,reference,52,4,6,5.4C(70%)-3C;7C(40%)-3.6C;7C(40%)-3C,6.69007070349516,6.370192529135721,"{""model__alpha"": 0.0017433288221999873, ""model__l1_ratio"": 1.0}",0
M2_discharge,reference,53,0,5,5.4C(50%)-3C;6C(40%)-3.6C;7C(40%)-3.6C,2.6774471886954307,7.701346338947992,"{""model__alpha"": 0.03039195382313198, ""model__l1_ratio"": 0.1}",0
M2_discharge,reference,53,1,6,4.8C(80%)-4.8C;7C(30%)-3.6C;8C(25%)-3.6C,8.926522565006971,6.610191953533832,"{""model__alpha"": 0.002395026619987486, ""model__l1_ratio"": 1.0}",0
M2_discharge,reference,53,2,4,4.4C(80%)-4.4C;5.4C(40%)-3.6C;6C(40%)-3C,10.596503452031333,6.8614197901770035,"{""model__alpha"": 0.02212216291070448, ""model__l1_ratio"": 0.1}",0
M2_discharge,reference,53,3,6,5.4C(60%)-3C;5.4C(80%)-5.4C;7C(40%)-3C,5.214911696972443,7.041711513959486,"{""model__alpha"": 0.02212216291070448, ""model__l1_ratio"": 0.1}",0
M2_discharge,reference,53,4,6,5.4C(70%)-3C;6C(50%)-3C;8C(15%)-3.6C,7.846229722951698,5.884429593483062,"{""model__alpha"": 0.041753189365604, ""model__l1_ratio"": 0.1}",0
M2_discharge,reference,54,0,5,5.4C(50%)-3C;8C(15%)-3.6C;8C(25%)-3.6C,5.014249942506639,8.45157766710926,"{""model__alpha"": 0.01610262027560939, ""model__l1_ratio"": 0.1}",0
M2_discharge,reference,54,1,6,5.4C(60%)-3C;5.4C(80%)-5.4C;7C(30%)-3.6C,7.7267804217088525,7.682950881655946,"{""model__alpha"": 0.041753189365604, ""model__l1_ratio"": 0.1}",0
M2_discharge,reference,54,2,6,6C(50%)-3C;7C(40%)-3.6C;7C(40%)-3C,5.682884435731591,7.1497911269435654,"{""model__alpha"": 0.004520353656360241, ""model__l1_ratio"": 0.9}",0
M2_discharge,reference,54,3,5,4.4C(80%)-4.4C;4.8C(80%)-4.8C;6C(40%)-3C,10.740234422943901,5.545376832864623,"{""model__alpha"": 0.002395026619987486, ""model__l1_ratio"": 1.0}",0
M2_discharge,reference,54,4,5,5.4C(40%)-3.6C;5.4C(70%)-3C;6C(40%)-3.6C,8.801320412386424,6.850801081456565,"{""model__alpha"": 0.006210169418915616, ""model__l1_ratio"": 1.0}",0
M2_discharge,reference,55,0,6,5.4C(60%)-3C;5.4C(80%)-5.4C;7C(40%)-3.6C,5.390645917460748,7.351138941107379,"{""model__alpha"": 0.02212216291070448, ""model__l1_ratio"": 0.1}",0
M2_discharge,reference,55,1,4,4.4C(80%)-4.4C;5.4C(40%)-3.6C;6C(50%)-3C,9.377757493509236,6.98984109077314,"{""model__alpha"": 0.03039195382313198, ""model__l1_ratio"": 0.1}",0
M2_discharge,reference,55,2,5,4.8C(80%)-4.8C;5.4C(50%)-3C;8C(25%)-3.6C,6.959799515253326,7.36657022226054,"{""model__alpha"": 0.0017433288221999873, ""model__l1_ratio"": 1.0}",0
M2_discharge,reference,55,3,6,5.4C(70%)-3C;6C(40%)-3C;7C(40%)-3C,8.280805684835114,5.4499682611901825,"{""model__alpha"": 0.01610262027560939, ""model__l1_ratio"": 0.3}",0
M2_discharge,reference,55,4,6,6C(40%)-3.6C;7C(30%)-3.6C;8C(15%)-3.6C,4.640171037071573,7.526558462946474,"{""model__alpha"": 0.004520353656360241, ""model__l1_ratio"": 0.3}",0
M2_discharge,reference,56,0,6,6C(40%)-3C;7C(40%)-3C;8C(25%)-3.6C,7.752408204974078,7.193464631636943,"{""model__alpha"": 0.011721022975334805, ""model__l1_ratio"": 0.1}",0
M2_discharge,reference,56,1,5,4.8C(80%)-4.8C;5.4C(50%)-3C;7C(40%)-3.6C,7.784021861467813,7.073768752906116,"{""model__alpha"": 0.0012689610031679222, ""model__l1_ratio"": 0.9}",0
M2_discharge,reference,56,2,6,5.4C(80%)-5.4C;6C(40%)-3.6C;8C(15%)-3.6C,5.995492323351959,7.885376738495555,"{""model__alpha"": 0.05736152510448681, ""model__l1_ratio"": 0.1}",0
M2_discharge,reference,56,3,5,5.4C(40%)-3.6C;6C(50%)-3C;7C(30%)-3.6C,8.77984818925548,6.21957274928985,"{""model__alpha"": 0.004520353656360241, ""model__l1_ratio"": 0.3}",0
M2_discharge,reference,56,4,5,4.4C(80%)-4.4C;5.4C(60%)-3C;5.4C(70%)-3C,6.036694727987977,7.022463212245634,"{""model__alpha"": 0.002395026619987486, ""model__l1_ratio"": 0.9}",0
M2_discharge,reference,57,0,6,5.4C(60%)-3C;7C(30%)-3.6C;7C(40%)-3C,8.254456824641993,5.740683819435231,"{""model__alpha"": 0.0012689610031679222, ""model__l1_ratio"": 0.5}",0
M2_discharge,reference,57,1,4,4.4C(80%)-4.4C;5.4C(50%)-3C;8C(15%)-3.6C,4.002830059741104,7.458061414354367,"{""model__alpha"": 0.02212216291070448, ""model__l1_ratio"": 0.1}",0
M2_discharge,reference,57,2,6,4.8C(80%)-4.8C;6C(40%)-3.6C;6C(50%)-3C,6.587578356972125,7.056634344687848,"{""model__alpha"": 0.02212216291070448, ""model__l1_ratio"": 0.1}",0
M2_discharge,reference,57,3,5,5.4C(40%)-3.6C;6C(40%)-3C;7C(40%)-3.6C,8.938536236495583,5.950531629259631,"{""model__alpha"": 0.01610262027560939, ""model__l1_ratio"": 0.1}",0
M2_discharge,reference,57,4,6,5.4C(70%)-3C;5.4C(80%)-5.4C;8C(25%)-3.6C,6.024435973998637,7.273390783800817,"{""model__alpha"": 0.008531678524172805, ""model__l1_ratio"": 0.9}",0
M2_discharge,reference,58,0,6,5.4C(80%)-5.4C;6C(40%)-3C;7C(40%)-3.6C,7.380601662345574,6.559270711993023,"{""model__alpha"": 0.004520353656360241, ""model__l1_ratio"": 0.9}",0
M2_discharge,reference,58,1,5,5.4C(40%)-3.6C;7C(30%)-3.6C;8C(15%)-3.6C,8.355178022563583,5.9793516783343446,"{""model__alpha"": 0.0032903445623126675, ""model__l1_ratio"": 1.0}",0
M2_discharge,reference,58,2,6,4.8C(80%)-4.8C;5.4C(60%)-3C;7C(40%)-3C,9.917241277341542,6.217471635392096,"{""model__alpha"": 0.0009236708571873865, ""model__l1_ratio"": 1.0}",0
M2_discharge,reference,58,3,6,5.4C(70%)-3C;6C(50%)-3C;8C(25%)-3.6C,6.459328441819631,5.987356689678734,"{""model__alpha"": 0.041753189365604, ""model__l1_ratio"": 0.1}",0
M2_discharge,reference,58,4,4,4.4C(80%)-4.4C;5.4C(50%)-3C;6C(40%)-3.6C,2.3532381915974945,7.848837209727435,"{""model__alpha"": 0.03039195382313198, ""model__l1_ratio"": 0.1}",0
M2_discharge,reference,59,0,5,5.4C(40%)-3.6C;7C(30%)-3.6C;8C(25%)-3.6C,14.107807420525722,5.079042741527231,"{""model__alpha"": 0.004520353656360241, ""model__l1_ratio"": 0.5}",0
M2_discharge,reference,59,1,6,5.4C(60%)-3C;5.4C(80%)-5.4C;6C(40%)-3C,8.597308294315765,7.212652017368215,"{""model__alpha"": 0.008531678524172805, ""model__l1_ratio"": 0.1}",0
M2_discharge,reference,59,2,4,4.4C(80%)-4.4C;5.4C(50%)-3C;8C(15%)-3.6C,4.002830059741104,7.458061414354367,"{""model__alpha"": 0.02212216291070448, ""model__l1_ratio"": 0.1}",0
M2_discharge,reference,59,3,6,5.4C(70%)-3C;6C(50%)-3C;7C(40%)-3.6C,8.011116082616535,5.5994180868445795,"{""model__alpha"": 0.041753189365604, ""model__l1_ratio"": 0.1}",0
M2_discharge,reference,59,4,6,4.8C(80%)-4.8C;6C(40%)-3.6C;7C(40%)-3C,6.654820194515371,6.6104333254390655,"{""model__alpha"": 0.002395026619987486, ""model__l1_ratio"": 1.0}",0
M2_discharge,reference,60,0,6,5.4C(70%)-3C;7C(40%)-3.6C;7C(40%)-3C,6.69007070349516,6.370192529135721,"{""model__alpha"": 0.0017433288221999873, ""model__l1_ratio"": 1.0}",0
M2_discharge,reference,60,1,5,4.4C(80%)-4.4C;5.4C(60%)-3C;6C(40%)-3.6C,4.088196050121563,7.46361608331492,"{""model__alpha"": 0.006210169418915616, ""model__l1_ratio"": 0.5}",0
M2_discharge,reference,60,2,5,5.4C(40%)-3.6C;6C(50%)-3C;8C(25%)-3.6C,8.787539859181184,5.995687647923312,"{""model__alpha"": 0.006210169418915616, ""model__l1_ratio"": 0.7}",0
M2_discharge,reference,60,3,5,5.4C(50%)-3C;6C(40%)-3C;7C(30%)-3.6C,9.573612021126845,7.601666173778703,"{""model__alpha"": 0.0001, ""model__l1_ratio"": 0.1}",0
M2_discharge,reference,60,4,6,4.8C(80%)-4.8C;5.4C(80%)-5.4C;8C(15%)-3.6C,8.871246578905424,6.3756599365115365,"{""model__alpha"": 0.01610262027560939, ""model__l1_ratio"": 0.3}",0
M2_discharge,reference,61,0,6,6C(50%)-3C;7C(30%)-3.6C;7C(40%)-3.6C,6.146254378087809,6.265846214259934,"{""model__alpha"": 0.0032903445623126675, ""model__l1_ratio"": 0.9}",0
M2_discharge,reference,61,1,6,5.4C(60%)-3C;5.4C(80%)-5.4C;8C(25%)-3.6C,5.3903866949351515,7.283940699797051,"{""model__alpha"": 0.02212216291070448, ""model__l1_ratio"": 0.1}",0
M2_discharge,reference,61,2,6,5.4C(70%)-3C;6C(40%)-3.6C;6C(40%)-3C,8.217266260091161,5.879180854713461,"{""model__alpha"": 0.0012689610031679222, ""model__l1_ratio"": 1.0}",0
M2_discharge,reference,61,3,5,4.4C(80%)-4.4C;4.8C(80%)-4.8C;7C(40%)-3C,8.289502937863215,6.551515042558578,"{""model__alpha"": 0.004520353656360241, ""model__l1_ratio"": 0.3}",0
M2_discharge,reference,61,4,4,5.4C(40%)-3.6C;5.4C(50%)-3C;8C(15%)-3.6C,7.1560750174633325,5.710463009678897,"{""model__alpha"": 0.008531678524172805, ""model__l1_ratio"": 0.3}",0
M3,candidate,42,0,5,4.4C(80%)-4.4C;6C(50%)-3C;7C(40%)-3.6C,6.526553694671258,,{},1
M3,candidate,42,1,6,5.4C(70%)-3C;6C(40%)-3C;8C(15%)-3.6C,9.574636129346835,,{},0
M3,candidate,42,2,5,4.8C(80%)-4.8C;5.4C(40%)-3.6C;8C(25%)-3.6C,8.128435365041634,,{},2
M3,candidate,42,3,6,5.4C(60%)-3C;6C(40%)-3.6C;7C(30%)-3.6C,6.572638124787887,,{},1
M3,candidate,42,4,5,5.4C(50%)-3C;5.4C(80%)-5.4C;7C(40%)-3C,5.01569685836099,,{},1
M3,candidate,43,0,6,6C(40%)-3.6C;6C(50%)-3C;7C(40%)-3.6C,6.347220002592069,,{},1
M3,candidate,43,1,5,5.4C(40%)-3.6C;5.4C(80%)-5.4C;8C(25%)-3.6C,4.348198729278768,,{},1
M3,candidate,43,2,5,5.4C(50%)-3C;6C(40%)-3C;7C(40%)-3C,6.83576563216043,,{},0
M3,candidate,43,3,6,5.4C(70%)-3C;7C(30%)-3.6C;8C(15%)-3.6C,7.037227098810623,,{},0
M3,candidate,43,4,5,4.4C(80%)-4.4C;4.8C(80%)-4.8C;5.4C(60%)-3C,9.270507271049057,,{},1
M3,candidate,44,0,6,5.4C(70%)-3C;5.4C(80%)-5.4C;6C(40%)-3C,8.21197166366676,,{},0
M3,candidate,44,1,6,6C(40%)-3.6C;6C(50%)-3C;7C(40%)-3C,4.9243771281912405,,{},0
M3,candidate,44,2,5,5.4C(40%)-3.6C;7C(30%)-3.6C;8C(25%)-3.6C,4.616209130890907,,{},0
M3,candidate,44,3,5,4.4C(80%)-4.4C;7C(40%)-3.6C;8C(15%)-3.6C,6.343881480448054,,{},0
M3,candidate,44,4,5,4.8C(80%)-4.8C;5.4C(50%)-3C;5.4C(60%)-3C,12.189909512419677,,{},3
M3,candidate,45,0,6,5.4C(80%)-5.4C;6C(40%)-3C;6C(50%)-3C,10.19475666999439,,{},1
M3,candidate,45,1,5,5.4C(40%)-3.6C;6C(40%)-3.6C;7C(30%)-3.6C,5.187312843294423,,{},2
M3,candidate,45,2,6,4.8C(80%)-4.8C;5.4C(60%)-3C;8C(25%)-3.6C,8.489745501966757,,{},1
M3,candidate,45,3,5,4.4C(80%)-4.4C;5.4C(70%)-3C;8C(15%)-3.6C,7.6151317162894,,{},0
M3,candidate,45,4,5,5.4C(50%)-3C;7C(40%)-3.6C;7C(40%)-3C,4.853972822847883,,{},0
M3,candidate,46,0,6,4.8C(80%)-4.8C;5.4C(80%)-5.4C;7C(40%)-3C,10.051609232843871,,{},2
M3,candidate,46,1,5,4.4C(80%)-4.4C;6C(40%)-3.6C;7C(40%)-3.6C,5.125100785206493,,{},1
M3,candidate,46,2,5,5.4C(40%)-3.6C;6C(50%)-3C;8C(25%)-3.6C,5.635861136001626,,{},1
M3,candidate,46,3,5,5.4C(50%)-3C;5.4C(60%)-3C;7C(30%)-3.6C,11.96498449634812,,{},3
M3,candidate,46,4,6,5.4C(70%)-3C;6C(40%)-3C;8C(15%)-3.6C,9.574636129346835,,{},0
M3,candidate,47,0,5,5.4C(40%)-3.6C;5.4C(60%)-3C;5.4C(70%)-3C,7.821176579116148,,{},1
M3,candidate,47,1,6,4.8C(80%)-4.8C;7C(30%)-3.6C;8C(15%)-3.6C,9.80473770503294,,{},0
M3,candidate,47,2,5,4.4C(80%)-4.4C;6C(50%)-3C;7C(40%)-3C,5.593905501369464,,{},1
M3,candidate,47,3,5,5.4C(50%)-3C;6C(40%)-3C;7C(40%)-3.6C,8.046056789977579,,{},0
M3,candidate,47,4,6,5.4C(80%)-5.4C;6C(40%)-3.6C;8C(25%)-3.6C,4.241579773819276,,{},0
M3,candidate,48,0,6,6C(40%)-3.6C;7C(40%)-3C;8C(15%)-3.6C,4.607111750183241,,{},2
M3,candidate,48,1,6,5.4C(70%)-3C;6C(50%)-3C;7C(40%)-3.6C,9.032418137991073,,{},3
M3,candidate,48,2,5,5.4C(40%)-3.6C;5.4C(80%)-5.4C;6C(40%)-3C,8.396471828369597,,{},1
M3,candidate,48,3,6,5.4C(60%)-3C;7C(30%)-3.6C;8C(25%)-3.6C,6.377195028936029,,{},1
M3,candidate,48,4,4,4.4C(80%)-4.4C;4.8C(80%)-4.8C;5.4C(50%)-3C,8.448462293594758,,{},1
M3,candidate,49,0,4,4.4C(80%)-4.4C;5.4C(50%)-3C;7C(40%)-3C,4.305388141669025,,{},1
M3,candidate,49,1,6,4.8C(80%)-4.8C;6C(40%)-3.6C;8C(25%)-3.6C,6.507349989854778,,{},2
M3,candidate,49,2,5,5.4C(40%)-3.6C;6C(50%)-3C;7C(40%)-3.6C,6.4652652200794,,{},2
M3,candidate,49,3,6,5.4C(60%)-3C;5.4C(70%)-3C;5.4C(80%)-5.4C,5.861900356205191,,{},1
M3,candidate,49,4,6,6C(40%)-3C;7C(30%)-3.6C;8C(15%)-3.6C,7.883351320246416,,{},0
M3,candidate,50,0,6,7C(30%)-3.6C;7C(40%)-3C;8C(15%)-3.6C,5.9728151155402625,,{},1
M3,candidate,50,1,4,5.4C(40%)-3.6C;5.4C(50%)-3C;6C(40%)-3C,8.354648078391067,,{},0
M3,candidate,50,2,6,5.4C(70%)-3C;6C(40%)-3.6C;6C(50%)-3C,7.89977786381963,,{},1
M3,candidate,50,3,6,4.8C(80%)-4.8C;5.4C(60%)-3C;5.4C(80%)-5.4C,9.216568625456611,,{},1
M3,candidate,50,4,5,4.4C(80%)-4.4C;7C(40%)-3.6C;8C(25%)-3.6C,4.270742419502259,,{},1
M3,candidate,51,0,4,5.4C(40%)-3.6C;5.4C(50%)-3C;6C(40%)-3C,8.354648078391067,,{},0
M3,candidate,51,1,6,4.8C(80%)-4.8C;5.4C(60%)-3C;6C(40%)-3.6C,8.031469375375206,,{},0
M3,candidate,51,2,6,5.4C(80%)-5.4C;7C(30%)-3.6C;7C(40%)-3.6C,5.8511281799388195,,{},1
M3,candidate,51,3,5,4.4C(80%)-4.4C;7C(40%)-3C;8C(15%)-3.6C,5.5953917150797245,,{},0
M3,candidate,51,4,6,5.4C(70%)-3C;6C(50%)-3C;8C(25%)-3.6C,7.305049714211867,,{},2
M3,candidate,52,0,6,4.8C(80%)-4.8C;5.4C(60%)-3C;6C(40%)-3C,11.444816664088464,,{},1
M3,candidate,52,1,5,5.4C(50%)-3C;6C(50%)-3C;7C(30%)-3.6C,6.167979406773368,,{},1
M3,candidate,52,2,4,4.4C(80%)-4.4C;5.4C(40%)-3.6C;8C(25%)-3.6C,4.135604101432153,,{},1
M3,candidate,52,3,6,5.4C(80%)-5.4C;6C(40%)-3.6C;8C(15%)-3.6C,5.315563783644657,,{},2
M3,candidate,52,4,6,5.4C(70%)-3C;7C(40%)-3.6C;7C(40%)-3C,6.518749735762756,,{},1
M3,candidate,53,0,5,5.4C(50%)-3C;6C(40%)-3.6C;7C(40%)-3.6C,4.522174852747731,,{},1
M3,candidate,53,1,6,4.8C(80%)-4.8C;7C(30%)-3.6C;8C(25%)-3.6C,8.602590464980077,,{},1
M3,candidate,53,2,4,4.4C(80%)-4.4C;5.4C(40%)-3.6C;6C(40%)-3C,9.572414942488594,,{},0
M3,candidate,53,3,6,5.4C(60%)-3C;5.4C(80%)-5.4C;7C(40%)-3C,6.296664842356058,,{},1
M3,candidate,53,4,6,5.4C(70%)-3C;6C(50%)-3C;8C(15%)-3.6C,7.955575457975773,,{},2
M3,candidate,54,0,5,5.4C(50%)-3C;8C(15%)-3.6C;8C(25%)-3.6C,3.8305953874812477,,{},2
M3,candidate,54,1,6,5.4C(60%)-3C;5.4C(80%)-5.4C;7C(30%)-3.6C,7.103494492520119,,{},1
M3,candidate,54,2,6,6C(50%)-3C;7C(40%)-3.6C;7C(40%)-3C,5.648265015335366,,{},0
M3,candidate,54,3,5,4.4C(80%)-4.4C;4.8C(80%)-4.8C;6C(40%)-3C,11.606501992122805,,{},1
M3,candidate,54,4,5,5.4C(40%)-3.6C;5.4C(70%)-3C;6C(40%)-3.6C,6.87009988790169,,{},2
M3,candidate,55,0,6,5.4C(60%)-3C;5.4C(80%)-5.4C;7C(40%)-3.6C,5.4993516762608525,,{},1
M3,candidate,55,1,4,4.4C(80%)-4.4C;5.4C(40%)-3.6C;6C(50%)-3C,6.77922414154806,,{},2
M3,candidate,55,2,5,4.8C(80%)-4.8C;5.4C(50%)-3C;8C(25%)-3.6C,7.465710141402858,,{},3
M3,candidate,55,3,6,5.4C(70%)-3C;6C(40%)-3C;7C(40%)-3C,8.35736310072778,,{},0
M3,candidate,55,4,6,6C(40%)-3.6C;7C(30%)-3.6C;8C(15%)-3.6C,5.408438930589928,,{},2
M3,candidate,56,0,6,6C(40%)-3C;7C(40%)-3C;8C(25%)-3.6C,6.621157452042838,,{},1
M3,candidate,56,1,5,4.8C(80%)-4.8C;5.4C(50%)-3C;7C(40%)-3.6C,8.970727039153417,,{},1
M3,candidate,56,2,6,5.4C(80%)-5.4C;6C(40%)-3.6C;8C(15%)-3.6C,5.315563783644657,,{},2
M3,candidate,56,3,5,5.4C(40%)-3.6C;6C(50%)-3C;7C(30%)-3.6C,6.157526803418164,,{},2
M3,candidate,56,4,5,4.4C(80%)-4.4C;5.4C(60%)-3C;5.4C(70%)-3C,7.121404908961264,,{},0
M3,candidate,57,0,6,5.4C(60%)-3C;7C(30%)-3.6C;7C(40%)-3C,7.651666172345455,,{},2
M3,candidate,57,1,4,4.4C(80%)-4.4C;5.4C(50%)-3C;8C(15%)-3.6C,5.201618764154329,,{},0
M3,candidate,57,2,6,4.8C(80%)-4.8C;6C(40%)-3.6C;6C(50%)-3C,7.030857954101953,,{},2
M3,candidate,57,3,5,5.4C(40%)-3.6C;6C(40%)-3C;7C(40%)-3.6C,8.950474736043072,,{},1
M3,candidate,57,4,6,5.4C(70%)-3C;5.4C(80%)-5.4C;8C(25%)-3.6C,4.7577531380409495,,{},0
M3,candidate,58,0,6,5.4C(80%)-5.4C;6C(40%)-3C;7C(40%)-3.6C,7.4938183052695635,,{},0
M3,candidate,58,1,5,5.4C(40%)-3.6C;7C(30%)-3.6C;8C(15%)-3.6C,5.697878320812775,,{},1
M3,candidate,58,2,6,4.8C(80%)-4.8C;5.4C(60%)-3C;7C(40%)-3C,9.866643291518747,,{},1
M3,candidate,58,3,6,5.4C(70%)-3C;6C(50%)-3C;8C(25%)-3.6C,7.305049714211867,,{},2
M3,candidate,58,4,4,4.4C(80%)-4.4C;5.4C(50%)-3C;6C(40%)-3.6C,4.150237793603842,,{},1
M3,candidate,59,0,5,5.4C(40%)-3.6C;7C(30%)-3.6C;8C(25%)-3.6C,4.616209130890907,,{},0
M3,candidate,59,1,6,5.4C(60%)-3C;5.4C(80%)-5.4C;6C(40%)-3C,8.28278031392639,,{},1
M3,candidate,59,2,4,4.4C(80%)-4.4C;5.4C(50%)-3C;8C(15%)-3.6C,5.201618764154329,,{},0
M3,candidate,59,3,6,5.4C(70%)-3C;6C(50%)-3C;7C(40%)-3.6C,9.032418137991073,,{},3
M3,candidate,59,4,6,4.8C(80%)-4.8C;6C(40%)-3.6C;7C(40%)-3C,7.545594247445068,,{},2
M3,candidate,60,0,6,5.4C(70%)-3C;7C(40%)-3.6C;7C(40%)-3C,6.518749735762756,,{},1
M3,candidate,60,1,5,4.4C(80%)-4.4C;5.4C(60%)-3C;6C(40%)-3.6C,5.4423966954448195,,{},1
M3,candidate,60,2,5,5.4C(40%)-3.6C;6C(50%)-3C;8C(25%)-3.6C,5.635861136001626,,{},1
M3,candidate,60,3,5,5.4C(50%)-3C;6C(40%)-3C;7C(30%)-3.6C,7.437167865172602,,{},0
M3,candidate,60,4,6,4.8C(80%)-4.8C;5.4C(80%)-5.4C;8C(15%)-3.6C,9.20858299260661,,{},1
M3,candidate,61,0,6,6C(50%)-3C;7C(30%)-3.6C;7C(40%)-3.6C,6.17636087304704,,{},1
M3,candidate,61,1,6,5.4C(60%)-3C;5.4C(80%)-5.4C;8C(25%)-3.6C,5.457272708801803,,{},1
M3,candidate,61,2,6,5.4C(70%)-3C;6C(40%)-3.6C;6C(40%)-3C,8.790695755291694,,{},1
M3,candidate,61,3,5,4.4C(80%)-4.4C;4.8C(80%)-4.8C;7C(40%)-3C,9.051298725128735,,{},2
M3,candidate,61,4,4,5.4C(40%)-3.6C;5.4C(50%)-3C;8C(15%)-3.6C,4.899325346071754,,{},0
M4_GBR,candidate,42,0,5,4.4C(80%)-4.4C;6C(50%)-3C;7C(40%)-3.6C,7.394426480805693,12.237121332333446,"{""n_estimators"": 100}",0
M4_GBR,candidate,42,1,6,5.4C(70%)-3C;6C(40%)-3C;8C(15%)-3.6C,8.913900226267414,9.30329500989976,"{""n_estimators"": 100}",0
M4_GBR,candidate,42,2,5,4.8C(80%)-4.8C;5.4C(40%)-3.6C;8C(25%)-3.6C,5.728065183313871,11.061001245237097,"{""n_estimators"": 100}",0
M4_GBR,candidate,42,3,6,5.4C(60%)-3C;6C(40%)-3.6C;7C(30%)-3.6C,7.108587280367036,9.993671458826892,"{""n_estimators"": 100}",0
M4_GBR,candidate,42,4,5,5.4C(50%)-3C;5.4C(80%)-5.4C;7C(40%)-3C,13.912450729207787,10.525473284236792,"{""n_estimators"": 100}",0
M4_GBR,candidate,43,0,6,6C(40%)-3.6C;6C(50%)-3C;7C(40%)-3.6C,4.1506708092932545,12.310282423918963,"{""n_estimators"": 100}",0
M4_GBR,candidate,43,1,5,5.4C(40%)-3.6C;5.4C(80%)-5.4C;8C(25%)-3.6C,10.45496082207002,10.718801264100932,"{""n_estimators"": 100}",0
M4_GBR,candidate,43,2,5,5.4C(50%)-3C;6C(40%)-3C;7C(40%)-3C,11.472446486866886,11.311988913171646,"{""n_estimators"": 100}",0
M4_GBR,candidate,43,3,6,5.4C(70%)-3C;7C(30%)-3.6C;8C(15%)-3.6C,8.87832324709247,10.48082237508368,"{""n_estimators"": 100}",0
M4_GBR,candidate,43,4,5,4.4C(80%)-4.4C;4.8C(80%)-4.8C;5.4C(60%)-3C,10.668012554111158,7.833250374675802,"{""n_estimators"": 300}",0
M4_GBR,candidate,44,0,6,5.4C(70%)-3C;5.4C(80%)-5.4C;6C(40%)-3C,15.02572888170145,8.257333114677003,"{""n_estimators"": 100}",0
M4_GBR,candidate,44,1,6,6C(40%)-3.6C;6C(50%)-3C;7C(40%)-3C,6.935550700097365,11.2115170480959,"{""n_estimators"": 100}",0
M4_GBR,candidate,44,2,5,5.4C(40%)-3.6C;7C(30%)-3.6C;8C(25%)-3.6C,6.068494551401911,13.643864276892524,"{""n_estimators"": 100}",0
M4_GBR,candidate,44,3,5,4.4C(80%)-4.4C;7C(40%)-3.6C;8C(15%)-3.6C,5.695352569553562,10.941766540622824,"{""n_estimators"": 100}",0
M4_GBR,candidate,44,4,5,4.8C(80%)-4.8C;5.4C(50%)-3C;5.4C(60%)-3C,13.955119929579615,9.662562401370373,"{""n_estimators"": 100}",0
M4_GBR,candidate,45,0,6,5.4C(80%)-5.4C;6C(40%)-3C;6C(50%)-3C,13.635675736915065,9.002717671651164,"{""n_estimators"": 300}",0
M4_GBR,candidate,45,1,5,5.4C(40%)-3.6C;6C(40%)-3.6C;7C(30%)-3.6C,7.259517952207742,10.682528696591227,"{""n_estimators"": 100}",0
M4_GBR,candidate,45,2,6,4.8C(80%)-4.8C;5.4C(60%)-3C;8C(25%)-3.6C,7.07119795437874,10.459707230586464,"{""n_estimators"": 100}",0
M4_GBR,candidate,45,3,5,4.4C(80%)-4.4C;5.4C(70%)-3C;8C(15%)-3.6C,8.958912130986931,8.227649350954678,"{""n_estimators"": 100}",0
M4_GBR,candidate,45,4,5,5.4C(50%)-3C;7C(40%)-3.6C;7C(40%)-3C,4.9225617485021536,11.753897145525995,"{""n_estimators"": 100}",0
M4_GBR,candidate,46,0,6,4.8C(80%)-4.8C;5.4C(80%)-5.4C;7C(40%)-3C,13.028086366643496,10.032124389079257,"{""n_estimators"": 100}",0
M4_GBR,candidate,46,1,5,4.4C(80%)-4.4C;6C(40%)-3.6C;7C(40%)-3.6C,4.690901534357252,11.830124403650167,"{""n_estimators"": 100}",0
M4_GBR,candidate,46,2,5,5.4C(40%)-3.6C;6C(50%)-3C;8C(25%)-3.6C,5.4098521129842165,14.495634415638031,"{""n_estimators"": 100}",0
M4_GBR,candidate,46,3,5,5.4C(50%)-3C;5.4C(60%)-3C;7C(30%)-3.6C,17.41897861722007,10.238883947059989,"{""n_estimators"": 100}",0
M4_GBR,candidate,46,4,6,5.4C(70%)-3C;6C(40%)-3C;8C(15%)-3.6C,8.913900226267414,9.30329500989976,"{""n_estimators"": 100}",0
M4_GBR,candidate,47,0,5,5.4C(40%)-3.6C;5.4C(60%)-3C;5.4C(70%)-3C,9.497839020926206,9.526824867375613,"{""n_estimators"": 100}",0
M4_GBR,candidate,47,1,6,4.8C(80%)-4.8C;7C(30%)-3.6C;8C(15%)-3.6C,13.227934899454418,11.71782389304724,"{""n_estimators"": 100}",0
M4_GBR,candidate,47,2,5,4.4C(80%)-4.4C;6C(50%)-3C;7C(40%)-3C,8.509208934195803,12.50299348058686,"{""n_estimators"": 100}",0
M4_GBR,candidate,47,3,5,5.4C(50%)-3C;6C(40%)-3C;7C(40%)-3.6C,11.133143618769644,10.84218219847725,"{""n_estimators"": 100}",0
M4_GBR,candidate,47,4,6,5.4C(80%)-5.4C;6C(40%)-3.6C;8C(25%)-3.6C,9.04703607278977,10.651286312129905,"{""n_estimators"": 100}",0
M4_GBR,candidate,48,0,6,6C(40%)-3.6C;7C(40%)-3C;8C(15%)-3.6C,3.8760138780184077,14.689770793102207,"{""n_estimators"": 100}",0
M4_GBR,candidate,48,1,6,5.4C(70%)-3C;6C(50%)-3C;7C(40%)-3.6C,8.721139963288465,10.617927722569531,"{""n_estimators"": 100}",0
M4_GBR,candidate,48,2,5,5.4C(40%)-3.6C;5.4C(80%)-5.4C;6C(40%)-3C,15.01760699908155,7.796862235475489,"{""n_estimators"": 100}",0
M4_GBR,candidate,48,3,6,5.4C(60%)-3C;7C(30%)-3.6C;8C(25%)-3.6C,7.1699021318311615,12.25097268692679,"{""n_estimators"": 100}",0
M4_GBR,candidate,48,4,4,4.4C(80%)-4.4C;4.8C(80%)-4.8C;5.4C(50%)-3C,10.50462872279423,8.434046990121692,"{""n_estimators"": 100}",0
M4_GBR,candidate,49,0,4,4.4C(80%)-4.4C;5.4C(50%)-3C;7C(40%)-3C,8.383283713425707,10.218474430774158,"{""n_estimators"": 100}",0
M4_GBR,candidate,49,1,6,4.8C(80%)-4.8C;6C(40%)-3.6C;8C(25%)-3.6C,5.881472913694361,14.225722451929242,"{""n_estimators"": 100}",0
M4_GBR,candidate,49,2,5,5.4C(40%)-3.6C;6C(50%)-3C;7C(40%)-3.6C,5.67107815407505,12.833746641726144,"{""n_estimators"": 100}",0
M4_GBR,candidate,49,3,6,5.4C(60%)-3C;5.4C(70%)-3C;5.4C(80%)-5.4C,13.45168079330785,10.06418036476505,"{""n_estimators"": 100}",0
M4_GBR,candidate,49,4,6,6C(40%)-3C;7C(30%)-3.6C;8C(15%)-3.6C,7.036482771035925,10.864857149755746,"{""n_estimators"": 100}",0
M4_GBR,candidate,50,0,6,7C(30%)-3.6C;7C(40%)-3C;8C(15%)-3.6C,7.59565731955361,14.06113832239891,"{""n_estimators"": 100}",0
M4_GBR,candidate,50,1,4,5.4C(40%)-3.6C;5.4C(50%)-3C;6C(40%)-3C,11.966175189633885,12.51262893370309,"{""n_estimators"": 100}",0
M4_GBR,candidate,50,2,6,5.4C(70%)-3C;6C(40%)-3.6C;6C(50%)-3C,7.018007066205742,9.457288560860642,"{""n_estimators"": 100}",0
M4_GBR,candidate,50,3,6,4.8C(80%)-4.8C;5.4C(60%)-3C;5.4C(80%)-5.4C,14.016648429986974,10.88510474868524,"{""n_estimators"": 100}",0
M4_GBR,candidate,50,4,5,4.4C(80%)-4.4C;7C(40%)-3.6C;8C(25%)-3.6C,3.879355239465098,11.288341727002614,"{""n_estimators"": 100}",0
M4_GBR,candidate,51,0,4,5.4C(40%)-3.6C;5.4C(50%)-3C;6C(40%)-3C,11.966175189633885,12.51262893370309,"{""n_estimators"": 100}",0
M4_GBR,candidate,51,1,6,4.8C(80%)-4.8C;5.4C(60%)-3C;6C(40%)-3.6C,8.490184186475386,13.506201926588155,"{""n_estimators"": 100}",0
M4_GBR,candidate,51,2,6,5.4C(80%)-5.4C;7C(30%)-3.6C;7C(40%)-3.6C,18.772961318553694,8.093043240526532,"{""n_estimators"": 100}",0
M4_GBR,candidate,51,3,5,4.4C(80%)-4.4C;7C(40%)-3C;8C(15%)-3.6C,6.7820580637114265,10.147521124036304,"{""n_estimators"": 100}",0
M4_GBR,candidate,51,4,6,5.4C(70%)-3C;6C(50%)-3C;8C(25%)-3.6C,7.7524868300150915,11.168685141333357,"{""n_estimators"": 100}",0
M4_GBR,candidate,52,0,6,4.8C(80%)-4.8C;5.4C(60%)-3C;6C(40%)-3C,13.132962137307258,10.846427358054726,"{""n_estimators"": 100}",0
M4_GBR,candidate,52,1,5,5.4C(50%)-3C;6C(50%)-3C;7C(30%)-3.6C,10.20924254847883,11.062793147266468,"{""n_estimators"": 100}",0
M4_GBR,candidate,52,2,4,4.4C(80%)-4.4C;5.4C(40%)-3.6C;8C(25%)-3.6C,6.86438788823171,10.43370248380056,"{""n_estimators"": 100}",0
M4_GBR,candidate,52,3,6,5.4C(80%)-5.4C;6C(40%)-3.6C;8C(15%)-3.6C,9.910738561644672,10.254693007924677,"{""n_estimators"": 100}",0
M4_GBR,candidate,52,4,6,5.4C(70%)-3C;7C(40%)-3.6C;7C(40%)-3C,8.575249982070197,9.33677886604097,"{""n_estimators"": 100}",0
M4_GBR,candidate,53,0,5,5.4C(50%)-3C;6C(40%)-3.6C;7C(40%)-3.6C,5.391176224253284,13.262416060908027,"{""n_estimators"": 100}",0
M4_GBR,candidate,53,1,6,4.8C(80%)-4.8C;7C(30%)-3.6C;8C(25%)-3.6C,12.648327070341054,12.692927017429533,"{""n_estimators"": 100}",0
M4_GBR,candidate,53,2,4,4.4C(80%)-4.4C;5.4C(40%)-3.6C;6C(40%)-3C,15.898937290423873,11.626341451022762,"{""n_estimators"": 100}",0
M4_GBR,candidate,53,3,6,5.4C(60%)-3C;5.4C(80%)-5.4C;7C(40%)-3C,11.719760284439497,9.166355257653917,"{""n_estimators"": 100}",0
M4_GBR,candidate,53,4,6,5.4C(70%)-3C;6C(50%)-3C;8C(15%)-3.6C,7.393668104059158,10.160910411958993,"{""n_estimators"": 100}",0
M4_GBR,candidate,54,0,5,5.4C(50%)-3C;8C(15%)-3.6C;8C(25%)-3.6C,4.045969397234263,10.974526108156276,"{""n_estimators"": 100}",0
M4_GBR,candidate,54,1,6,5.4C(60%)-3C;5.4C(80%)-5.4C;7C(30%)-3.6C,14.19131194593151,7.718490405857814,"{""n_estimators"": 100}",0
M4_GBR,candidate,54,2,6,6C(50%)-3C;7C(40%)-3.6C;7C(40%)-3C,4.8394595055449345,13.643937634352135,"{""n_estimators"": 100}",0
M4_GBR,candidate,54,3,5,4.4C(80%)-4.4C;4.8C(80%)-4.8C;6C(40%)-3C,15.060719688959152,10.923052505321598,"{""n_estimators"": 100}",0
M4_GBR,candidate,54,4,5,5.4C(40%)-3.6C;5.4C(70%)-3C;6C(40%)-3.6C,7.141640266826283,11.934781035985274,"{""n_estimators"": 100}",0
M4_GBR,candidate,55,0,6,5.4C(60%)-3C;5.4C(80%)-5.4C;7C(40%)-3.6C,16.83717997619281,8.435271736301996,"{""n_estimators"": 100}",0
M4_GBR,candidate,55,1,4,4.4C(80%)-4.4C;5.4C(40%)-3.6C;6C(50%)-3C,9.83783409199737,14.09323161695706,"{""n_estimators"": 100}",0
M4_GBR,candidate,55,2,5,4.8C(80%)-4.8C;5.4C(50%)-3C;8C(25%)-3.6C,8.06066271835774,10.138595711813245,"{""n_estimators"": 100}",0
M4_GBR,candidate,55,3,6,5.4C(70%)-3C;6C(40%)-3C;7C(40%)-3C,9.020539634065388,9.45113309604574,"{""n_estimators"": 100}",0
M4_GBR,candidate,55,4,6,6C(40%)-3.6C;7C(30%)-3.6C;8C(15%)-3.6C,5.530134394486449,12.027599354961543,"{""n_estimators"": 100}",0
M4_GBR,candidate,56,0,6,6C(40%)-3C;7C(40%)-3C;8C(25%)-3.6C,7.789808861037649,13.95323766098667,"{""n_estimators"": 100}",0
M4_GBR,candidate,56,1,5,4.8C(80%)-4.8C;5.4C(50%)-3C;7C(40%)-3.6C,9.448682926019577,12.596466316703918,"{""n_estimators"": 100}",0
M4_GBR,candidate,56,2,6,5.4C(80%)-5.4C;6C(40%)-3.6C;8C(15%)-3.6C,9.910738561644672,10.254693007924677,"{""n_estimators"": 100}",0
M4_GBR,candidate,56,3,5,5.4C(40%)-3.6C;6C(50%)-3C;7C(30%)-3.6C,7.130221749286172,11.066376162852324,"{""n_estimators"": 100}",0
M4_GBR,candidate,56,4,5,4.4C(80%)-4.4C;5.4C(60%)-3C;5.4C(70%)-3C,12.414468461143857,7.572443649987278,"{""n_estimators"": 100}",0
M4_GBR,candidate,57,0,6,5.4C(60%)-3C;7C(30%)-3.6C;7C(40%)-3C,8.843933760468365,12.791797006006798,"{""n_estimators"": 100}",0
M4_GBR,candidate,57,1,4,4.4C(80%)-4.4C;5.4C(50%)-3C;8C(15%)-3.6C,8.272507135563089,10.41817853354232,"{""n_estimators"": 100}",0
M4_GBR,candidate,57,2,6,4.8C(80%)-4.8C;6C(40%)-3.6C;6C(50%)-3C,14.501968646697605,10.706502975493242,"{""n_estimators"": 100}",0
M4_GBR,candidate,57,3,5,5.4C(40%)-3.6C;6C(40%)-3C;7C(40%)-3.6C,7.618578624583587,11.135684107806561,"{""n_estimators"": 100}",0
M4_GBR,candidate,57,4,6,5.4C(70%)-3C;5.4C(80%)-5.4C;8C(25%)-3.6C,11.519139158896992,9.593412536296249,"{""n_estimators"": 100}",0
M4_GBR,candidate,58,0,6,5.4C(80%)-5.4C;6C(40%)-3C;7C(40%)-3.6C,19.654320351131858,7.431063211154376,"{""n_estimators"": 100}",0
M4_GBR,candidate,58,1,5,5.4C(40%)-3.6C;7C(30%)-3.6C;8C(15%)-3.6C,11.459042874953857,11.757924564218989,"{""n_estimators"": 100}",0
M4_GBR,candidate,58,2,6,4.8C(80%)-4.8C;5.4C(60%)-3C;7C(40%)-3C,8.93198585209874,9.92508999593035,"{""n_estimators"": 100}",0
M4_GBR,candidate,58,3,6,5.4C(70%)-3C;6C(50%)-3C;8C(25%)-3.6C,7.7524868300150915,11.168685141333357,"{""n_estimators"": 100}",0
M4_GBR,candidate,58,4,4,4.4C(80%)-4.4C;5.4C(50%)-3C;6C(40%)-3.6C,6.84483863010036,12.783440003325117,"{""n_estimators"": 100}",0
M4_GBR,candidate,59,0,5,5.4C(40%)-3.6C;7C(30%)-3.6C;8C(25%)-3.6C,6.068494551401911,13.643864276892524,"{""n_estimators"": 100}",0
M4_GBR,candidate,59,1,6,5.4C(60%)-3C;5.4C(80%)-5.4C;6C(40%)-3C,15.727847129232703,8.246428153604452,"{""n_estimators"": 100}",0
M4_GBR,candidate,59,2,4,4.4C(80%)-4.4C;5.4C(50%)-3C;8C(15%)-3.6C,8.272507135563089,10.41817853354232,"{""n_estimators"": 100}",0
M4_GBR,candidate,59,3,6,5.4C(70%)-3C;6C(50%)-3C;7C(40%)-3.6C,8.721139963288465,10.617927722569531,"{""n_estimators"": 100}",0
M4_GBR,candidate,59,4,6,4.8C(80%)-4.8C;6C(40%)-3.6C;7C(40%)-3C,8.286892678905772,13.561242119251773,"{""n_estimators"": 100}",0
M4_GBR,candidate,60,0,6,5.4C(70%)-3C;7C(40%)-3.6C;7C(40%)-3C,8.575249982070197,9.33677886604097,"{""n_estimators"": 100}",0
M4_GBR,candidate,60,1,5,4.4C(80%)-4.4C;5.4C(60%)-3C;6C(40%)-3.6C,8.239398548138208,11.647534395220585,"{""n_estimators"": 100}",0
M4_GBR,candidate,60,2,5,5.4C(40%)-3.6C;6C(50%)-3C;8C(25%)-3.6C,5.4098521129842165,14.495634415638031,"{""n_estimators"": 100}",0
M4_GBR,candidate,60,3,5,5.4C(50%)-3C;6C(40%)-3C;7C(30%)-3.6C,12.455269352715721,10.637401068304145,"{""n_estimators"": 100}",0
M4_GBR,candidate,60,4,6,4.8C(80%)-4.8C;5.4C(80%)-5.4C;8C(15%)-3.6C,12.674457324828929,10.398260896802418,"{""n_estimators"": 100}",0
M4_GBR,candidate,61,0,6,6C(50%)-3C;7C(30%)-3.6C;7C(40%)-3.6C,5.684951047709221,12.877496216686495,"{""n_estimators"": 100}",0
M4_GBR,candidate,61,1,6,5.4C(60%)-3C;5.4C(80%)-5.4C;8C(25%)-3.6C,10.775337715713183,10.138351479711085,"{""n_estimators"": 100}",0
M4_GBR,candidate,61,2,6,5.4C(70%)-3C;6C(40%)-3.6C;6C(40%)-3C,9.81094131946123,9.76665457638734,"{""n_estimators"": 100}",0
M4_GBR,candidate,61,3,5,4.4C(80%)-4.4C;4.8C(80%)-4.8C;7C(40%)-3C,9.939319024594736,10.02468312992484,"{""n_estimators"": 100}",0
M4_GBR,candidate,61,4,4,5.4C(40%)-3.6C;5.4C(50%)-3C;8C(15%)-3.6C,6.672098290716871,10.305557857961169,"{""n_estimators"": 100}",0
M4_RF,candidate,42,0,5,4.4C(80%)-4.4C;6C(50%)-3C;7C(40%)-3.6C,6.801937264570965,12.611587876856733,"{""max_depth"": 3, ""min_samples_leaf"": 3}",0
M4_RF,candidate,42,1,6,5.4C(70%)-3C;6C(40%)-3C;8C(15%)-3.6C,10.115318667878432,10.752868090595149,"{""max_depth"": 3, ""min_samples_leaf"": 3}",0
M4_RF,candidate,42,2,5,4.8C(80%)-4.8C;5.4C(40%)-3.6C;8C(25%)-3.6C,6.581317775132771,12.2043064966518,"{""max_depth"": 3, ""min_samples_leaf"": 3}",0
M4_RF,candidate,42,3,6,5.4C(60%)-3C;6C(40%)-3.6C;7C(30%)-3.6C,11.857305178171904,8.986974426544794,"{""max_depth"": 2, ""min_samples_leaf"": 3}",0
M4_RF,candidate,42,4,5,5.4C(50%)-3C;5.4C(80%)-5.4C;7C(40%)-3C,15.755287097455145,9.620979333248787,"{""max_depth"": 2, ""min_samples_leaf"": 3}",0
M4_RF,candidate,43,0,6,6C(40%)-3.6C;6C(50%)-3C;7C(40%)-3.6C,8.469672182628056,12.66375914190868,"{""max_depth"": 2, ""min_samples_leaf"": 5}",0
M4_RF,candidate,43,1,5,5.4C(40%)-3.6C;5.4C(80%)-5.4C;8C(25%)-3.6C,12.758073752600732,9.984061358751415,"{""max_depth"": 3, ""min_samples_leaf"": 3}",0
M4_RF,candidate,43,2,5,5.4C(50%)-3C;6C(40%)-3C;7C(40%)-3C,9.467126095811256,12.702222620707968,"{""max_depth"": 3, ""min_samples_leaf"": 3}",0
M4_RF,candidate,43,3,6,5.4C(70%)-3C;7C(30%)-3.6C;8C(15%)-3.6C,10.414708507466463,11.585364895555578,"{""max_depth"": 2, ""min_samples_leaf"": 3}",0
M4_RF,candidate,43,4,5,4.4C(80%)-4.4C;4.8C(80%)-4.8C;5.4C(60%)-3C,12.354746927415993,10.492583360148291,"{""max_depth"": 3, ""min_samples_leaf"": 3}",0
M4_RF,candidate,44,0,6,5.4C(70%)-3C;5.4C(80%)-5.4C;6C(40%)-3C,14.038230418026062,9.54371730844647,"{""max_depth"": 3, ""min_samples_leaf"": 3}",0
M4_RF,candidate,44,1,6,6C(40%)-3.6C;6C(50%)-3C;7C(40%)-3C,6.057847956681775,12.372105618268964,"{""max_depth"": 3, ""min_samples_leaf"": 3}",0
M4_RF,candidate,44,2,5,5.4C(40%)-3.6C;7C(30%)-3.6C;8C(25%)-3.6C,7.392299381026708,13.06712872036597,"{""max_depth"": 3, ""min_samples_leaf"": 3}",0
M4_RF,candidate,44,3,5,4.4C(80%)-4.4C;7C(40%)-3.6C;8C(15%)-3.6C,10.189986104759374,10.899387120837627,"{""max_depth"": 2, ""min_samples_leaf"": 3}",0
M4_RF,candidate,44,4,5,4.8C(80%)-4.8C;5.4C(50%)-3C;5.4C(60%)-3C,17.748443059001488,10.125389279575206,"{""max_depth"": 3, ""min_samples_leaf"": 3}",0
M4_RF,candidate,45,0,6,5.4C(80%)-5.4C;6C(40%)-3C;6C(50%)-3C,14.252704856587242,10.389839162482376,"{""max_depth"": 3, ""min_samples_leaf"": 3}",0
M4_RF,candidate,45,1,5,5.4C(40%)-3.6C;6C(40%)-3.6C;7C(30%)-3.6C,8.054778383767934,11.653993993022576,"{""max_depth"": 3, ""min_samples_leaf"": 3}",0
M4_RF,candidate,45,2,6,4.8C(80%)-4.8C;5.4C(60%)-3C;8C(25%)-3.6C,8.99844664176488,12.110345763786118,"{""max_depth"": 3, ""min_samples_leaf"": 3}",0
M4_RF,candidate,45,3,5,4.4C(80%)-4.4C;5.4C(70%)-3C;8C(15%)-3.6C,13.044949109160639,8.847174696107494,"{""max_depth"": 2, ""min_samples_leaf"": 3}",0
M4_RF,candidate,45,4,5,5.4C(50%)-3C;7C(40%)-3.6C;7C(40%)-3C,8.115238384186343,11.958077987795214,"{""max_depth"": 2, ""min_samples_leaf"": 3}",0
M4_RF,candidate,46,0,6,4.8C(80%)-4.8C;5.4C(80%)-5.4C;7C(40%)-3C,13.163323929881932,10.40178123466911,"{""max_depth"": 3, ""min_samples_leaf"": 3}",0
M4_RF,candidate,46,1,5,4.4C(80%)-4.4C;6C(40%)-3.6C;7C(40%)-3.6C,7.066995922877076,12.406597620093608,"{""max_depth"": 3, ""min_samples_leaf"": 3}",0
M4_RF,candidate,46,2,5,5.4C(40%)-3.6C;6C(50%)-3C;8C(25%)-3.6C,4.793743436496782,14.392536838491447,"{""max_depth"": 3, ""min_samples_leaf"": 3}",0
M4_RF,candidate,46,3,5,5.4C(50%)-3C;5.4C(60%)-3C;7C(30%)-3.6C,19.36596968468723,11.150025267536897,"{""max_depth"": 3, ""min_samples_leaf"": 3}",0
M4_RF,candidate,46,4,6,5.4C(70%)-3C;6C(40%)-3C;8C(15%)-3.6C,10.115318667878432,10.752868090595149,"{""max_depth"": 3, ""min_samples_leaf"": 3}",0
M4_RF,candidate,47,0,5,5.4C(40%)-3.6C;5.4C(60%)-3C;5.4C(70%)-3C,13.153254733670567,9.31896229876244,"{""max_depth"": 3, ""min_samples_leaf"": 3}",0
M4_RF,candidate,47,1,6,4.8C(80%)-4.8C;7C(30%)-3.6C;8C(15%)-3.6C,16.21444026005638,11.414389245091188,"{""max_depth"": 3, ""min_samples_leaf"": 3}",0
M4_RF,candidate,47,2,5,4.4C(80%)-4.4C;6C(50%)-3C;7C(40%)-3C,6.4672049194684,13.693844565189945,"{""max_depth"": 3, ""min_samples_leaf"": 3}",0
M4_RF,candidate,47,3,5,5.4C(50%)-3C;6C(40%)-3C;7C(40%)-3.6C,10.092756237019918,11.557104097811154,"{""max_depth"": 3, ""min_samples_leaf"": 3}",0
M4_RF,candidate,47,4,6,5.4C(80%)-5.4C;6C(40%)-3.6C;8C(25%)-3.6C,10.449133161876368,11.469045236449489,"{""max_depth"": 3, ""min_samples_leaf"": 3}",0
M4_RF,candidate,48,0,6,6C(40%)-3.6C;7C(40%)-3C;8C(15%)-3.6C,5.366859220151372,13.596083808474177,"{""max_depth"": 3, ""min_samples_leaf"": 3}",0
M4_RF,candidate,48,1,6,5.4C(70%)-3C;6C(50%)-3C;7C(40%)-3.6C,6.793780305505609,12.071391229411171,"{""max_depth"": 3, ""min_samples_leaf"": 3}",0
M4_RF,candidate,48,2,5,5.4C(40%)-3.6C;5.4C(80%)-5.4C;6C(40%)-3C,15.790047930559373,9.79481022322896,"{""max_depth"": 3, ""min_samples_leaf"": 3}",0
M4_RF,candidate,48,3,6,5.4C(60%)-3C;7C(30%)-3.6C;8C(25%)-3.6C,10.805228225801471,12.873460333039297,"{""max_depth"": 2, ""min_samples_leaf"": 3}",0
M4_RF,candidate,48,4,4,4.4C(80%)-4.4C;4.8C(80%)-4.8C;5.4C(50%)-3C,11.83153502479045,10.490634067262608,"{""max_depth"": 2, ""min_samples_leaf"": 3}",0
M4_RF,candidate,49,0,4,4.4C(80%)-4.4C;5.4C(50%)-3C;7C(40%)-3C,9.470120638932565,10.554701482306704,"{""max_depth"": 3, ""min_samples_leaf"": 3}",0
M4_RF,candidate,49,1,6,4.8C(80%)-4.8C;6C(40%)-3.6C;8C(25%)-3.6C,6.766642820806264,14.885605055409416,"{""max_depth"": 2, ""min_samples_leaf"": 5}",0
M4_RF,candidate,49,2,5,5.4C(40%)-3.6C;6C(50%)-3C;7C(40%)-3.6C,5.453049754620287,13.159137409490276,"{""max_depth"": 3, ""min_samples_leaf"": 3}",0
M4_RF,candidate,49,3,6,5.4C(60%)-3C;5.4C(70%)-3C;5.4C(80%)-5.4C,15.75637526448509,9.3257156080771,"{""max_depth"": 2, ""min_samples_leaf"": 3}",0
M4_RF,candidate,49,4,6,6C(40%)-3C;7C(30%)-3.6C;8C(15%)-3.6C,9.07005757270748,10.382025925143036,"{""max_depth"": 3, ""min_samples_leaf"": 3}",0
M4_RF,candidate,50,0,6,7C(30%)-3.6C;7C(40%)-3C;8C(15%)-3.6C,7.576306086547987,13.203300155235105,"{""max_depth"": 3, ""min_samples_leaf"": 3}",0
M4_RF,candidate,50,1,4,5.4C(40%)-3.6C;5.4C(50%)-3C;6C(40%)-3C,11.013168944191001,12.095663661154518,"{""max_depth"": 3, ""min_samples_leaf"": 3}",0
M4_RF,candidate,50,2,6,5.4C(70%)-3C;6C(40%)-3.6C;6C(50%)-3C,8.090154399914269,9.840034422481782,"{""max_depth"": 3, ""min_samples_leaf"": 3}",0
M4_RF,candidate,50,3,6,4.8C(80%)-4.8C;5.4C(60%)-3C;5.4C(80%)-5.4C,16.395491362124147,9.218297037758724,"{""max_depth"": 2, ""min_samples_leaf"": 3}",0
M4_RF,candidate,50,4,5,4.4C(80%)-4.4C;7C(40%)-3.6C;8C(25%)-3.6C,6.369221105564252,11.639041195312451,"{""max_depth"": 2, ""min_samples_leaf"": 3}",0
M4_RF,candidate,51,0,4,5.4C(40%)-3.6C;5.4C(50%)-3C;6C(40%)-3C,11.013168944191001,12.095663661154518,"{""max_depth"": 3, ""min_samples_leaf"": 3}",0
M4_RF,candidate,51,1,6,4.8C(80%)-4.8C;5.4C(60%)-3C;6C(40%)-3.6C,11.845770003991996,13.462788775430527,"{""max_depth"": 2, ""min_samples_leaf"": 5}",0
M4_RF,candidate,51,2,6,5.4C(80%)-5.4C;7C(30%)-3.6C;7C(40%)-3.6C,16.722576480849646,9.58791690568365,"{""max_depth"": 3, ""min_samples_leaf"": 3}",0
M4_RF,candidate,51,3,5,4.4C(80%)-4.4C;7C(40%)-3C;8C(15%)-3.6C,9.848605542836438,10.736027398449366,"{""max_depth"": 3, ""min_samples_leaf"": 3}",0
M4_RF,candidate,51,4,6,5.4C(70%)-3C;6C(50%)-3C;8C(25%)-3.6C,7.180575559174779,13.377303528466324,"{""max_depth"": 3, ""min_samples_leaf"": 3}",0
M4_RF,candidate,52,0,6,4.8C(80%)-4.8C;5.4C(60%)-3C;6C(40%)-3C,12.163613863007534,13.119674635144246,"{""max_depth"": 3, ""min_samples_leaf"": 3}",0
M4_RF,candidate,52,1,5,5.4C(50%)-3C;6C(50%)-3C;7C(30%)-3.6C,10.057539042159352,10.415017297405077,"{""max_depth"": 3, ""min_samples_leaf"": 3}",0
M4_RF,candidate,52,2,4,4.4C(80%)-4.4C;5.4C(40%)-3.6C;8C(25%)-3.6C,9.579558809098163,10.661208496869538,"{""max_depth"": 3, ""min_samples_leaf"": 3}",0
M4_RF,candidate,52,3,6,5.4C(80%)-5.4C;6C(40%)-3.6C;8C(15%)-3.6C,12.094693604911722,10.465564029020886,"{""max_depth"": 3, ""min_samples_leaf"": 3}",0
M4_RF,candidate,52,4,6,5.4C(70%)-3C;7C(40%)-3.6C;7C(40%)-3C,7.192048751928498,11.90254406322896,"{""max_depth"": 3, ""min_samples_leaf"": 3}",0
M4_RF,candidate,53,0,5,5.4C(50%)-3C;6C(40%)-3.6C;7C(40%)-3.6C,8.046926675352298,12.4073435355294,"{""max_depth"": 2, ""min_samples_leaf"": 3}",0
M4_RF,candidate,53,1,6,4.8C(80%)-4.8C;7C(30%)-3.6C;8C(25%)-3.6C,13.83488148074479,13.153718606234758,"{""max_depth"": 3, ""min_samples_leaf"": 3}",0
M4_RF,candidate,53,2,4,4.4C(80%)-4.4C;5.4C(40%)-3.6C;6C(40%)-3C,15.924878176736252,11.946338788739922,"{""max_depth"": 3, ""min_samples_leaf"": 3}",0
M4_RF,candidate,53,3,6,5.4C(60%)-3C;5.4C(80%)-5.4C;7C(40%)-3C,14.729765346117393,9.513041926381696,"{""max_depth"": 2, ""min_samples_leaf"": 3}",0
M4_RF,candidate,53,4,6,5.4C(70%)-3C;6C(50%)-3C;8C(15%)-3.6C,7.729106939912729,11.377790187222057,"{""max_depth"": 3, ""min_samples_leaf"": 3}",0
M4_RF,candidate,54,0,5,5.4C(50%)-3C;8C(15%)-3.6C;8C(25%)-3.6C,7.05575480417415,11.04594999013586,"{""max_depth"": 2, ""min_samples_leaf"": 3}",0
M4_RF,candidate,54,1,6,5.4C(60%)-3C;5.4C(80%)-5.4C;7C(30%)-3.6C,17.448149744196293,8.497330761630709,"{""max_depth"": 2, ""min_samples_leaf"": 3}",0
M4_RF,candidate,54,2,6,6C(50%)-3C;7C(40%)-3.6C;7C(40%)-3C,4.715873029956389,12.910762115812386,"{""max_depth"": 3, ""min_samples_leaf"": 3}",0
M4_RF,candidate,54,3,5,4.4C(80%)-4.4C;4.8C(80%)-4.8C;6C(40%)-3C,13.237095299527047,12.456422550611524,"{""max_depth"": 3, ""min_samples_leaf"": 3}",0
M4_RF,candidate,54,4,5,5.4C(40%)-3.6C;5.4C(70%)-3C;6C(40%)-3.6C,8.73684527237757,13.33213504468906,"{""max_depth"": 3, ""min_samples_leaf"": 3}",0
M4_RF,candidate,55,0,6,5.4C(60%)-3C;5.4C(80%)-5.4C;7C(40%)-3.6C,19.19678374871428,8.743685389355754,"{""max_depth"": 2, ""min_samples_leaf"": 3}",0
M4_RF,candidate,55,1,4,4.4C(80%)-4.4C;5.4C(40%)-3.6C;6C(50%)-3C,11.80584697882485,13.745629000919,"{""max_depth"": 2, ""min_samples_leaf"": 5}",0
M4_RF,candidate,55,2,5,4.8C(80%)-4.8C;5.4C(50%)-3C;8C(25%)-3.6C,9.411114424852943,12.01386703474682,"{""max_depth"": 2, ""min_samples_leaf"": 3}",0
M4_RF,candidate,55,3,6,5.4C(70%)-3C;6C(40%)-3C;7C(40%)-3C,9.030981411511824,12.414835166785368,"{""max_depth"": 3, ""min_samples_leaf"": 3}",0
M4_RF,candidate,55,4,6,6C(40%)-3.6C;7C(30%)-3.6C;8C(15%)-3.6C,7.874131986094285,10.90781081250722,"{""max_depth"": 3, ""min_samples_leaf"": 3}",0
M4_RF,candidate,56,0,6,6C(40%)-3C;7C(40%)-3C;8C(25%)-3.6C,5.253138618388456,14.636387408205886,"{""max_depth"": 3, ""min_samples_leaf"": 3}",0
M4_RF,candidate,56,1,5,4.8C(80%)-4.8C;5.4C(50%)-3C;7C(40%)-3.6C,10.14641156516383,11.702196859674444,"{""max_depth"": 2, ""min_samples_leaf"": 3}",0
M4_RF,candidate,56,2,6,5.4C(80%)-5.4C;6C(40%)-3.6C;8C(15%)-3.6C,12.094693604911722,10.465564029020886,"{""max_depth"": 3, ""min_samples_leaf"": 3}",0
M4_RF,candidate,56,3,5,5.4C(40%)-3.6C;6C(50%)-3C;7C(30%)-3.6C,7.306676786103698,10.999586835308083,"{""max_depth"": 3, ""min_samples_leaf"": 3}",0
M4_RF,candidate,56,4,5,4.4C(80%)-4.4C;5.4C(60%)-3C;5.4C(70%)-3C,13.20813513549674,8.681064287534966,"{""max_depth"": 2, ""min_samples_leaf"": 3}",0
M4_RF,candidate,57,0,6,5.4C(60%)-3C;7C(30%)-3.6C;7C(40%)-3C,11.16620105058319,12.514336706629813,"{""max_depth"": 3, ""min_samples_leaf"": 3}",0
M4_RF,candidate,57,1,4,4.4C(80%)-4.4C;5.4C(50%)-3C;8C(15%)-3.6C,12.318152393446075,9.855504023803359,"{""max_depth"": 2, ""min_samples_leaf"": 3}",0
M4_RF,candidate,57,2,6,4.8C(80%)-4.8C;6C(40%)-3.6C;6C(50%)-3C,15.913835144921753,11.518420373394552,"{""max_depth"": 3, ""min_samples_leaf"": 3}",0
M4_RF,candidate,57,3,5,5.4C(40%)-3.6C;6C(40%)-3C;7C(40%)-3.6C,8.123689516014457,11.923221244680196,"{""max_depth"": 3, ""min_samples_leaf"": 3}",0
M4_RF,candidate,57,4,6,5.4C(70%)-3C;5.4C(80%)-5.4C;8C(25%)-3.6C,11.480634508885155,10.00297647105338,"{""max_depth"": 2, ""min_samples_leaf"": 3}",0
M4_RF,candidate,58,0,6,5.4C(80%)-5.4C;6C(40%)-3C;7C(40%)-3.6C,18.53102320228636,9.220103377437209,"{""max_depth"": 3, ""min_samples_leaf"": 3}",0
M4_RF,candidate,58,1,5,5.4C(40%)-3.6C;7C(30%)-3.6C;8C(15%)-3.6C,13.284593867174873,11.24690793322576,"{""max_depth"": 3, ""min_samples_leaf"": 3}",0
M4_RF,candidate,58,2,6,4.8C(80%)-4.8C;5.4C(60%)-3C;7C(40%)-3C,9.371638105200525,11.714769175299265,"{""max_depth"": 3, ""min_samples_leaf"": 3}",0
M4_RF,candidate,58,3,6,5.4C(70%)-3C;6C(50%)-3C;8C(25%)-3.6C,7.180575559174779,13.377303528466324,"{""max_depth"": 3, ""min_samples_leaf"": 3}",0
M4_RF,candidate,58,4,4,4.4C(80%)-4.4C;5.4C(50%)-3C;6C(40%)-3.6C,9.85658275544292,11.455194097076088,"{""max_depth"": 3, ""min_samples_leaf"": 3}",0
M4_RF,candidate,59,0,5,5.4C(40%)-3.6C;7C(30%)-3.6C;8C(25%)-3.6C,7.392299381026708,13.06712872036597,"{""max_depth"": 3, ""min_samples_leaf"": 3}",0
M4_RF,candidate,59,1,6,5.4C(60%)-3C;5.4C(80%)-5.4C;6C(40%)-3C,17.380357824725216,9.839280004630474,"{""max_depth"": 2, ""min_samples_leaf"": 3}",0
M4_RF,candidate,59,2,4,4.4C(80%)-4.4C;5.4C(50%)-3C;8C(15%)-3.6C,12.318152393446075,9.855504023803359,"{""max_depth"": 2, ""min_samples_leaf"": 3}",0
M4_RF,candidate,59,3,6,5.4C(70%)-3C;6C(50%)-3C;7C(40%)-3.6C,6.793780305505609,12.071391229411171,"{""max_depth"": 3, ""min_samples_leaf"": 3}",0
M4_RF,candidate,59,4,6,4.8C(80%)-4.8C;6C(40%)-3.6C;7C(40%)-3C,7.068550860687719,15.440330545847795,"{""max_depth"": 2, ""min_samples_leaf"": 5}",0
M4_RF,candidate,60,0,6,5.4C(70%)-3C;7C(40%)-3.6C;7C(40%)-3C,7.192048751928498,11.90254406322896,"{""max_depth"": 3, ""min_samples_leaf"": 3}",0
M4_RF,candidate,60,1,5,4.4C(80%)-4.4C;5.4C(60%)-3C;6C(40%)-3.6C,9.90757611123918,12.624460990221335,"{""max_depth"": 3, ""min_samples_leaf"": 3}",0
M4_RF,candidate,60,2,5,5.4C(40%)-3.6C;6C(50%)-3C;8C(25%)-3.6C,4.793743436496782,14.392536838491447,"{""max_depth"": 3, ""min_samples_leaf"": 3}",0
M4_RF,candidate,60,3,5,5.4C(50%)-3C;6C(40%)-3C;7C(30%)-3.6C,11.88964962675382,10.454640022669114,"{""max_depth"": 2, ""min_samples_leaf"": 3}",0
M4_RF,candidate,60,4,6,4.8C(80%)-4.8C;5.4C(80%)-5.4C;8C(15%)-3.6C,16.33276023122636,10.421310360129024,"{""max_depth"": 2, ""min_samples_leaf"": 5}",0
M4_RF,candidate,61,0,6,6C(50%)-3C;7C(30%)-3.6C;7C(40%)-3.6C,5.176402550521499,11.365760169618705,"{""max_depth"": 3, ""min_samples_leaf"": 3}",0
M4_RF,candidate,61,1,6,5.4C(60%)-3C;5.4C(80%)-5.4C;8C(25%)-3.6C,14.550716688603401,9.74992911016178,"{""max_depth"": 2, ""min_samples_leaf"": 3}",0
M4_RF,candidate,61,2,6,5.4C(70%)-3C;6C(40%)-3.6C;6C(40%)-3C,8.840030908779278,11.025909385389356,"{""max_depth"": 3, ""min_samples_leaf"": 3}",0
M4_RF,candidate,61,3,5,4.4C(80%)-4.4C;4.8C(80%)-4.8C;7C(40%)-3C,9.199610505017603,11.602246789482399,"{""max_depth"": 3, ""min_samples_leaf"": 3}",0
M4_RF,candidate,61,4,4,5.4C(40%)-3.6C;5.4C(50%)-3C;8C(15%)-3.6C,12.331833886409168,9.881911690615773,"{""max_depth"": 3, ""min_samples_leaf"": 3}",0
